# ************************************************************
# Sequel Pro SQL dump
# Version 4499
#
# http://www.sequelpro.com/
# https://github.com/sequelpro/sequelpro
#
# Host: 68.178.143.7 (MySQL 5.5.43-37.2-log)
# Database: pickems
# Generation Time: 2016-05-30 16:39:15 +0000
# ************************************************************


/*!40101 SET @OLD_CHARACTER_SET_CLIENT=@@CHARACTER_SET_CLIENT */;
/*!40101 SET @OLD_CHARACTER_SET_RESULTS=@@CHARACTER_SET_RESULTS */;
/*!40101 SET @OLD_COLLATION_CONNECTION=@@COLLATION_CONNECTION */;
/*!40101 SET NAMES utf8 */;
/*!40014 SET @OLD_FOREIGN_KEY_CHECKS=@@FOREIGN_KEY_CHECKS, FOREIGN_KEY_CHECKS=0 */;
/*!40101 SET @OLD_SQL_MODE=@@SQL_MODE, SQL_MODE='NO_AUTO_VALUE_ON_ZERO' */;
/*!40111 SET @OLD_SQL_NOTES=@@SQL_NOTES, SQL_NOTES=0 */;


# Dump of table ActiveUser
# ------------------------------------------------------------

DROP TABLE IF EXISTS `ActiveUser`;

CREATE TABLE `ActiveUser` (
  `id` smallint(4) unsigned NOT NULL AUTO_INCREMENT,
  `userId` smallint(4) unsigned NOT NULL,
  `hasPaid` tinyint(2) unsigned NOT NULL DEFAULT '0',
  `createdOn` datetime DEFAULT NULL,
  `updatedOn` timestamp NULL DEFAULT NULL ON UPDATE CURRENT_TIMESTAMP,
  PRIMARY KEY (`id`),
  KEY `fk_active_user_user_id` (`userId`),
  CONSTRAINT `fk_active_user_user_id` FOREIGN KEY (`userId`) REFERENCES `User` (`id`) ON DELETE NO ACTION ON UPDATE NO ACTION
) ENGINE=InnoDB DEFAULT CHARSET=utf8;

LOCK TABLES `ActiveUser` WRITE;
/*!40000 ALTER TABLE `ActiveUser` DISABLE KEYS */;

INSERT INTO `ActiveUser` (`id`, `userId`, `hasPaid`, `createdOn`, `updatedOn`)
VALUES
	(1,1,1,'2016-02-11 16:04:40','2016-02-11 16:04:40'),
	(2,7,1,'2016-02-12 19:45:05','2016-02-21 15:41:30'),
	(3,35,1,'2016-02-12 20:13:00','2016-02-12 20:13:00'),
	(4,16,1,'2016-02-16 19:59:09','2016-02-18 16:54:56'),
	(5,59,1,'2016-02-17 23:02:23','2016-02-17 23:02:23'),
	(6,72,1,'2016-02-18 19:47:14','2016-02-18 19:47:14'),
	(7,11,1,'2016-02-19 14:29:57','2016-02-19 14:29:57'),
	(8,3,1,'2016-02-19 21:28:51','2016-02-19 21:28:51'),
	(9,39,1,'2016-02-19 22:01:17','2016-02-19 22:01:17'),
	(10,44,1,'2016-02-19 23:12:05','2016-02-19 23:12:05'),
	(11,30,1,'2016-02-20 10:57:12','2016-02-20 10:57:12'),
	(12,55,1,'2016-02-20 11:10:53','2016-02-20 11:10:53'),
	(13,6,1,'2016-02-20 11:15:00','2016-02-20 11:15:00'),
	(14,60,1,'2016-02-20 11:19:09','2016-02-20 11:19:09'),
	(15,82,1,'2016-02-20 11:33:29','2016-02-20 11:33:29'),
	(16,83,1,'2016-02-20 11:35:59','2016-02-20 11:35:59'),
	(17,79,1,'2016-02-20 11:38:43','2016-02-20 11:38:43'),
	(18,46,1,'2016-02-20 14:57:55','2016-02-20 14:57:55'),
	(19,38,1,'2016-02-20 17:14:54','2016-02-20 17:14:54'),
	(20,24,1,'2016-02-20 22:37:25','2016-02-20 22:37:25');

/*!40000 ALTER TABLE `ActiveUser` ENABLE KEYS */;
UNLOCK TABLES;


# Dump of table Event
# ------------------------------------------------------------

DROP TABLE IF EXISTS `Event`;

CREATE TABLE `Event` (
  `id` smallint(4) unsigned NOT NULL AUTO_INCREMENT,
  `name` varchar(255) NOT NULL,
  `date` datetime DEFAULT NULL,
  `location` varchar(255) DEFAULT NULL,
  `status` tinyint(1) unsigned DEFAULT '0',
  `round` smallint(4) unsigned DEFAULT '1',
  `sendReminder` tinyint(1) unsigned DEFAULT '0',
  `simpleTime` varchar(10) DEFAULT NULL,
  PRIMARY KEY (`id`)
) ENGINE=InnoDB DEFAULT CHARSET=latin1;

LOCK TABLES `Event` WRITE;
/*!40000 ALTER TABLE `Event` DISABLE KEYS */;

INSERT INTO `Event` (`id`, `name`, `date`, `location`, `status`, `round`, `sendReminder`, `simpleTime`)
VALUES
	(1,'UFC 180: Werdum vs Hunt','2014-11-15 00:00:00','Mexico City, Mexico',0,10,0,NULL),
	(2,'UFN 57: Edgar vs Swanson','2014-11-22 00:00:00','Austin, TX',0,10,0,NULL),
	(3,'UFC 181: Hendricks vs Lawler','2014-12-06 00:00:00','Las Vegas, NV',0,10,0,NULL),
	(4,'UFN 57: Dos Santos vs Miocic','2014-12-13 00:00:00','Phoenix, Arizona',0,10,0,NULL),
	(5,'UFN 58: Machida vs Dollaway','2014-12-20 00:00:00','Barueri, Brazil',0,10,0,NULL),
	(6,'UFC 182: Jones vs Cormier','2015-01-03 00:00:00','Las Vegas, NV',0,10,0,NULL),
	(7,'UFN: McGregor vs Siver','2015-01-18 00:00:00','Boston, Massachusetts',0,10,0,NULL),
	(9,'UFC on Fox: Gustafsson vs Johnson','2015-01-24 00:00:00','Stockholm, Sweden',0,10,0,NULL),
	(10,'UFC 183: Silva vs Diaz','2015-01-31 00:00:00','Las Vegas, Nevada',0,10,0,NULL),
	(11,'UFN: Henderson vs Thatch','2015-02-14 00:00:00','Broomfield, Colorado',0,10,0,NULL),
	(12,'UFN: Bigfoot vs Mir','2015-02-22 00:00:00','Porto Alegre, Brazil',0,11,0,NULL),
	(13,'UFC 184: Rousey vs Zingano','2015-02-28 00:00:00','Los Angeles, California',0,11,0,NULL),
	(14,'UFC 185: Pettis vs dos Anjos','2015-03-14 00:00:00','Dallas, Texas',0,11,0,NULL),
	(15,'UFN: Maia vs LaFlare','2015-03-21 00:00:00','Rio de Janeiro, Brazil',0,11,0,NULL),
	(16,'UFN: Mendes vs Lamas','2015-04-04 00:00:00','Fairfax, Virginia',0,11,0,NULL),
	(17,'UFN: Gonzaga vs Cro Cop 2','2015-04-11 00:00:00','Kraków, Poland',0,11,0,NULL),
	(18,'UFC on Fox: Machida vs Rockhold','2015-04-18 00:00:00','Newark, New Jersey',0,11,0,NULL),
	(19,'UFC 186: Johnson vs Horiguchi','2015-04-25 00:00:00','Montreal, Quebec, Canada',0,11,0,NULL),
	(20,'UFN: Miocic vs Hunt','2015-05-10 00:00:00','Adelaide, Australia',0,11,0,NULL),
	(21,'UFN: Edgar vs Faber','2015-05-16 00:00:00','Pasay, Philippines',0,11,0,NULL),
	(22,'UFC 187: Johnson vs Cormier','2015-05-23 00:00:00','Las Vegas, Nevada',0,12,0,'7pm'),
	(23,'UFN: Condit vs Alves','2015-05-30 00:00:00','Goiânia, Brazil',0,12,0,'7pm'),
	(24,'UFN: Boetsch vs Henderson','2015-06-06 00:00:00','New Orleans, Louisiana',0,12,0,'7pm'),
	(25,'UFC 188: Velasquez vs Werdum','2015-06-13 00:00:00','Mexico City, Mexico',0,12,0,'7pm'),
	(26,'UFC Fight Night: Jedrzejczyk vs. Penne','2015-06-20 00:00:00','Berlin, Germany',0,12,0,'12pm'),
	(27,'UFN: Machida vs Romero','2015-06-27 00:00:00','Hollywood, Florida',0,12,0,'7pm'),
	(28,'UFC 189: Mendes vs McGregor','2015-07-11 00:00:00','Las Vegas, Nevada',0,12,0,'7pm'),
	(29,'The Ultimate Fighter: American Top Team vs Blackzilians','2015-07-12 00:00:00','Las Vegas, Nevada',0,12,0,'6pm'),
	(30,'UFN: Mir vs Duffee','2015-07-15 00:00:00','San Diego, California',0,12,0,'7pm'),
	(31,'UFN: Bisping vs Leites','2015-07-18 00:00:00','Glasgow, Scotland',0,12,0,'10am'),
	(32,'UFC on Fox: Dillashaw vs Barão 2','2015-07-25 00:00:00','Chicago, Illinois',0,13,0,'5pm'),
	(33,'UFC 190: Rousey vs Correia','2015-08-01 00:00:00','Rio de Janeiro, Brazil',0,13,0,'7pm'),
	(34,'UFC Fight Night: Teixeira vs. Saint Preux','2015-08-08 00:00:00','Nashville, Tennessee',0,13,0,'7pm'),
	(35,'UFN: Holloway vs Oliveira','2015-08-23 00:00:00','Saskatoon, Saskatchewan, Canada',0,13,0,''),
	(36,'UFC 191: Johnson vs Dodson 2','2015-09-05 00:00:00','Las Vegas, Nevada',0,13,0,'7pm'),
	(37,'UFN 75: Barnett vs Nelson','2015-09-27 00:00:00','Saitama, Japan',0,13,0,'7pm'),
	(38,'UFC 192: Cormier vs Gustafsson','2015-10-03 00:00:00','Houston, Texas',0,13,0,'7pm'),
	(39,'UFN 76: Holohan vs. Smolka','2015-10-24 00:00:00','Dublin, Ireland',0,13,0,'1pm'),
	(40,'UFN: Belfort vs Henderson 3','2015-11-07 00:00:00','São Paulo, Brazil',0,13,0,'7pm'),
	(41,'UFC 193: Rousey vs Holm','2015-11-14 00:00:00','Melbourne, Australia',0,13,0,'7pm'),
	(42,'The Ultimate Fighter: Latin America 2','2015-11-21 00:00:00','Monterrey, Mexico',0,14,0,'7pm'),
	(43,'UFN: Henderson vs Masvidal','2015-11-28 00:00:00','Seoul, South Korea',0,14,0,'5am'),
	(44,'UFN 80: Namajunas vs VanZant','2015-12-10 00:00:00','Las Vegas, Nevada',0,14,0,'7pm'),
	(45,'The Ultimate Fighter: Team McGregor vs Team Faber','2015-12-11 00:00:00','Las Vegas, Nevada',0,14,0,'7pm'),
	(46,'UFC 194: Aldo vs McGregor','2015-12-12 00:00:00','Las Vegas, Nevada',0,14,0,'7pm'),
	(47,'UFC on Fox (17): Dos Anjos vs Cerrone 2','2015-12-19 00:00:00','Orlando, Florida',0,14,0,'5pm'),
	(48,'UFC 195: Lawler vs Condit','2016-01-02 00:00:00','Las Vegas, Nevada',0,14,0,'7pm'),
	(49,'UFN 81: Dillashaw vs Cruz','2016-01-17 00:00:00','Boston, Massachusetts',0,14,0,'7pm'),
	(50,'UFC on Fox: Johnson vs Bader','2016-01-30 00:00:00','Newark, New Jersey',0,14,0,'5pm'),
	(51,'UFN: Hendricks vs Thompson','2016-02-06 00:00:00','Las Vegas, Nevada',0,14,0,'7pm'),
	(52,'UFN 83: Cowboy vs Cowboy','2016-02-21 00:00:00','Pittsburgh, Pennsylvania',0,15,0,'6pm'),
	(53,'UFN: Silva vs Bisping','2016-02-27 00:00:00','London, United Kingdom',0,15,0,'1pm'),
	(54,'UFC 196: McGregor vs Diaz','2016-03-05 00:00:00','Las Vegas, Nevada',0,15,0,'7pm'),
	(55,'UFN: Hunt vs Mir','2016-03-20 00:00:00','Brisbane, Australia',0,15,0,''),
	(56,'UFN: Rothwell vs dos Santos','2016-04-10 00:00:00','Zagreb, Croatia',0,15,0,'11am'),
	(57,'UFC on Fox: Teixeira vs Evans','2016-04-16 00:00:00','Tampa, Florida',0,15,0,'5pm'),
	(58,'UFC 197: Jones vs Saint Preux','2016-04-23 00:00:00','Las Vegas, Nevada',0,15,0,'7pm'),
	(59,'UFN: Overeem vs Arlovski','2016-05-08 00:00:00','Rotterdam, Netherlands',0,15,0,'11am'),
	(60,'UFC 198: Werdum vs Miocic','2016-05-14 00:00:00','Curitiba, Brazil',0,15,0,'7pm'),
	(61,'UFN: Almeida vs Garbrandt','2016-05-29 00:00:00','Las Vegas, Nevada',0,15,0,'');

/*!40000 ALTER TABLE `Event` ENABLE KEYS */;
UNLOCK TABLES;


# Dump of table Fighter
# ------------------------------------------------------------

DROP TABLE IF EXISTS `Fighter`;

CREATE TABLE `Fighter` (
  `id` smallint(4) unsigned NOT NULL AUTO_INCREMENT,
  `firstName` varchar(255) NOT NULL,
  `lastName` varchar(255) NOT NULL,
  PRIMARY KEY (`id`)
) ENGINE=InnoDB DEFAULT CHARSET=latin1;

LOCK TABLES `Fighter` WRITE;
/*!40000 ALTER TABLE `Fighter` DISABLE KEYS */;

INSERT INTO `Fighter` (`id`, `firstName`, `lastName`)
VALUES
	(1,'Johny','Hendricks'),
	(2,'Robbie','Lawler'),
	(3,'Carlos','Condit'),
	(4,'Tyron','Woodley'),
	(5,'Diego','Sanchez'),
	(6,'Myles','Jury'),
	(7,'Jake','Shields'),
	(8,'Hector','Lombard'),
	(9,'Ovince','Saint Preux'),
	(10,'Nikita','Krylov'),
	(11,'Mauricio','Rua'),
	(12,'Dan','Henderson'),
	(13,'Cezar','Ferreira'),
	(14,'CB','Dollaway'),
	(15,'Leonardo','Santos'),
	(16,'Norman','Parke'),
	(17,'Fabio','Maldonado'),
	(18,'Gian','Villante'),
	(19,'Michel','Prazeres'),
	(20,'Mairbek','Taisumov'),
	(21,'Rony','Jason'),
	(22,'Steven','Siler'),
	(36,'Roy','Nelson'),
	(37,'Clay','Guida'),
	(38,'Tatsuya','Kawajiri'),
	(39,'John','Howard'),
	(40,'Ryan','LaFlare'),
	(41,'Ramsey','Nijem'),
	(42,'Beneil','Dariush'),
	(43,'Alexander','Gustafsson'),
	(44,'Jimi','Manuwa'),
	(45,'Michael','Johnson'),
	(46,'Brad','Pickett'),
	(47,'Neil','Seery'),
	(48,'Gunnar','Nelson'),
	(49,'Omari','Akhmedov'),
	(50,'Melvin','Guillard'),
	(51,'Fabricio','Werdum'),
	(52,'Travis','Browne'),
	(53,'Miesha','Tate'),
	(54,'Liz','Carmouche'),
	(55,'Donald','Cerrone'),
	(56,'Edson','Barboza'),
	(57,'Yoel','Romero'),
	(58,'Brad','Tavares'),
	(59,'Jon','Jones'),
	(60,'Glover','Teixeira'),
	(61,'Phil','Davis'),
	(62,'Anthony','Johnson'),
	(63,'Luke','Rockhold'),
	(64,'Tim','Boetsch'),
	(65,'Jim','Miller'),
	(66,'Bobby','Green'),
	(67,'Max','Holloway'),
	(68,'Andre','Fili'),
	(69,'Yancy','Medeiros'),
	(70,'Matt','Brown'),
	(71,'Erick','Silva'),
	(72,'Constantinos','Philippou'),
	(73,'Lorenz','Larkin'),
	(74,'Erik','Koch'),
	(75,'Neil','Magny'),
	(76,'Soa','Palelei'),
	(77,'Ruan','Potts'),
	(78,'Chris','Cariaso'),
	(79,'Louis','Smolka'),
	(80,'Daron','Cruickshank'),
	(81,'Tim','Means'),
	(82,'Renan','Barao'),
	(83,'TJ','Dillashaw'),
	(84,'Daniel','Cormier'),
	(85,'Jake','Ellenberger'),
	(86,'Takeya','Mizugaki'),
	(87,'Francisco','Rivera'),
	(88,'Jamie','Varner'),
	(89,'James','Krause'),
	(90,'Mark','Munoz'),
	(91,'Gegard','Mousasi'),
	(92,'Francis','Carmont'),
	(93,'Luke','Barnatt'),
	(94,'Sean','Strickland'),
	(95,'Tom','Niinimaki'),
	(96,'Niklas','Backstrom'),
	(97,'Benson','Henderson'),
	(98,'Rustam','Khabilov'),
	(99,'Ross','Pearson'),
	(100,'John','Dodson'),
	(101,'Erik','Perez'),
	(102,'John','Moraga'),
	(103,'Bryan','Caraway'),
	(104,'Yves','Edwards'),
	(105,'Rafael ','dos Anjos'),
	(106,'Jason','High'),
	(107,'Piotr','Hallmann'),
	(108,'Demetrious','Johnson'),
	(109,'Ali','Bagautinov'),
	(110,'Rory','MacDonald'),
	(111,'Ryan','Bader'),
	(112,'Rafael','Cavalcante'),
	(113,'Andrei','Arlovski'),
	(114,'Brendan','Schaub'),
	(116,'Ryan','Jimmo'),
	(117,'James','Te-Huna'),
	(118,'Nate','Marquardt'),
	(119,'Jared','Rosholt'),
	(120,'Hatsu','Hioki'),
	(121,'Charles','Oliveira'),
	(122,'Robert','Whittaker'),
	(123,'Mike','Rhodes'),
	(124,'Cub','Swanson'),
	(125,'Jeremy','Stephens'),
	(126,'Kelvin','Gastelum'),
	(127,'Nicholas','Musoke'),
	(128,'Andrew','Craig'),
	(129,'Ricardo','Lamas'),
	(130,'Hacran','Dias'),
	(131,'Clint','Hester'),
	(132,'Antonio','Neto'),
	(133,'Joe','Ellenberger'),
	(134,'James','Moontasri'),
	(135,'Chris','Weidman'),
	(136,'Lyoto','Machida'),
	(137,'Ronda','Rousey'),
	(138,'Alexis','Davis'),
	(139,'Stefan','Struve'),
	(140,'Matt','Mitrione'),
	(141,'Uriah','Hall'),
	(142,'Thiago','Santos'),
	(143,'Marcus','Brimage'),
	(144,'Russell','Doane'),
	(145,'Evan','Dunham'),
	(146,'Rick','Story'),
	(147,'Leonardo','Mafra'),
	(148,'Justin','Salas'),
	(149,'Joe','Proctor'),
	(150,'John','Lineker'),
	(151,'Alptekin','Ozkilic'),
	(152,'Lucas','Martins'),
	(153,'Alex','White'),
	(154,'Conor','McGregor'),
	(155,'Diego','Brandao'),
	(156,'Zak','Cummings'),
	(157,'Ian','McCall'),
	(158,'Naoyuki','Kotani'),
	(160,'Dennis','Bermudez'),
	(161,'Josh','Thomson'),
	(162,'Abel','Trujillo'),
	(163,'Gray','Maynard'),
	(164,'Fabricio','Camoes'),
	(165,'Shawn','Jordan'),
	(166,'Thiago','Tavares'),
	(167,'Robert','Peralta'),
	(168,'Jussier','Formiga'),
	(169,'Zach','Makovsky'),
	(170,'Sara','McMann'),
	(171,'Lauren','Murphy'),
	(172,'Seth','Baczynski'),
	(173,'Tom','Watson'),
	(174,'Sam','Alvey'),
	(175,'Alan','Jouban'),
	(176,'Jack','May'),
	(177,'Michael','Bisping'),
	(178,'Cung','Le'),
	(179,'Dong-Hyun','Kim'),
	(180,'Zhang','Lipeng'),
	(181,'Brendan','O\'Reilly'),
	(182,'Ning','Guangyou'),
	(183,'Jianping','Yang'),
	(184,'Mike','Pyle'),
	(185,'Jordan','Mein'),
	(186,'Thales','Leites'),
	(187,'Clay','Collard'),
	(188,'James','Vick'),
	(189,'Valmir','Lazaro'),
	(190,'Chas','Skelly'),
	(191,'Tony','Ferguson'),
	(192,'Danny','Castillo'),
	(193,'Bethe','Correia'),
	(194,'Shayna','Baszler'),
	(195,'Carlos Diego','Ferreira'),
	(196,'Damon','Jackson'),
	(197,'Joe','Soto'),
	(198,'Ronaldo','Souza'),
	(199,'Alistair','Overeem'),
	(200,'Ben','Rothwell'),
	(201,'Derrick','Lewis'),
	(202,'Joe','Lauzon'),
	(203,'Michael','Chiesa'),
	(204,'Nik','Lentz'),
	(205,'Justin','Scoggins'),
	(206,'Antonio','Silva'),
	(207,'Gleison','Tibau'),
	(208,'Efrain','Escudero'),
	(209,'Santiago','Ponzinibbio'),
	(210,'Wendell','Oliveira'),
	(211,'Iuri','Alcantara'),
	(212,'Jessica','Andrade'),
	(213,'Larissa','Pacheco'),
	(214,'Mark','Hunt'),
	(215,'Takanori','Gomi'),
	(216,'Yoshihiro','Akiyama'),
	(217,'Amir','Sadollah'),
	(218,'Rin','Nakai'),
	(219,'Kiichi','Kunimoto'),
	(220,'Richard','Walsh'),
	(221,'Kyoji','Horiguchi'),
	(222,'Jon-Delos','Reyes'),
	(223,'Eddie','Alvarez'),
	(224,'Dustin','Poirier'),
	(225,'Tim','Kennedy'),
	(226,'Cat','Zingano'),
	(227,'Amanda','Nunes'),
	(228,'Akira','Corassani'),
	(229,'Ilir','Latifi'),
	(230,'Jan','Blachowicz'),
	(231,'Mike','Wilkinson'),
	(232,'Tarec','Saffiedine'),
	(233,'Raphael','Assuncao'),
	(234,'Chad','Laprise'),
	(235,'Yosdenis','Cedeno'),
	(236,'Elias','Theodorou'),
	(237,'Bruno','Santos'),
	(238,'Nordine','Taleb'),
	(239,'Li','Jingliang'),
	(240,'Mitch','Gagnon'),
	(241,'Roman','Salazar'),
	(242,'Jose','Aldo'),
	(243,'Chad','Mendes'),
	(244,'Hans','Stringer'),
	(245,'Darren','Elkins'),
	(246,'Warlley','Alves'),
	(247,'Claudio','Silva'),
	(248,'Leon','Edwards'),
	(249,'Juliana','Lima'),
	(250,'Nina','Ansaroff'),
	(251,'Al','Iaquinta'),
	(252,'Walt','Harris'),
	(253,'Augusto','Montano'),
	(254,'Chris','Heatherly'),
	(255,'Edgar','Garcia'),
	(256,'Hector','Urbina'),
	(257,'Frankie','Edgar'),
	(258,'Chico','Camus'),
	(259,'Oleksiy','Oliynyk'),
	(260,'Joseph','Benavidez'),
	(261,'Dustin','Ortiz'),
	(262,'Matt','Wiman'),
	(263,'Isaac','Vallie-Flagg'),
	(264,'Anthony','Pettis'),
	(265,'Gilbert','Melendez'),
	(266,'Todd','Duffee'),
	(267,'Anthony','Hamilton'),
	(268,'Junior','Dos-Santos'),
	(269,'Stipe','Miocic'),
	(270,'Nate','Diaz'),
	(271,'Gabriel','Gonzaga'),
	(272,'Antonio','Junior'),
	(273,'Patrick','Cummins'),
	(274,'Elias','Silverio'),
	(275,'Rashid','Magomedov'),
	(276,'Daniel','Sarafian'),
	(277,'Antonio','Dos Santos'),
	(278,'Louis','Gaudinot'),
	(279,'Josh','Burkman'),
	(280,'Rodrigo','Damm'),
	(281,'Mats','Nilsson'),
	(282,'Anderson','Silva'),
	(283,'Nick','Diaz'),
	(284,'Thiago','de Lima'),
	(285,'Ildemar','Alcântara'),
	(286,'Thiago','Alves'),
	(287,'Jimy','Hettes'),
	(288,'Rafael','Natal'),
	(289,'Vitor','Belfort'),
	(290,'Frank','Mir'),
	(291,'Roan','Carneiro'),
	(292,'Norifumi','Yamamoto'),
	(293,'Josh','Koscheck'),
	(294,'Richard','Walsh (MMA)'),
	(295,'Cain','Velasquez'),
	(298,'TJ','Grant'),
	(299,'K.J.','Noons'),
	(300,'Colton','Smith'),
	(301,'Khabib','Nurmagomedov'),
	(302,'Stephen','Thompson'),
	(303,'Nah-Shon','Burrell'),
	(304,'George','Roop'),
	(305,'Brian','Bowles'),
	(306,'Estevan','Payan'),
	(307,'Louis','Taylor'),
	(308,'Dennis','Siver'),
	(309,'Cathal','Pendred'),
	(310,'Sean','Spencer'),
	(311,'Patrick','Holohan'),
	(312,'Shane','Howell'),
	(313,'Matt','Van Buren'),
	(314,'Ron','Stallings'),
	(315,'Nico','Musoke'),
	(316,'Kenny','Robertson'),
	(317,'Albert','Tumenov'),
	(318,'Sam','Sicilia'),
	(319,'Sultan','Aliev'),
	(320,'Andy','Ogle'),
	(321,'Stanislav','Nedkov'),
	(322,'Viktor','Pe?ta'),
	(323,'Chris','Beal'),
	(324,'Ed','Herman'),
	(325,'Derek','Brunson'),
	(326,'Brandon','Thatch'),
	(327,'Cole','Miller'),
	(328,'Dan','Kelly'),
	(329,'Patrick','Walsh'),
	(330,'Kevin','Lee'),
	(331,'Ray','Borg'),
	(332,'Chris','Kelades'),
	(333,'Tim','Elliott'),
	(334,'Adriano','Martins'),
	(335,'Frankie','Saenz'),
	(336,'William','Macário'),
	(337,'Mike','De La Torre'),
	(338,'TJ','Waldburger'),
	(339,'Cody','Gibson'),
	(340,'Ivan','Jorge'),
	(341,'Josh','Shockley'),
	(342,'Raquel','Pennington'),
	(343,'Holly','Holm'),
	(344,'Carla','Esparza'),
	(345,'Henry','Cejudo'),
	(346,'Sam','Stout'),
	(347,'Roger','Narvaez'),
	(348,'Sergio','Pettis'),
	(349,'Germaine','de Randamie'),
	(350,'Joanna','Jedrzejczyk'),
	(351,'Demian','Maia'),
	(352,'Tony','Martin'),
	(353,'Gilbert','Burns'),
	(354,'Alex','Oliveira'),
	(355,'Godofredo','Castro'),
	(356,'Francisco','Trinaldo'),
	(357,'Kevin','Souza'),
	(358,'Katsunori','Kikuno'),
	(359,'Drew','Dober'),
	(360,'Fredy','Serrano'),
	(361,'Jorge','Masvidal'),
	(362,'Julianna','Peña'),
	(363,'Mitch','Clarke'),
	(364,'Milana','Dudieva'),
	(365,'Robbie','Peralta'),
	(366,'Carlos','Ferreira'),
	(367,'Alexander','Yakovlev'),
	(368,'Pawel','Pawlak'),
	(369,'Sheldon','Westcott'),
	(370,'Joanne','Calderwood'),
	(371,'Maryna','Moroz'),
	(372,'Sérgio','Moraes'),
	(373,'Yaotzin','Meza'),
	(374,'Mirko','Cro Cop'),
	(375,'Chris','Camozzi'),
	(376,'Felice','Herrig'),
	(377,'Paige','VanZant'),
	(378,'Corey','Anderson'),
	(379,'George','Sullivan'),
	(380,'Aljamain','Sterling'),
	(381,'Eddie','Gordon'),
	(382,'C.B.','Dollaway'),
	(383,'John','Makdessi'),
	(384,'Yves','Jabouin'),
	(385,'Steve','Bossé'),
	(386,'Shane','Campbell'),
	(387,'Thomas','Almeida'),
	(388,'Patrick','Côté'),
	(389,'Joe','Riggs'),
	(390,'Sarah','Kaufman'),
	(391,'Olivier','Aubin-Mercier'),
	(392,'David','Michaud'),
	(393,'Jessica','Rakoczy'),
	(394,'Chris','Clements'),
	(395,'Aisling','Daly'),
	(396,'Quinton Rampage','Jackson'),
	(397,'Jake','Matthews'),
	(398,'Sean','O\'Connell'),
	(399,'Anthony','Perosh'),
	(400,'Kyle','Noke'),
	(401,'Bec','Rawlings'),
	(402,'Alex','Chambers'),
	(403,'Vik','Grujic'),
	(404,'Lisa','Ellis'),
	(405,'Brad','Scott'),
	(406,'Dylan','Andrews'),
	(407,'Urijah','Faber'),
	(408,'Hyun','Gyu Lim'),
	(409,'Phillipe','Nover'),
	(410,'Costas','Philippou'),
	(411,'Levan','Makashvili'),
	(412,'Mark','Eddiva'),
	(413,'Jon','Tuck'),
	(414,'Dhiego','Lima'),
	(415,'Yui','Chul Nam'),
	(416,'Royston','Wee'),
	(417,'Jon','Delos Reyes'),
	(418,'Dong','Hyun Kim'),
	(419,'Rose','Namajunas'),
	(420,'Colby','Covington'),
	(421,'Islam','Makhachev'),
	(422,'Josh','Sampo'),
	(423,'KJ','Noons'),
	(424,'Francimar','Barroso'),
	(425,'Wilson','Reis'),
	(426,'Mirsad','Bektic'),
	(427,'Darren','Till'),
	(428,'Brian','Ortega'),
	(429,'Alex','Caceres'),
	(430,'Brian','Ebersole'),
	(431,'Chris','Wade'),
	(432,'Christos','Giagos'),
	(433,'Justin','Edwards'),
	(434,'Anthony','Birchak'),
	(435,'Yair','Rodríguez'),
	(436,'Tecia','Torres'),
	(437,'Charles','Rosa'),
	(438,'Johnny','Case'),
	(439,'Angela','Hill'),
	(440,'Jessica','Penne'),
	(441,'Peter','Sobotta'),
	(442,'Makwan','Amirkhani'),
	(443,'Alan','Patrick'),
	(444,'Niklas','Bäckström'),
	(445,'Nick','Hein'),
	(446,'Ulka','Sasaki'),
	(447,'Noad','Lahat'),
	(448,'Steve','Kennedy'),
	(449,'Lukasz','Sajewski'),
	(450,'Antônio','Carlos Júnior'),
	(451,'Leandro','Silva'),
	(452,'Danny','Martinez'),
	(453,'Alex','Garcia'),
	(454,'Mike','Swick'),
	(455,'Maximo','Blanco'),
	(456,'Michelle','Waterson'),
	(457,'Josh','Samman'),
	(458,'Caio','Magalhães'),
	(459,'Dan','Miller'),
	(460,'Trevor','Smith'),
	(461,'Jerrod','Sanders'),
	(462,'Darrell','Montague'),
	(463,'Kamaru','Usman'),
	(464,'Hayder','Hassan'),
	(465,'Michael','Graves'),
	(466,'Vicente','Luque'),
	(467,'Angela','Magana'),
	(468,'Scott','Jorgensen'),
	(469,'Manvel','Gamburyan'),
	(470,'Marion','Reneau'),
	(471,'Matt','Dwyer'),
	(472,'Sarah','Moras'),
	(473,'Rani','Yahya'),
	(474,'Masanori','Kanehara'),
	(475,'Igor','Araujo'),
	(476,'Kevin','Casey'),
	(477,'Lyman','Good'),
	(478,'Joseph','Duffy'),
	(479,'Vaughan','Lee'),
	(480,'Robert','Whiteford'),
	(481,'Paul','Redmond'),
	(482,'Jimmie','Rivera'),
	(483,'Cortney','Casey-Sanchez'),
	(484,'Steven','Ray'),
	(485,'T.J.','Dillashaw'),
	(486,'Jessica','Eye'),
	(487,'Paul','Felder'),
	(488,'Eddie','Wineland'),
	(489,'Tom','Lawlor'),
	(490,'Ben','Saunders'),
	(491,'Jessamyn','Duke'),
	(492,'Elizabeth','Phillips'),
	(493,'Dominique','Steele'),
	(494,'Antônio','Rogério Nogueira (Little Nog)'),
	(495,'Antônio','Rodrigo Nogueira (Big Nog)'),
	(496,'Cláudia','Gadelha'),
	(497,'Jessica','Aguilar'),
	(498,'Leandro','Issa'),
	(499,'Vitor','Miranda'),
	(500,'Hugo','Viana'),
	(501,'Glaico','França'),
	(502,'Fernando','Bruno'),
	(503,'Dileno','Lopes'),
	(504,'Reginaldo','Vieira'),
	(505,'Timothy','Johnson'),
	(506,'Geane','Herrera'),
	(507,'Valérie','Létourneau'),
	(508,'Felipe','Arantes'),
	(509,'Marcos','Rogério de'),
	(510,'Tony','Sims'),
	(511,'Nazareno','Malegarie'),
	(512,'Josh','Barnett'),
	(513,'Mizuto','Hirota'),
	(514,'Matt','Hobar'),
	(515,'Keita','Nakamura'),
	(516,'Kajan','Johnson'),
	(517,'Teruto','Ishihara'),
	(518,'Rashad','Evans'),
	(519,'Ruslan','Magomedov'),
	(520,'Dan','Hooker'),
	(521,'Viktor','Pe?ta'),
	(522,'Reza','Madadi'),
	(523,'Nicolas','Dalby'),
	(524,'Yan','Cabral'),
	(525,'Viscardi','Andrade'),
	(526,'Gasan','Umalatov'),
	(527,'Pedro','Munhoz'),
	(528,'Akbarh','Arreola'),
	(529,'Richie','Vaculik'),
	(530,'Ryan','Benoit'),
	(532,'Taylor','Lapilus'),
	(533,'Erick','Montaño'),
	(534,'Enrique','Marín'),
	(535,'Enrique','Barzola'),
	(536,'Horacio','Gutiérrez'),
	(537,'Doo','Ho Choi'),
	(538,'Tae','Hyun Bang'),
	(539,'Dongi','Yang'),
	(540,'Mike','de la'),
	(541,'Seo','Hee Ham'),
	(542,'Dominic','Waters'),
	(543,'Alberto','Mina'),
	(544,'Doo Ho','Choi'),
	(545,'Sam','Sicillia'),
	(546,'Sage','Northcutt'),
	(548,'Johnny','Eduardo'),
	(549,'Zubaira','Tukhugov'),
	(550,'Kailin','Curran'),
	(551,'Emily','Kagan'),
	(552,'Cody','Pfister'),
	(553,'Mike','Pierce'),
	(554,'Joby','Sanchez'),
	(555,'Jason','Knight'),
	(556,'Konstantin','Erokhin'),
	(557,'Magomed','Mustafaev'),
	(558,'Court','McGee'),
	(559,'Artem','Lobov'),
	(560,'Ryan','Hall'),
	(561,'Julian','Erosa'),
	(562,'Marcin','Wrzosek'),
	(563,'Randa','Markos'),
	(565,'Valentina','Shevchenko'),
	(566,'Tamdan','McCrory'),
	(567,'Jim','Alers'),
	(568,'Karolina','Kowalkiewicz'),
	(569,'Michael','McDonald'),
	(570,'Justine','Kish'),
	(571,'Scott','Holtzman'),
	(572,'Michinori','Tanaka'),
	(573,'Dominick','Cruz'),
	(575,'Carlos','Diego Ferreira'),
	(576,'Bryan','Barberena'),
	(577,'Damian','Grabowski'),
	(578,'Misha','Cirkunov'),
	(579,'Alex','Nicholson'),
	(580,'Cody','Garbrandt'),
	(581,'Nathan','Coy'),
	(582,'Anthony','Smith'),
	(583,'Shamil','Abdurakhimov'),
	(584,'Augusto','Mendes'),
	(585,'Tom','Breese'),
	(586,'Scott','Askham'),
	(587,'Chris','Dempsey'),
	(588,'Krzysztof','Jotko'),
	(589,'Siyar','Bahadurzada'),
	(590,'Marcelo','Guimaraes'),
	(591,'Seohee','Ham'),
	(592,'Leslie','Smith'),
	(593,'Francis','Ngannou'),
	(594,'Curtis','Blaydes'),
	(595,'Marcin','Tybura'),
	(596,'Junior','dos Santos'),
	(597,'Igor','Pokrajac'),
	(598,'Christina','Stanciu'),
	(599,'Ian','Entwistle'),
	(600,'Alejandro','Pérez'),
	(601,'Darrell','Horcher'),
	(602,'Randy','Brown'),
	(603,'Heather','Jo Clark'),
	(604,'Magnus','Cedenblad'),
	(605,'Yuta','Sasaki'),
	(606,'Willie','Gates'),
	(607,'Anna','Elmose'),
	(608,'Cristiane','Justino'),
	(609,'Thiago','Santos (middleweight'),
	(610,'Rob','Font'),
	(611,'Antônio','Rogério Nogueira'),
	(612,'Chris','Cyborg'),
	(613,'Jake','Collier');

/*!40000 ALTER TABLE `Fighter` ENABLE KEYS */;
UNLOCK TABLES;


# Dump of table FinishType
# ------------------------------------------------------------

DROP TABLE IF EXISTS `FinishType`;

CREATE TABLE `FinishType` (
  `id` smallint(4) unsigned NOT NULL AUTO_INCREMENT,
  `finishName` varchar(20) NOT NULL DEFAULT 'KO/TKO',
  PRIMARY KEY (`id`)
) ENGINE=InnoDB DEFAULT CHARSET=latin1;

LOCK TABLES `FinishType` WRITE;
/*!40000 ALTER TABLE `FinishType` DISABLE KEYS */;

INSERT INTO `FinishType` (`id`, `finishName`)
VALUES
	(1,'KO/TKO'),
	(2,'SUB'),
	(3,'Decision');

/*!40000 ALTER TABLE `FinishType` ENABLE KEYS */;
UNLOCK TABLES;


# Dump of table Following
# ------------------------------------------------------------

DROP TABLE IF EXISTS `Following`;

CREATE TABLE `Following` (
  `id` smallint(4) unsigned NOT NULL AUTO_INCREMENT,
  `userId` smallint(4) unsigned NOT NULL DEFAULT '0',
  `following` smallint(4) unsigned NOT NULL DEFAULT '0',
  `createdOn` datetime DEFAULT '0000-00-00 00:00:00',
  `updatedOn` timestamp NULL DEFAULT CURRENT_TIMESTAMP,
  PRIMARY KEY (`id`),
  KEY `fk_following_userId_user_id` (`userId`),
  KEY `fk_following_following_user_id` (`following`),
  CONSTRAINT `fk_following_following_user_id` FOREIGN KEY (`following`) REFERENCES `User` (`id`) ON DELETE NO ACTION ON UPDATE NO ACTION,
  CONSTRAINT `fk_following_userId_user_id` FOREIGN KEY (`userId`) REFERENCES `User` (`id`) ON DELETE NO ACTION ON UPDATE NO ACTION
) ENGINE=InnoDB DEFAULT CHARSET=latin1;

LOCK TABLES `Following` WRITE;
/*!40000 ALTER TABLE `Following` DISABLE KEYS */;

INSERT INTO `Following` (`id`, `userId`, `following`, `createdOn`, `updatedOn`)
VALUES
	(1,1,3,'0000-00-00 00:00:00','2015-07-18 10:51:05'),
	(2,1,44,'0000-00-00 00:00:00','2015-07-18 10:51:13'),
	(3,1,46,'0000-00-00 00:00:00','2015-07-18 10:51:17'),
	(5,1,7,'0000-00-00 00:00:00','2015-07-18 10:51:35'),
	(7,3,44,'0000-00-00 00:00:00','2015-07-18 11:06:31'),
	(8,3,24,'0000-00-00 00:00:00','2015-07-18 11:06:34'),
	(9,3,46,'0000-00-00 00:00:00','2015-07-18 11:06:42'),
	(10,3,7,'0000-00-00 00:00:00','2015-07-18 11:06:44'),
	(11,3,1,'0000-00-00 00:00:00','2015-07-18 11:06:45'),
	(12,3,45,'0000-00-00 00:00:00','2015-07-18 11:06:49'),
	(15,1,73,'0000-00-00 00:00:00','2015-07-24 23:49:07'),
	(16,3,75,'0000-00-00 00:00:00','2015-07-25 08:06:13'),
	(17,1,74,'0000-00-00 00:00:00','2015-07-25 10:48:27'),
	(18,1,6,'0000-00-00 00:00:00','2015-10-24 14:58:36'),
	(20,1,79,'0000-00-00 00:00:00','2015-11-21 17:48:58'),
	(21,3,74,'0000-00-00 00:00:00','2015-12-12 22:42:40'),
	(22,1,24,'0000-00-00 00:00:00','2016-02-06 18:16:31'),
	(23,44,24,'0000-00-00 00:00:00','2016-02-06 19:07:37'),
	(24,44,3,'0000-00-00 00:00:00','2016-02-06 19:07:41'),
	(25,44,79,'0000-00-00 00:00:00','2016-02-06 19:07:45'),
	(26,44,46,'0000-00-00 00:00:00','2016-02-06 19:07:48'),
	(27,44,7,'0000-00-00 00:00:00','2016-02-06 19:07:52'),
	(28,44,1,'0000-00-00 00:00:00','2016-02-06 19:07:55'),
	(31,1,38,'0000-00-00 00:00:00','2016-04-10 14:54:09'),
	(32,1,30,'0000-00-00 00:00:00','2016-04-16 18:45:15'),
	(33,1,60,'0000-00-00 00:00:00','2016-04-16 18:45:22');

/*!40000 ALTER TABLE `Following` ENABLE KEYS */;
UNLOCK TABLES;


# Dump of table Matchup
# ------------------------------------------------------------

DROP TABLE IF EXISTS `Matchup`;

CREATE TABLE `Matchup` (
  `id` smallint(4) unsigned NOT NULL AUTO_INCREMENT,
  `fighter1Id` smallint(4) unsigned NOT NULL,
  `fighter2Id` smallint(4) unsigned NOT NULL,
  `eventId` smallint(4) unsigned NOT NULL,
  `hasTiebreaker` smallint(4) unsigned DEFAULT '0',
  PRIMARY KEY (`id`),
  KEY `fighter1Id` (`fighter1Id`,`fighter2Id`),
  KEY `fighter1Id_2` (`fighter1Id`,`fighter2Id`),
  KEY `fighter1Id_3` (`fighter1Id`,`fighter2Id`),
  KEY `fighter1Id_4` (`fighter1Id`,`fighter2Id`),
  KEY `fighter2Id` (`fighter2Id`),
  KEY `fighter2Id_2` (`fighter2Id`),
  KEY `fighter2Id_3` (`fighter2Id`),
  KEY `eventId` (`eventId`),
  KEY `eventId_2` (`eventId`),
  CONSTRAINT `fk_matchup_2_fighter_Id` FOREIGN KEY (`fighter2Id`) REFERENCES `Fighter` (`id`) ON DELETE NO ACTION ON UPDATE NO ACTION,
  CONSTRAINT `fk_matchup_event_id` FOREIGN KEY (`eventId`) REFERENCES `Event` (`id`) ON DELETE NO ACTION ON UPDATE NO ACTION,
  CONSTRAINT `fk_matchup_fighter_id` FOREIGN KEY (`fighter1Id`) REFERENCES `Fighter` (`id`) ON DELETE NO ACTION ON UPDATE NO ACTION
) ENGINE=InnoDB DEFAULT CHARSET=latin1;

LOCK TABLES `Matchup` WRITE;
/*!40000 ALTER TABLE `Matchup` DISABLE KEYS */;

INSERT INTO `Matchup` (`id`, `fighter1Id`, `fighter2Id`, `eventId`, `hasTiebreaker`)
VALUES
	(1,51,214,1,1),
	(2,85,126,1,0),
	(3,129,160,1,0),
	(4,253,254,1,0),
	(5,255,256,1,0),
	(6,257,124,2,1),
	(7,66,56,2,0),
	(8,46,258,2,0),
	(9,119,259,2,0),
	(10,260,261,2,0),
	(11,262,263,2,0),
	(12,1,2,3,1),
	(13,264,265,3,0),
	(14,52,114,3,0),
	(15,266,267,3,0),
	(16,191,162,3,0),
	(17,268,269,4,1),
	(18,105,270,4,0),
	(19,199,139,4,0),
	(20,271,140,4,0),
	(21,136,14,5,1),
	(22,82,240,5,0),
	(23,272,273,5,0),
	(24,274,275,5,0),
	(25,71,123,5,0),
	(26,276,277,5,0),
	(27,59,84,6,1),
	(28,55,6,6,0),
	(29,58,118,6,0),
	(30,221,278,6,0),
	(31,8,279,6,0),
	(32,154,308,7,1),
	(33,55,97,7,0),
	(34,141,314,7,0),
	(35,16,207,7,0),
	(44,12,91,9,0),
	(45,61,111,9,0),
	(46,228,318,9,0),
	(47,43,62,9,1),
	(53,282,283,10,1),
	(54,4,126,10,0),
	(55,202,251,10,0),
	(56,186,64,10,0),
	(57,185,286,10,0),
	(64,97,326,11,1),
	(65,67,327,11,0),
	(66,75,219,11,0),
	(67,328,329,11,0),
	(68,19,330,11,0),
	(69,331,332,11,0),
	(70,206,290,12,1),
	(71,56,45,12,0),
	(72,13,174,12,0),
	(73,98,334,12,0),
	(74,211,335,12,0),
	(75,209,94,12,0),
	(76,137,226,13,1),
	(77,342,343,13,0),
	(78,175,220,13,0),
	(79,85,293,13,0),
	(80,191,207,13,0),
	(81,264,105,14,1),
	(82,344,350,14,0),
	(83,1,70,14,0),
	(84,36,199,14,0),
	(85,78,345,14,0),
	(86,351,40,15,1),
	(87,71,293,15,0),
	(88,15,352,15,0),
	(89,227,194,15,0),
	(90,355,68,15,0),
	(91,353,354,15,0),
	(98,243,129,16,1),
	(99,361,251,16,0),
	(100,203,363,16,0),
	(101,362,364,16,0),
	(102,37,365,16,0),
	(103,224,195,16,0),
	(104,271,374,17,1),
	(105,44,230,17,0),
	(106,368,369,17,0),
	(107,370,371,17,0),
	(112,136,63,18,1),
	(113,198,375,18,0),
	(114,124,67,18,0),
	(115,376,377,18,0),
	(116,108,221,19,1),
	(121,177,382,19,0),
	(122,17,396,19,0),
	(123,383,386,19,0),
	(124,384,387,19,0),
	(125,269,214,20,1),
	(126,58,122,20,0),
	(127,399,398,20,0),
	(128,397,188,20,0),
	(135,257,407,21,1),
	(136,91,72,21,0),
	(137,90,93,21,0),
	(138,408,75,21,0),
	(139,409,415,21,0),
	(140,412,411,21,0),
	(141,62,84,22,1),
	(146,135,289,22,0),
	(147,55,383,22,0),
	(148,52,113,22,0),
	(149,260,102,22,0),
	(154,3,286,23,1),
	(155,204,121,23,0),
	(156,423,354,23,0),
	(157,424,116,23,0),
	(158,16,356,23,0),
	(159,210,427,23,0),
	(165,64,12,24,1),
	(166,200,140,24,0),
	(167,224,69,24,0),
	(168,166,428,24,0),
	(169,197,434,24,0),
	(170,87,429,24,0),
	(175,295,51,25,1),
	(176,265,223,25,0),
	(177,126,118,25,0),
	(178,435,437,25,0),
	(179,436,439,25,0),
	(180,350,440,26,1),
	(181,308,38,26,0),
	(182,441,448,26,0),
	(183,445,449,26,0),
	(184,136,57,27,1),
	(185,209,73,27,0),
	(188,272,381,27,0),
	(189,142,385,27,0),
	(190,130,411,27,0),
	(196,243,154,28,1),
	(197,2,110,28,0),
	(198,160,125,28,0),
	(199,48,326,28,0),
	(200,46,387,28,0),
	(201,85,302,29,1),
	(202,463,464,29,0),
	(203,465,466,29,0),
	(204,361,13,29,0),
	(205,467,456,29,0),
	(206,455,337,29,0),
	(207,290,266,30,1),
	(208,161,191,30,0),
	(209,343,470,30,0),
	(210,468,469,30,0),
	(211,330,134,30,0),
	(212,175,471,30,0),
	(213,177,186,31,1),
	(214,99,145,31,0),
	(215,478,340,31,0),
	(216,370,483,31,0),
	(217,248,368,31,0),
	(218,484,147,31,0),
	(219,485,82,32,1),
	(220,53,486,32,0),
	(221,56,487,32,0),
	(222,202,215,32,0),
	(223,137,193,33,1),
	(224,11,494,33,0),
	(225,501,502,33,0),
	(226,503,504,33,0),
	(227,139,495,33,0),
	(228,206,76,33,0),
	(229,496,497,33,0),
	(230,60,9,34,1),
	(231,45,42,34,0),
	(232,325,174,34,0),
	(233,119,505,34,0),
	(234,170,227,34,0),
	(235,331,506,34,0),
	(236,67,121,35,1),
	(237,75,71,35,0),
	(238,388,279,35,0),
	(239,234,356,35,0),
	(240,391,510,35,0),
	(241,371,507,35,0),
	(242,108,100,36,1),
	(243,113,290,36,0),
	(244,62,44,36,0),
	(245,230,378,36,0),
	(246,377,402,36,0),
	(247,512,36,37,1),
	(248,91,141,37,0),
	(249,221,258,37,0),
	(250,86,304,37,0),
	(251,358,155,37,0),
	(252,513,517,37,0),
	(253,84,43,38,1),
	(254,111,518,38,0),
	(255,165,519,38,0),
	(256,486,362,38,0),
	(257,260,109,38,0),
	(259,311,79,39,1),
	(260,16,522,39,0),
	(261,523,427,39,0),
	(262,47,222,39,0),
	(263,289,12,40,1),
	(264,60,273,40,0),
	(265,387,434,40,0),
	(266,354,107,40,0),
	(267,353,275,40,0),
	(268,17,378,40,0),
	(269,137,343,41,1),
	(270,350,507,41,0),
	(271,214,206,41,0),
	(272,122,141,41,0),
	(273,139,119,41,0),
	(274,75,126,42,1),
	(275,129,5,42,0),
	(276,168,345,42,0),
	(277,533,534,42,0),
	(278,535,536,42,0),
	(279,208,451,42,0),
	(280,97,361,43,1),
	(281,179,542,43,0),
	(282,216,543,43,0),
	(283,544,318,43,0),
	(284,419,377,44,1),
	(285,65,203,44,0),
	(286,546,552,44,0),
	(287,236,142,44,0),
	(288,242,154,46,1),
	(289,135,63,46,0),
	(290,198,57,46,0),
	(291,351,48,46,0),
	(292,67,125,46,0),
	(293,257,243,45,1),
	(294,559,560,45,0),
	(295,56,191,45,0),
	(296,202,145,45,0),
	(297,38,555,45,0),
	(298,561,562,45,0),
	(299,105,55,47,1),
	(300,268,199,47,0),
	(301,45,270,47,0),
	(302,563,568,47,0),
	(303,2,3,48,1),
	(304,269,113,48,0),
	(305,317,73,48,0),
	(306,155,428,48,0),
	(307,162,510,48,0),
	(308,485,573,49,1),
	(309,264,223,49,0),
	(310,52,140,49,0),
	(311,99,356,49,0),
	(312,62,111,50,1),
	(313,512,200,50,0),
	(314,211,482,50,0),
	(315,546,576,50,0),
	(316,1,302,51,1),
	(317,36,119,51,0),
	(318,9,112,51,0),
	(319,260,169,51,0),
	(320,578,579,51,0),
	(321,184,310,51,0),
	(322,55,354,52,1),
	(323,325,291,52,0),
	(324,580,584,52,0),
	(325,160,38,52,0),
	(326,375,389,52,0),
	(327,89,386,52,0),
	(328,282,177,53,1),
	(329,91,186,53,0),
	(330,585,515,53,0),
	(331,87,46,53,0),
	(332,154,270,54,1),
	(333,343,53,54,0),
	(334,18,229,54,0),
	(335,378,489,54,0),
	(336,227,565,54,0),
	(337,214,290,55,1),
	(338,75,8,55,0),
	(339,397,438,55,0),
	(340,328,272,55,0),
	(341,117,385,55,0),
	(342,401,591,55,0),
	(343,200,596,56,1),
	(344,201,271,56,0),
	(345,593,594,56,0),
	(346,505,595,56,0),
	(347,597,230,56,0),
	(348,371,598,56,0),
	(349,60,518,57,1),
	(350,419,436,57,0),
	(351,301,601,57,0),
	(352,124,130,57,0),
	(353,59,9,58,1),
	(354,108,345,58,0),
	(355,264,56,58,0),
	(356,122,288,58,0),
	(357,435,68,58,0),
	(358,199,113,59,1),
	(360,206,139,59,0),
	(361,317,48,59,0),
	(362,349,607,59,0),
	(363,10,424,59,0),
	(364,568,603,59,0),
	(365,51,269,60,1),
	(366,198,289,60,0),
	(368,612,592,60,0),
	(369,11,378,60,0),
	(370,246,576,60,0),
	(371,387,580,61,1),
	(372,82,125,61,0),
	(373,232,146,61,0),
	(374,375,499,61,0),
	(375,361,73,61,0),
	(376,279,487,61,0);

/*!40000 ALTER TABLE `Matchup` ENABLE KEYS */;
UNLOCK TABLES;


# Dump of table Pick
# ------------------------------------------------------------

DROP TABLE IF EXISTS `Pick`;

CREATE TABLE `Pick` (
  `id` smallint(6) unsigned NOT NULL AUTO_INCREMENT,
  `userId` smallint(4) unsigned NOT NULL,
  `fighterId` smallint(4) unsigned DEFAULT NULL,
  `eventId` smallint(4) unsigned NOT NULL,
  `win` smallint(4) unsigned DEFAULT NULL,
  `finishTypeId` smallint(4) unsigned DEFAULT NULL,
  `roundId` smallint(4) unsigned DEFAULT NULL,
  `tiebreakerWin` smallint(4) unsigned DEFAULT NULL,
  PRIMARY KEY (`id`),
  KEY `userId` (`userId`),
  KEY `userId_2` (`userId`),
  KEY `eventId` (`eventId`),
  KEY `fighterId` (`fighterId`),
  KEY `finishTypeId` (`finishTypeId`),
  KEY `roundId` (`roundId`),
  CONSTRAINT `fk_pick_event_id` FOREIGN KEY (`eventId`) REFERENCES `Event` (`id`) ON DELETE NO ACTION ON UPDATE NO ACTION,
  CONSTRAINT `fk_pick_fighter_id` FOREIGN KEY (`fighterId`) REFERENCES `Fighter` (`id`) ON DELETE NO ACTION ON UPDATE NO ACTION,
  CONSTRAINT `fk_pick_finish_type_id` FOREIGN KEY (`finishTypeId`) REFERENCES `FinishType` (`id`) ON DELETE NO ACTION ON UPDATE NO ACTION,
  CONSTRAINT `fk_pick_round_id` FOREIGN KEY (`roundId`) REFERENCES `Round` (`id`) ON DELETE NO ACTION ON UPDATE NO ACTION,
  CONSTRAINT `fk_pick_user_Id` FOREIGN KEY (`userId`) REFERENCES `User` (`id`) ON DELETE NO ACTION ON UPDATE NO ACTION
) ENGINE=InnoDB DEFAULT CHARSET=latin1;

LOCK TABLES `Pick` WRITE;
/*!40000 ALTER TABLE `Pick` DISABLE KEYS */;

INSERT INTO `Pick` (`id`, `userId`, `fighterId`, `eventId`, `win`, `finishTypeId`, `roundId`, `tiebreakerWin`)
VALUES
	(1,27,51,1,1,3,5,0),
	(2,27,126,1,1,NULL,NULL,0),
	(3,27,160,1,0,NULL,NULL,0),
	(4,27,253,1,1,NULL,NULL,0),
	(5,27,255,1,0,NULL,NULL,0),
	(6,7,51,1,1,2,3,0),
	(7,7,126,1,1,NULL,NULL,0),
	(8,7,129,1,1,NULL,NULL,0),
	(9,7,253,1,1,NULL,NULL,0),
	(10,7,255,1,0,NULL,NULL,0),
	(11,1,51,1,1,1,2,2),
	(12,1,126,1,1,NULL,NULL,0),
	(13,1,160,1,0,NULL,NULL,0),
	(14,1,254,1,0,NULL,NULL,0),
	(15,1,255,1,0,NULL,NULL,0),
	(16,3,51,1,1,2,2,1),
	(17,3,126,1,1,NULL,NULL,0),
	(18,3,129,1,1,NULL,NULL,0),
	(19,3,253,1,1,NULL,NULL,0),
	(20,3,255,1,0,NULL,NULL,0),
	(21,30,51,1,1,2,2,1),
	(22,30,126,1,1,NULL,NULL,0),
	(23,30,160,1,0,NULL,NULL,0),
	(24,30,253,1,1,NULL,NULL,0),
	(25,30,255,1,0,NULL,NULL,0),
	(26,11,51,1,1,1,3,1),
	(27,11,85,1,0,NULL,NULL,0),
	(28,11,160,1,0,NULL,NULL,0),
	(29,11,253,1,1,NULL,NULL,0),
	(30,11,255,1,0,NULL,NULL,0),
	(31,33,51,1,1,2,3,0),
	(32,33,85,1,0,NULL,NULL,0),
	(33,33,160,1,0,NULL,NULL,0),
	(34,33,253,1,1,NULL,NULL,0),
	(35,33,255,1,0,NULL,NULL,0),
	(36,24,51,1,1,2,4,0),
	(37,24,126,1,1,NULL,NULL,0),
	(38,24,160,1,0,NULL,NULL,0),
	(39,24,253,1,1,NULL,NULL,0),
	(40,24,255,1,0,NULL,NULL,0),
	(41,35,51,1,1,2,4,0),
	(42,35,85,1,0,NULL,NULL,0),
	(43,35,160,1,0,NULL,NULL,0),
	(44,35,253,1,1,NULL,NULL,0),
	(45,35,255,1,0,NULL,NULL,0),
	(46,44,214,1,0,1,4,0),
	(47,44,85,1,0,NULL,NULL,0),
	(48,44,160,1,0,NULL,NULL,0),
	(49,44,253,1,1,NULL,NULL,0),
	(50,44,255,1,0,NULL,NULL,0),
	(66,46,214,1,0,1,2,0),
	(67,46,85,1,0,NULL,NULL,0),
	(68,46,160,1,0,NULL,NULL,0),
	(69,46,253,1,1,NULL,NULL,0),
	(70,46,255,1,0,NULL,NULL,0),
	(71,6,51,1,1,3,5,0),
	(72,6,85,1,0,NULL,NULL,0),
	(73,6,129,1,1,NULL,NULL,0),
	(74,6,253,1,1,NULL,NULL,0),
	(75,6,255,1,0,NULL,NULL,0),
	(76,16,51,1,1,2,1,0),
	(77,16,85,1,0,NULL,NULL,0),
	(78,16,129,1,1,NULL,NULL,0),
	(79,16,253,1,1,NULL,NULL,0),
	(80,16,255,1,0,NULL,NULL,0),
	(81,38,51,1,1,2,2,1),
	(82,38,126,1,1,NULL,NULL,0),
	(83,38,160,1,0,NULL,NULL,0),
	(84,38,253,1,1,NULL,NULL,0),
	(85,38,255,1,0,NULL,NULL,0),
	(86,47,51,1,1,1,3,1),
	(87,47,85,1,0,NULL,NULL,0),
	(88,47,129,1,1,NULL,NULL,0),
	(89,47,253,1,1,NULL,NULL,0),
	(90,47,255,1,0,NULL,NULL,0),
	(96,45,51,1,1,3,5,0),
	(97,45,85,1,0,NULL,NULL,0),
	(98,45,160,1,0,NULL,NULL,0),
	(99,45,253,1,1,NULL,NULL,0),
	(100,45,255,1,0,NULL,NULL,0),
	(111,39,214,1,0,1,2,0),
	(112,39,126,1,1,NULL,NULL,0),
	(113,39,129,1,1,NULL,NULL,0),
	(114,39,254,1,0,NULL,NULL,0),
	(115,39,255,1,0,NULL,NULL,0),
	(116,7,257,2,1,3,5,1),
	(117,7,66,2,0,NULL,NULL,0),
	(118,7,46,2,0,NULL,NULL,0),
	(119,7,119,2,0,NULL,NULL,0),
	(120,7,260,2,1,NULL,NULL,0),
	(121,7,262,2,1,NULL,NULL,0),
	(122,44,257,2,1,3,5,1),
	(123,44,56,2,1,NULL,NULL,0),
	(124,44,46,2,0,NULL,NULL,0),
	(125,44,259,2,1,NULL,NULL,0),
	(126,44,260,2,1,NULL,NULL,0),
	(127,44,262,2,1,NULL,NULL,0),
	(128,1,257,2,1,1,4,0),
	(129,1,56,2,1,NULL,NULL,0),
	(130,1,46,2,0,NULL,NULL,0),
	(131,1,119,2,0,NULL,NULL,0),
	(132,1,260,2,1,NULL,NULL,0),
	(133,1,262,2,1,NULL,NULL,0),
	(140,30,124,2,0,1,5,0),
	(141,30,56,2,1,NULL,NULL,0),
	(142,30,46,2,0,NULL,NULL,0),
	(143,30,119,2,0,NULL,NULL,0),
	(144,30,260,2,1,NULL,NULL,0),
	(145,30,262,2,1,NULL,NULL,0),
	(146,6,257,2,1,3,5,1),
	(147,6,66,2,0,NULL,NULL,0),
	(148,6,46,2,0,NULL,NULL,0),
	(149,6,119,2,0,NULL,NULL,0),
	(150,6,260,2,1,NULL,NULL,0),
	(151,6,262,2,1,NULL,NULL,0),
	(158,35,257,2,1,3,5,1),
	(159,35,56,2,1,NULL,NULL,0),
	(160,35,46,2,0,NULL,NULL,0),
	(161,35,119,2,0,NULL,NULL,0),
	(162,35,260,2,1,NULL,NULL,0),
	(163,35,263,2,0,NULL,NULL,0),
	(164,47,124,2,0,3,5,0),
	(165,47,56,2,1,NULL,NULL,0),
	(166,47,46,2,0,NULL,NULL,0),
	(167,47,119,2,0,NULL,NULL,0),
	(168,47,261,2,0,NULL,NULL,0),
	(169,47,262,2,1,NULL,NULL,0),
	(170,11,124,2,0,1,3,0),
	(171,11,56,2,1,NULL,NULL,0),
	(172,11,46,2,0,NULL,NULL,0),
	(173,11,119,2,0,NULL,NULL,0),
	(174,11,260,2,1,NULL,NULL,0),
	(175,11,263,2,0,NULL,NULL,0),
	(176,24,124,2,0,3,5,0),
	(177,24,66,2,0,NULL,NULL,0),
	(178,24,46,2,0,NULL,NULL,0),
	(179,24,119,2,0,NULL,NULL,0),
	(180,24,260,2,1,NULL,NULL,0),
	(181,24,262,2,1,NULL,NULL,0),
	(182,46,257,2,1,2,2,1),
	(183,46,56,2,1,NULL,NULL,0),
	(184,46,46,2,0,NULL,NULL,0),
	(185,46,119,2,0,NULL,NULL,0),
	(186,46,260,2,1,NULL,NULL,0),
	(187,46,262,2,1,NULL,NULL,0),
	(188,39,257,2,1,3,5,1),
	(189,39,56,2,1,NULL,NULL,0),
	(190,39,46,2,0,NULL,NULL,0),
	(191,39,119,2,0,NULL,NULL,0),
	(192,39,260,2,1,NULL,NULL,0),
	(193,39,263,2,0,NULL,NULL,0),
	(194,16,257,2,1,1,5,1),
	(195,16,56,2,1,NULL,NULL,0),
	(196,16,46,2,0,NULL,NULL,0),
	(197,16,119,2,0,NULL,NULL,0),
	(198,16,260,2,1,NULL,NULL,0),
	(199,16,262,2,1,NULL,NULL,0),
	(200,27,124,2,0,3,5,0),
	(201,27,56,2,1,NULL,NULL,0),
	(202,27,46,2,0,NULL,NULL,0),
	(203,27,119,2,0,NULL,NULL,0),
	(204,27,260,2,1,NULL,NULL,0),
	(205,27,262,2,1,NULL,NULL,0),
	(212,3,257,2,1,3,5,1),
	(213,3,66,2,0,NULL,NULL,0),
	(214,3,46,2,0,NULL,NULL,0),
	(215,3,119,2,0,NULL,NULL,0),
	(216,3,260,2,1,NULL,NULL,0),
	(217,3,262,2,1,NULL,NULL,0),
	(218,38,124,2,0,1,2,0),
	(219,38,66,2,0,NULL,NULL,0),
	(220,38,46,2,0,NULL,NULL,0),
	(221,38,119,2,0,NULL,NULL,0),
	(222,38,260,2,1,NULL,NULL,0),
	(223,38,262,2,1,NULL,NULL,0),
	(224,33,257,2,1,3,5,1),
	(225,33,66,2,0,NULL,NULL,0),
	(226,33,46,2,0,NULL,NULL,0),
	(227,33,119,2,0,NULL,NULL,0),
	(228,33,260,2,1,NULL,NULL,0),
	(229,33,262,2,1,NULL,NULL,0),
	(236,45,124,2,0,3,5,0),
	(237,45,66,2,0,NULL,NULL,0),
	(238,45,258,2,1,NULL,NULL,0),
	(239,45,259,2,1,NULL,NULL,0),
	(240,45,260,2,1,NULL,NULL,0),
	(241,45,263,2,0,NULL,NULL,0),
	(242,29,257,2,1,3,5,1),
	(243,29,56,2,1,NULL,NULL,0),
	(244,29,46,2,0,NULL,NULL,0),
	(245,29,119,2,0,NULL,NULL,0),
	(246,29,260,2,1,NULL,NULL,0),
	(247,29,262,2,1,NULL,NULL,0),
	(248,28,257,2,1,3,5,1),
	(249,28,66,2,0,NULL,NULL,0),
	(250,28,46,2,0,NULL,NULL,0),
	(251,28,119,2,0,NULL,NULL,0),
	(252,28,260,2,1,NULL,NULL,0),
	(253,28,262,2,1,NULL,NULL,0),
	(254,44,1,3,0,1,3,0),
	(255,44,264,3,1,NULL,NULL,0),
	(256,44,52,3,1,NULL,NULL,0),
	(257,44,267,3,0,NULL,NULL,0),
	(258,44,191,3,1,NULL,NULL,0),
	(259,7,2,3,1,3,5,1),
	(260,7,264,3,1,NULL,NULL,0),
	(261,7,52,3,1,NULL,NULL,0),
	(262,7,267,3,0,NULL,NULL,0),
	(263,7,191,3,1,NULL,NULL,0),
	(264,6,1,3,0,3,5,0),
	(265,6,264,3,1,NULL,NULL,0),
	(266,6,52,3,1,NULL,NULL,0),
	(267,6,266,3,1,NULL,NULL,0),
	(268,6,191,3,1,NULL,NULL,0),
	(284,16,1,3,0,1,5,0),
	(285,16,264,3,1,NULL,NULL,0),
	(286,16,52,3,1,NULL,NULL,0),
	(287,16,266,3,1,NULL,NULL,0),
	(288,16,191,3,1,NULL,NULL,0),
	(289,30,2,3,1,3,5,1),
	(290,30,264,3,1,NULL,NULL,0),
	(291,30,52,3,1,NULL,NULL,0),
	(292,30,266,3,1,NULL,NULL,0),
	(293,30,191,3,1,NULL,NULL,0),
	(294,35,1,3,0,1,2,0),
	(295,35,264,3,1,NULL,NULL,0),
	(296,35,52,3,1,NULL,NULL,0),
	(297,35,266,3,1,NULL,NULL,0),
	(298,35,191,3,1,NULL,NULL,0),
	(299,39,1,3,0,2,3,0),
	(300,39,264,3,1,NULL,NULL,0),
	(301,39,52,3,1,NULL,NULL,0),
	(302,39,267,3,0,NULL,NULL,0),
	(303,39,162,3,0,NULL,NULL,0),
	(304,38,2,3,1,1,3,0),
	(305,38,265,3,0,NULL,NULL,0),
	(306,38,52,3,1,NULL,NULL,0),
	(307,38,266,3,1,NULL,NULL,0),
	(308,38,191,3,1,NULL,NULL,0),
	(309,46,1,3,0,2,3,0),
	(310,46,265,3,0,NULL,NULL,0),
	(311,46,52,3,1,NULL,NULL,0),
	(312,46,266,3,1,NULL,NULL,0),
	(313,46,191,3,1,NULL,NULL,0),
	(329,11,2,3,1,1,3,0),
	(330,11,265,3,0,NULL,NULL,0),
	(331,11,52,3,1,NULL,NULL,0),
	(332,11,266,3,1,NULL,NULL,0),
	(333,11,191,3,1,NULL,NULL,0),
	(334,3,1,3,0,1,2,0),
	(335,3,264,3,1,NULL,NULL,0),
	(336,3,52,3,1,NULL,NULL,0),
	(337,3,266,3,1,NULL,NULL,0),
	(338,3,162,3,0,NULL,NULL,0),
	(344,29,1,3,0,3,5,0),
	(345,29,264,3,1,NULL,NULL,0),
	(346,29,52,3,1,NULL,NULL,0),
	(347,29,266,3,1,NULL,NULL,0),
	(348,29,191,3,1,NULL,NULL,0),
	(349,27,1,3,0,3,5,0),
	(350,27,265,3,0,NULL,NULL,0),
	(351,27,52,3,1,NULL,NULL,0),
	(352,27,266,3,1,NULL,NULL,0),
	(353,27,162,3,0,NULL,NULL,0),
	(354,24,1,3,0,3,5,0),
	(355,24,264,3,1,NULL,NULL,0),
	(356,24,52,3,1,NULL,NULL,0),
	(357,24,266,3,1,NULL,NULL,0),
	(358,24,191,3,1,NULL,NULL,0),
	(369,33,1,3,0,3,5,0),
	(370,33,264,3,1,NULL,NULL,0),
	(371,33,52,3,1,NULL,NULL,0),
	(372,33,267,3,0,NULL,NULL,0),
	(373,33,191,3,1,NULL,NULL,0),
	(384,47,1,3,0,3,5,0),
	(385,47,264,3,1,NULL,NULL,0),
	(386,47,52,3,1,NULL,NULL,0),
	(387,47,266,3,1,NULL,NULL,0),
	(388,47,162,3,0,NULL,NULL,0),
	(389,28,2,3,1,1,3,0),
	(390,28,264,3,1,NULL,NULL,0),
	(391,28,52,3,1,NULL,NULL,0),
	(392,28,266,3,1,NULL,NULL,0),
	(393,28,191,3,1,NULL,NULL,0),
	(394,1,2,3,1,1,4,0),
	(395,1,264,3,1,NULL,NULL,0),
	(396,1,52,3,1,NULL,NULL,0),
	(397,1,266,3,1,NULL,NULL,0),
	(398,1,191,3,1,NULL,NULL,0),
	(399,45,2,3,1,3,5,1),
	(400,45,264,3,1,NULL,NULL,0),
	(401,45,52,3,1,NULL,NULL,0),
	(402,45,266,3,1,NULL,NULL,0),
	(403,45,191,3,1,NULL,NULL,0),
	(404,33,269,4,0,3,5,0),
	(405,33,270,4,0,NULL,NULL,0),
	(406,33,139,4,0,NULL,NULL,0),
	(407,33,140,4,1,NULL,NULL,0),
	(408,11,268,4,1,1,3,0),
	(409,11,270,4,0,NULL,NULL,0),
	(410,11,199,4,1,NULL,NULL,0),
	(411,11,271,4,0,NULL,NULL,0),
	(412,44,269,4,0,3,5,0),
	(413,44,270,4,0,NULL,NULL,0),
	(414,44,199,4,1,NULL,NULL,0),
	(415,44,140,4,1,NULL,NULL,0),
	(416,1,268,4,1,1,3,0),
	(417,1,105,4,1,NULL,NULL,0),
	(418,1,199,4,1,NULL,NULL,0),
	(419,1,140,4,1,NULL,NULL,0),
	(420,7,268,4,1,1,2,0),
	(421,7,105,4,1,NULL,NULL,0),
	(422,7,199,4,1,NULL,NULL,0),
	(423,7,140,4,1,NULL,NULL,0),
	(424,16,268,4,1,1,2,0),
	(425,16,270,4,0,NULL,NULL,0),
	(426,16,139,4,0,NULL,NULL,0),
	(427,16,271,4,0,NULL,NULL,0),
	(428,6,268,4,1,1,1,0),
	(429,6,270,4,0,NULL,NULL,0),
	(430,6,199,4,1,NULL,NULL,0),
	(431,6,140,4,1,NULL,NULL,0),
	(432,38,268,4,1,1,2,0),
	(433,38,105,4,1,NULL,NULL,0),
	(434,38,199,4,1,NULL,NULL,0),
	(435,38,271,4,0,NULL,NULL,0),
	(436,3,269,4,0,1,3,0),
	(437,3,270,4,0,NULL,NULL,0),
	(438,3,199,4,1,NULL,NULL,0),
	(439,3,140,4,1,NULL,NULL,0),
	(440,35,268,4,1,1,2,0),
	(441,35,105,4,1,NULL,NULL,0),
	(442,35,199,4,1,NULL,NULL,0),
	(443,35,271,4,0,NULL,NULL,0),
	(448,30,268,4,1,1,3,0),
	(449,30,105,4,1,NULL,NULL,0),
	(450,30,139,4,0,NULL,NULL,0),
	(451,30,140,4,1,NULL,NULL,0),
	(452,47,268,4,1,1,3,0),
	(453,47,105,4,1,NULL,NULL,0),
	(454,47,199,4,1,NULL,NULL,0),
	(455,47,140,4,1,NULL,NULL,0),
	(456,27,268,4,1,1,2,0),
	(457,27,105,4,1,NULL,NULL,0),
	(458,27,139,4,0,NULL,NULL,0),
	(459,27,140,4,1,NULL,NULL,0),
	(460,39,268,4,1,1,1,0),
	(461,39,105,4,1,NULL,NULL,0),
	(462,39,139,4,0,NULL,NULL,0),
	(463,39,140,4,1,NULL,NULL,0),
	(472,46,268,4,1,2,2,0),
	(473,46,105,4,1,NULL,NULL,0),
	(474,46,199,4,1,NULL,NULL,0),
	(475,46,140,4,1,NULL,NULL,0),
	(476,28,268,4,1,1,2,0),
	(477,28,105,4,1,NULL,NULL,0),
	(478,28,199,4,1,NULL,NULL,0),
	(479,28,140,4,1,NULL,NULL,0),
	(480,29,268,4,1,1,3,0),
	(481,29,105,4,1,NULL,NULL,0),
	(482,29,199,4,1,NULL,NULL,0),
	(483,29,140,4,1,NULL,NULL,0),
	(484,45,268,4,1,1,3,0),
	(485,45,270,4,0,NULL,NULL,0),
	(486,45,199,4,1,NULL,NULL,0),
	(487,45,271,4,0,NULL,NULL,0),
	(488,24,269,4,0,3,5,0),
	(489,24,105,4,1,NULL,NULL,0),
	(490,24,199,4,1,NULL,NULL,0),
	(491,24,271,4,0,NULL,NULL,0),
	(492,7,136,5,1,1,2,1),
	(493,7,82,5,1,NULL,NULL,0),
	(494,7,273,5,1,NULL,NULL,0),
	(495,7,275,5,1,NULL,NULL,0),
	(496,7,71,5,1,NULL,NULL,0),
	(497,7,277,5,0,NULL,NULL,0),
	(498,3,136,5,1,1,2,1),
	(499,3,82,5,1,NULL,NULL,0),
	(500,3,273,5,1,NULL,NULL,0),
	(501,3,275,5,1,NULL,NULL,0),
	(502,3,71,5,1,NULL,NULL,0),
	(503,3,276,5,1,NULL,NULL,0),
	(504,46,136,5,1,1,2,1),
	(505,46,82,5,1,NULL,NULL,0),
	(506,46,273,5,1,NULL,NULL,0),
	(507,46,275,5,1,NULL,NULL,0),
	(508,46,71,5,1,NULL,NULL,0),
	(509,46,277,5,0,NULL,NULL,0),
	(510,1,136,5,1,1,3,1),
	(511,1,82,5,1,NULL,NULL,0),
	(512,1,273,5,1,NULL,NULL,0),
	(513,1,274,5,0,NULL,NULL,0),
	(514,1,71,5,1,NULL,NULL,0),
	(515,1,276,5,1,NULL,NULL,0),
	(516,35,136,5,1,1,4,1),
	(517,35,82,5,1,NULL,NULL,0),
	(518,35,273,5,1,NULL,NULL,0),
	(519,35,274,5,0,NULL,NULL,0),
	(520,35,71,5,1,NULL,NULL,0),
	(521,35,276,5,1,NULL,NULL,0),
	(522,44,14,5,0,2,2,0),
	(523,44,82,5,1,NULL,NULL,0),
	(524,44,273,5,1,NULL,NULL,0),
	(525,44,275,5,1,NULL,NULL,0),
	(526,44,71,5,1,NULL,NULL,0),
	(527,44,276,5,1,NULL,NULL,0),
	(528,11,136,5,1,1,3,1),
	(529,11,82,5,1,NULL,NULL,0),
	(530,11,273,5,1,NULL,NULL,0),
	(531,11,275,5,1,NULL,NULL,0),
	(532,11,71,5,1,NULL,NULL,0),
	(533,11,276,5,1,NULL,NULL,0),
	(534,39,136,5,1,1,2,1),
	(535,39,82,5,1,NULL,NULL,0),
	(536,39,273,5,1,NULL,NULL,0),
	(537,39,274,5,0,NULL,NULL,0),
	(538,39,71,5,1,NULL,NULL,0),
	(539,39,277,5,0,NULL,NULL,0),
	(540,16,136,5,1,1,5,1),
	(541,16,82,5,1,NULL,NULL,0),
	(542,16,272,5,0,NULL,NULL,0),
	(543,16,274,5,0,NULL,NULL,0),
	(544,16,71,5,1,NULL,NULL,0),
	(545,16,277,5,0,NULL,NULL,0),
	(546,24,136,5,1,1,4,1),
	(547,24,82,5,1,NULL,NULL,0),
	(548,24,273,5,1,NULL,NULL,0),
	(549,24,275,5,1,NULL,NULL,0),
	(550,24,71,5,1,NULL,NULL,0),
	(551,24,276,5,1,NULL,NULL,0),
	(558,45,136,5,1,3,5,0),
	(559,45,82,5,1,NULL,NULL,0),
	(560,45,273,5,1,NULL,NULL,0),
	(561,45,275,5,1,NULL,NULL,0),
	(562,45,71,5,1,NULL,NULL,0),
	(563,45,276,5,1,NULL,NULL,0),
	(576,27,136,5,1,1,1,2),
	(577,27,82,5,1,NULL,NULL,0),
	(578,27,272,5,0,NULL,NULL,0),
	(579,27,275,5,1,NULL,NULL,0),
	(580,27,71,5,1,NULL,NULL,0),
	(581,27,277,5,0,NULL,NULL,0),
	(582,47,136,5,1,1,3,1),
	(583,47,82,5,1,NULL,NULL,0),
	(584,47,273,5,1,NULL,NULL,0),
	(585,47,275,5,1,NULL,NULL,0),
	(586,47,71,5,1,NULL,NULL,0),
	(587,47,276,5,1,NULL,NULL,0),
	(588,33,136,5,1,1,2,1),
	(589,33,82,5,1,NULL,NULL,0),
	(590,33,273,5,1,NULL,NULL,0),
	(591,33,275,5,1,NULL,NULL,0),
	(592,33,71,5,1,NULL,NULL,0),
	(593,33,276,5,1,NULL,NULL,0),
	(642,6,136,5,1,3,5,0),
	(643,6,82,5,1,NULL,NULL,0),
	(644,6,272,5,0,NULL,NULL,0),
	(645,6,274,5,0,NULL,NULL,0),
	(646,6,71,5,1,NULL,NULL,0),
	(647,6,276,5,1,NULL,NULL,0),
	(648,38,136,5,1,1,3,1),
	(649,38,82,5,1,NULL,NULL,0),
	(650,38,273,5,1,NULL,NULL,0),
	(651,38,275,5,1,NULL,NULL,0),
	(652,38,71,5,1,NULL,NULL,0),
	(653,38,276,5,1,NULL,NULL,0),
	(654,29,136,5,1,1,2,1),
	(655,29,82,5,1,NULL,NULL,0),
	(656,29,272,5,0,NULL,NULL,0),
	(657,29,274,5,0,NULL,NULL,0),
	(658,29,71,5,1,NULL,NULL,0),
	(659,29,276,5,1,NULL,NULL,0),
	(660,30,136,5,1,3,5,0),
	(661,30,82,5,1,NULL,NULL,0),
	(662,30,272,5,0,NULL,NULL,0),
	(663,30,275,5,1,NULL,NULL,0),
	(664,30,71,5,1,NULL,NULL,0),
	(665,30,276,5,1,NULL,NULL,0),
	(672,28,136,5,1,3,5,0),
	(673,28,82,5,1,NULL,NULL,0),
	(674,28,272,5,0,NULL,NULL,0),
	(675,28,274,5,0,NULL,NULL,0),
	(676,28,71,5,1,NULL,NULL,0),
	(677,28,276,5,1,NULL,NULL,0),
	(678,44,84,6,0,2,3,0),
	(679,44,6,6,0,NULL,NULL,0),
	(680,44,118,6,0,NULL,NULL,0),
	(681,44,221,6,1,NULL,NULL,0),
	(682,44,8,6,1,NULL,NULL,0),
	(683,7,84,6,0,1,3,0),
	(684,7,55,6,1,NULL,NULL,0),
	(685,7,58,6,1,NULL,NULL,0),
	(686,7,221,6,1,NULL,NULL,0),
	(687,7,8,6,1,NULL,NULL,0),
	(693,35,84,6,0,3,5,0),
	(694,35,55,6,1,NULL,NULL,0),
	(695,35,118,6,0,NULL,NULL,0),
	(696,35,278,6,0,NULL,NULL,0),
	(697,35,8,6,1,NULL,NULL,0),
	(698,1,84,6,0,3,5,0),
	(699,1,55,6,1,NULL,NULL,0),
	(700,1,118,6,0,NULL,NULL,0),
	(701,1,221,6,1,NULL,NULL,0),
	(702,1,8,6,1,NULL,NULL,0),
	(703,47,59,6,1,3,5,1),
	(704,47,6,6,0,NULL,NULL,0),
	(705,47,118,6,0,NULL,NULL,0),
	(706,47,221,6,1,NULL,NULL,0),
	(707,47,279,6,0,NULL,NULL,0),
	(713,27,59,6,1,3,5,1),
	(714,27,55,6,1,NULL,NULL,0),
	(715,27,118,6,0,NULL,NULL,0),
	(716,27,278,6,0,NULL,NULL,0),
	(717,27,8,6,1,NULL,NULL,0),
	(718,46,59,6,1,3,5,1),
	(719,46,6,6,0,NULL,NULL,0),
	(720,46,118,6,0,NULL,NULL,0),
	(721,46,221,6,1,NULL,NULL,0),
	(722,46,8,6,1,NULL,NULL,0),
	(723,3,59,6,1,1,2,0),
	(724,3,55,6,1,NULL,NULL,0),
	(725,3,58,6,1,NULL,NULL,0),
	(726,3,221,6,1,NULL,NULL,0),
	(727,3,8,6,1,NULL,NULL,0),
	(728,39,59,6,1,3,5,1),
	(729,39,6,6,0,NULL,NULL,0),
	(730,39,58,6,1,NULL,NULL,0),
	(731,39,278,6,0,NULL,NULL,0),
	(732,39,8,6,1,NULL,NULL,0),
	(733,6,59,6,1,1,4,0),
	(734,6,55,6,1,NULL,NULL,0),
	(735,6,118,6,0,NULL,NULL,0),
	(736,6,221,6,1,NULL,NULL,0),
	(737,6,8,6,1,NULL,NULL,0),
	(743,16,59,6,1,1,5,1),
	(744,16,55,6,1,NULL,NULL,0),
	(745,16,118,6,0,NULL,NULL,0),
	(746,16,221,6,1,NULL,NULL,0),
	(747,16,8,6,1,NULL,NULL,0),
	(748,30,59,6,1,3,5,1),
	(749,30,55,6,1,NULL,NULL,0),
	(750,30,118,6,0,NULL,NULL,0),
	(751,30,221,6,1,NULL,NULL,0),
	(752,30,8,6,1,NULL,NULL,0),
	(758,45,84,6,0,3,5,0),
	(759,45,55,6,1,NULL,NULL,0),
	(760,45,118,6,0,NULL,NULL,0),
	(761,45,221,6,1,NULL,NULL,0),
	(762,45,8,6,1,NULL,NULL,0),
	(763,38,84,6,0,2,1,0),
	(764,38,6,6,0,NULL,NULL,0),
	(765,38,58,6,1,NULL,NULL,0),
	(766,38,221,6,1,NULL,NULL,0),
	(767,38,8,6,1,NULL,NULL,0),
	(768,11,59,6,1,1,3,0),
	(769,11,55,6,1,NULL,NULL,0),
	(770,11,58,6,1,NULL,NULL,0),
	(771,11,221,6,1,NULL,NULL,0),
	(772,11,8,6,1,NULL,NULL,0),
	(773,33,84,6,0,1,2,0),
	(774,33,55,6,1,NULL,NULL,0),
	(775,33,58,6,1,NULL,NULL,0),
	(776,33,221,6,1,NULL,NULL,0),
	(777,33,8,6,1,NULL,NULL,0),
	(778,29,59,6,1,3,5,1),
	(779,29,55,6,1,NULL,NULL,0),
	(780,29,118,6,0,NULL,NULL,0),
	(781,29,221,6,1,NULL,NULL,0),
	(782,29,8,6,1,NULL,NULL,0),
	(788,24,59,6,1,3,5,1),
	(789,24,6,6,0,NULL,NULL,0),
	(790,24,118,6,0,NULL,NULL,0),
	(791,24,221,6,1,NULL,NULL,0),
	(792,24,8,6,1,NULL,NULL,0),
	(793,28,59,6,1,1,3,0),
	(794,28,55,6,1,NULL,NULL,0),
	(795,28,58,6,1,NULL,NULL,0),
	(796,28,221,6,1,NULL,NULL,0),
	(797,28,8,6,1,NULL,NULL,0),
	(798,7,154,7,1,1,1,1),
	(799,7,97,7,0,NULL,NULL,0),
	(800,7,141,7,1,NULL,NULL,0),
	(801,7,16,7,0,NULL,NULL,0),
	(802,3,154,7,1,1,1,1),
	(803,3,55,7,1,NULL,NULL,0),
	(804,3,141,7,1,NULL,NULL,0),
	(805,3,16,7,0,NULL,NULL,0),
	(806,46,154,7,1,1,2,2),
	(807,46,55,7,1,NULL,NULL,0),
	(808,46,141,7,1,NULL,NULL,0),
	(809,46,207,7,1,NULL,NULL,0),
	(810,44,154,7,1,1,4,1),
	(811,44,97,7,0,NULL,NULL,0),
	(812,44,141,7,1,NULL,NULL,0),
	(813,44,16,7,0,NULL,NULL,0),
	(818,39,154,7,1,1,1,1),
	(819,39,97,7,0,NULL,NULL,0),
	(820,39,141,7,1,NULL,NULL,0),
	(821,39,207,7,1,NULL,NULL,0),
	(822,47,154,7,1,1,4,1),
	(823,47,97,7,0,NULL,NULL,0),
	(824,47,141,7,1,NULL,NULL,0),
	(825,47,16,7,0,NULL,NULL,0),
	(826,1,154,7,1,1,1,1),
	(827,1,97,7,0,NULL,NULL,0),
	(828,1,141,7,1,NULL,NULL,0),
	(829,1,207,7,1,NULL,NULL,0),
	(838,6,154,7,1,1,1,1),
	(839,6,97,7,0,NULL,NULL,0),
	(840,6,141,7,1,NULL,NULL,0),
	(841,6,16,7,0,NULL,NULL,0),
	(846,27,154,7,1,1,1,1),
	(847,27,55,7,1,NULL,NULL,0),
	(848,27,141,7,1,NULL,NULL,0),
	(849,27,207,7,1,NULL,NULL,0),
	(850,38,154,7,1,1,1,1),
	(851,38,55,7,1,NULL,NULL,0),
	(852,38,141,7,1,NULL,NULL,0),
	(853,38,16,7,0,NULL,NULL,0),
	(854,33,154,7,1,1,2,2),
	(855,33,55,7,1,NULL,NULL,0),
	(856,33,141,7,1,NULL,NULL,0),
	(857,33,207,7,1,NULL,NULL,0),
	(862,29,154,7,1,1,2,2),
	(863,29,55,7,1,NULL,NULL,0),
	(864,29,141,7,1,NULL,NULL,0),
	(865,29,16,7,0,NULL,NULL,0),
	(870,35,154,7,1,1,1,1),
	(871,35,97,7,0,NULL,NULL,0),
	(872,35,141,7,1,NULL,NULL,0),
	(873,35,16,7,0,NULL,NULL,0),
	(874,45,154,7,1,3,5,0),
	(875,45,97,7,0,NULL,NULL,0),
	(876,45,141,7,1,NULL,NULL,0),
	(877,45,207,7,1,NULL,NULL,0),
	(878,30,154,7,1,1,3,1),
	(879,30,55,7,1,NULL,NULL,0),
	(880,30,141,7,1,NULL,NULL,0),
	(881,30,16,7,0,NULL,NULL,0),
	(890,16,154,7,1,1,1,1),
	(891,16,55,7,1,NULL,NULL,0),
	(892,16,141,7,1,NULL,NULL,0),
	(893,16,16,7,0,NULL,NULL,0),
	(894,24,154,7,1,1,1,1),
	(895,24,97,7,0,NULL,NULL,0),
	(896,24,141,7,1,NULL,NULL,0),
	(897,24,207,7,1,NULL,NULL,0),
	(898,11,154,7,1,1,1,1),
	(899,11,55,7,1,NULL,NULL,0),
	(900,11,141,7,1,NULL,NULL,0),
	(901,11,207,7,1,NULL,NULL,0),
	(902,28,154,7,1,1,1,1),
	(903,28,97,7,0,NULL,NULL,0),
	(904,28,141,7,1,NULL,NULL,0),
	(905,28,16,7,0,NULL,NULL,0),
	(906,7,91,9,1,NULL,NULL,0),
	(907,7,61,9,0,NULL,NULL,0),
	(908,7,228,9,0,NULL,NULL,0),
	(909,7,62,9,1,1,3,1),
	(910,44,91,9,1,NULL,NULL,0),
	(911,44,61,9,0,NULL,NULL,0),
	(912,44,318,9,1,NULL,NULL,0),
	(913,44,62,9,1,1,4,1),
	(914,1,91,9,1,NULL,NULL,0),
	(915,1,61,9,0,NULL,NULL,0),
	(916,1,228,9,0,NULL,NULL,0),
	(917,1,43,9,0,3,5,0),
	(918,6,91,9,1,NULL,NULL,0),
	(919,6,61,9,0,NULL,NULL,0),
	(920,6,228,9,0,NULL,NULL,0),
	(921,6,43,9,0,3,5,0),
	(922,16,91,9,1,NULL,NULL,0),
	(923,16,61,9,0,NULL,NULL,0),
	(924,16,228,9,0,NULL,NULL,0),
	(925,16,43,9,0,2,2,0),
	(926,3,91,9,1,NULL,NULL,0),
	(927,3,61,9,0,NULL,NULL,0),
	(928,3,318,9,1,NULL,NULL,0),
	(929,3,43,9,0,3,5,0),
	(930,30,91,9,1,NULL,NULL,0),
	(931,30,61,9,0,NULL,NULL,0),
	(932,30,318,9,1,NULL,NULL,0),
	(933,30,43,9,0,2,4,0),
	(934,46,91,9,1,NULL,NULL,0),
	(935,46,61,9,0,NULL,NULL,0),
	(936,46,318,9,1,NULL,NULL,0),
	(937,46,43,9,0,1,2,0),
	(938,35,12,9,0,NULL,NULL,0),
	(939,35,61,9,0,NULL,NULL,0),
	(940,35,318,9,1,NULL,NULL,0),
	(941,35,43,9,0,2,3,0),
	(946,47,91,9,1,NULL,NULL,0),
	(947,47,61,9,0,NULL,NULL,0),
	(948,47,228,9,0,NULL,NULL,0),
	(949,47,62,9,1,3,5,0),
	(950,27,91,9,1,NULL,NULL,0),
	(951,27,61,9,0,NULL,NULL,0),
	(952,27,228,9,0,NULL,NULL,0),
	(953,27,43,9,0,1,4,0),
	(954,39,91,9,1,NULL,NULL,0),
	(955,39,61,9,0,NULL,NULL,0),
	(956,39,228,9,0,NULL,NULL,0),
	(957,39,62,9,1,1,2,1),
	(958,24,91,9,1,NULL,NULL,0),
	(959,24,61,9,0,NULL,NULL,0),
	(960,24,228,9,0,NULL,NULL,0),
	(961,24,43,9,0,3,5,0),
	(962,33,12,9,0,NULL,NULL,0),
	(963,33,111,9,1,NULL,NULL,0),
	(964,33,318,9,1,NULL,NULL,0),
	(965,33,43,9,0,3,5,0),
	(966,11,91,9,1,NULL,NULL,0),
	(967,11,111,9,1,NULL,NULL,0),
	(968,11,318,9,1,NULL,NULL,0),
	(969,11,43,9,0,1,3,0),
	(970,29,91,9,1,NULL,NULL,0),
	(971,29,61,9,0,NULL,NULL,0),
	(972,29,318,9,1,NULL,NULL,0),
	(973,29,43,9,0,3,5,0),
	(974,38,91,9,1,NULL,NULL,0),
	(975,38,61,9,0,NULL,NULL,0),
	(976,38,228,9,0,NULL,NULL,0),
	(977,38,62,9,1,1,3,1),
	(978,45,12,9,0,NULL,NULL,0),
	(979,45,61,9,0,NULL,NULL,0),
	(980,45,228,9,0,NULL,NULL,0),
	(981,45,43,9,0,3,5,0),
	(982,28,91,9,1,NULL,NULL,0),
	(983,28,61,9,0,NULL,NULL,0),
	(984,28,228,9,0,NULL,NULL,0),
	(985,28,43,9,0,1,4,0),
	(986,24,282,10,1,1,1,0),
	(987,24,126,10,0,NULL,NULL,0),
	(988,24,251,10,1,NULL,NULL,0),
	(989,24,186,10,1,NULL,NULL,0),
	(990,24,286,10,1,NULL,NULL,0),
	(991,3,282,10,1,1,3,0),
	(992,3,4,10,1,NULL,NULL,0),
	(993,3,251,10,1,NULL,NULL,0),
	(994,3,186,10,1,NULL,NULL,0),
	(995,3,185,10,0,NULL,NULL,0),
	(996,46,282,10,1,1,2,0),
	(997,46,4,10,1,NULL,NULL,0),
	(998,46,251,10,1,NULL,NULL,0),
	(999,46,186,10,1,NULL,NULL,0),
	(1000,46,185,10,0,NULL,NULL,0),
	(1001,45,282,10,1,3,5,1),
	(1002,45,126,10,0,NULL,NULL,0),
	(1003,45,202,10,0,NULL,NULL,0),
	(1004,45,186,10,1,NULL,NULL,0),
	(1005,45,286,10,1,NULL,NULL,0),
	(1006,1,282,10,1,1,2,0),
	(1007,1,4,10,1,NULL,NULL,0),
	(1008,1,202,10,0,NULL,NULL,0),
	(1009,1,186,10,1,NULL,NULL,0),
	(1010,1,185,10,0,NULL,NULL,0),
	(1011,44,282,10,1,1,1,0),
	(1012,44,126,10,0,NULL,NULL,0),
	(1013,44,251,10,1,NULL,NULL,0),
	(1014,44,186,10,1,NULL,NULL,0),
	(1015,44,185,10,0,NULL,NULL,0),
	(1016,35,282,10,1,1,2,0),
	(1017,35,4,10,1,NULL,NULL,0),
	(1018,35,202,10,0,NULL,NULL,0),
	(1019,35,64,10,0,NULL,NULL,0),
	(1020,35,286,10,1,NULL,NULL,0),
	(1026,27,282,10,1,3,5,1),
	(1027,27,126,10,0,NULL,NULL,0),
	(1028,27,202,10,0,NULL,NULL,0),
	(1029,27,186,10,1,NULL,NULL,0),
	(1030,27,185,10,0,NULL,NULL,0),
	(1031,7,282,10,1,1,3,0),
	(1032,7,4,10,1,NULL,NULL,0),
	(1033,7,202,10,0,NULL,NULL,0),
	(1034,7,186,10,1,NULL,NULL,0),
	(1035,7,286,10,1,NULL,NULL,0),
	(1036,16,282,10,1,1,1,0),
	(1037,16,4,10,1,NULL,NULL,0),
	(1038,16,202,10,0,NULL,NULL,0),
	(1039,16,186,10,1,NULL,NULL,0),
	(1040,16,286,10,1,NULL,NULL,0),
	(1041,11,282,10,1,1,2,0),
	(1042,11,126,10,0,NULL,NULL,0),
	(1043,11,202,10,0,NULL,NULL,0),
	(1044,11,186,10,1,NULL,NULL,0),
	(1045,11,286,10,1,NULL,NULL,0),
	(1046,47,282,10,1,3,5,1),
	(1047,47,4,10,1,NULL,NULL,0),
	(1048,47,202,10,0,NULL,NULL,0),
	(1049,47,186,10,1,NULL,NULL,0),
	(1050,47,286,10,1,NULL,NULL,0),
	(1051,38,283,10,0,1,2,0),
	(1052,38,126,10,0,NULL,NULL,0),
	(1053,38,251,10,1,NULL,NULL,0),
	(1054,38,186,10,1,NULL,NULL,0),
	(1055,38,185,10,0,NULL,NULL,0),
	(1056,39,282,10,1,2,3,0),
	(1057,39,4,10,1,NULL,NULL,0),
	(1058,39,251,10,1,NULL,NULL,0),
	(1059,39,64,10,0,NULL,NULL,0),
	(1060,39,286,10,1,NULL,NULL,0),
	(1061,30,282,10,1,1,2,0),
	(1062,30,126,10,0,NULL,NULL,0),
	(1063,30,251,10,1,NULL,NULL,0),
	(1064,30,186,10,1,NULL,NULL,0),
	(1065,30,185,10,0,NULL,NULL,0),
	(1086,6,282,10,1,1,2,0),
	(1087,6,4,10,1,NULL,NULL,0),
	(1088,6,202,10,0,NULL,NULL,0),
	(1089,6,186,10,1,NULL,NULL,0),
	(1090,6,286,10,1,NULL,NULL,0),
	(1091,29,282,10,1,1,3,0),
	(1092,29,4,10,1,NULL,NULL,0),
	(1093,29,251,10,1,NULL,NULL,0),
	(1094,29,186,10,1,NULL,NULL,0),
	(1095,29,286,10,1,NULL,NULL,0),
	(1111,33,282,10,1,3,5,1),
	(1112,33,4,10,1,NULL,NULL,0),
	(1113,33,251,10,1,NULL,NULL,0),
	(1114,33,186,10,1,NULL,NULL,0),
	(1115,33,185,10,0,NULL,NULL,0),
	(1116,28,282,10,1,3,5,1),
	(1117,28,4,10,1,NULL,NULL,0),
	(1118,28,251,10,1,NULL,NULL,0),
	(1119,28,186,10,1,NULL,NULL,0),
	(1120,28,286,10,1,NULL,NULL,0),
	(1121,46,97,11,1,3,5,0),
	(1122,46,67,11,1,NULL,NULL,0),
	(1123,46,219,11,0,NULL,NULL,0),
	(1124,46,328,11,1,NULL,NULL,0),
	(1125,46,330,11,1,NULL,NULL,0),
	(1126,46,332,11,0,NULL,NULL,0),
	(1127,44,97,11,1,3,5,0),
	(1128,44,67,11,1,NULL,NULL,0),
	(1129,44,219,11,0,NULL,NULL,0),
	(1130,44,328,11,1,NULL,NULL,0),
	(1131,44,19,11,0,NULL,NULL,0),
	(1132,44,331,11,1,NULL,NULL,0),
	(1133,6,97,11,1,3,5,0),
	(1134,6,327,11,0,NULL,NULL,0),
	(1135,6,219,11,0,NULL,NULL,0),
	(1136,6,328,11,1,NULL,NULL,0),
	(1137,6,19,11,0,NULL,NULL,0),
	(1138,6,332,11,0,NULL,NULL,0),
	(1139,35,97,11,1,2,4,2),
	(1140,35,67,11,1,NULL,NULL,0),
	(1141,35,219,11,0,NULL,NULL,0),
	(1142,35,328,11,1,NULL,NULL,0),
	(1143,35,19,11,0,NULL,NULL,0),
	(1144,35,331,11,1,NULL,NULL,0),
	(1157,27,97,11,1,3,5,0),
	(1158,27,67,11,1,NULL,NULL,0),
	(1159,27,75,11,1,NULL,NULL,0),
	(1160,27,328,11,1,NULL,NULL,0),
	(1161,27,19,11,0,NULL,NULL,0),
	(1162,27,331,11,1,NULL,NULL,0),
	(1163,47,97,11,1,3,5,0),
	(1164,47,67,11,1,NULL,NULL,0),
	(1165,47,75,11,1,NULL,NULL,0),
	(1166,47,329,11,0,NULL,NULL,0),
	(1167,47,330,11,1,NULL,NULL,0),
	(1168,47,331,11,1,NULL,NULL,0),
	(1169,30,326,11,0,3,5,0),
	(1170,30,67,11,1,NULL,NULL,0),
	(1171,30,75,11,1,NULL,NULL,0),
	(1172,30,328,11,1,NULL,NULL,0),
	(1173,30,19,11,0,NULL,NULL,0),
	(1174,30,331,11,1,NULL,NULL,0),
	(1175,7,326,11,0,3,5,0),
	(1176,7,67,11,1,NULL,NULL,0),
	(1177,7,75,11,1,NULL,NULL,0),
	(1178,7,328,11,1,NULL,NULL,0),
	(1179,7,330,11,1,NULL,NULL,0),
	(1180,7,331,11,1,NULL,NULL,0),
	(1181,1,97,11,1,1,3,0),
	(1182,1,67,11,1,NULL,NULL,0),
	(1183,1,75,11,1,NULL,NULL,0),
	(1184,1,329,11,0,NULL,NULL,0),
	(1185,1,330,11,1,NULL,NULL,0),
	(1186,1,331,11,1,NULL,NULL,0),
	(1187,16,97,11,1,3,5,0),
	(1188,16,67,11,1,NULL,NULL,0),
	(1189,16,219,11,0,NULL,NULL,0),
	(1190,16,328,11,1,NULL,NULL,0),
	(1191,16,19,11,0,NULL,NULL,0),
	(1192,16,331,11,1,NULL,NULL,0),
	(1193,39,326,11,0,1,1,0),
	(1194,39,67,11,1,NULL,NULL,0),
	(1195,39,75,11,1,NULL,NULL,0),
	(1196,39,329,11,0,NULL,NULL,0),
	(1197,39,330,11,1,NULL,NULL,0),
	(1198,39,331,11,1,NULL,NULL,0),
	(1199,11,326,11,0,1,2,0),
	(1200,11,67,11,1,NULL,NULL,0),
	(1201,11,75,11,1,NULL,NULL,0),
	(1202,11,329,11,0,NULL,NULL,0),
	(1203,11,330,11,1,NULL,NULL,0),
	(1204,11,331,11,1,NULL,NULL,0),
	(1205,33,326,11,0,3,5,0),
	(1206,33,67,11,1,NULL,NULL,0),
	(1207,33,75,11,1,NULL,NULL,0),
	(1208,33,329,11,0,NULL,NULL,0),
	(1209,33,330,11,1,NULL,NULL,0),
	(1210,33,331,11,1,NULL,NULL,0),
	(1211,38,326,11,0,1,2,0),
	(1212,38,67,11,1,NULL,NULL,0),
	(1213,38,75,11,1,NULL,NULL,0),
	(1214,38,328,11,1,NULL,NULL,0),
	(1215,38,330,11,1,NULL,NULL,0),
	(1216,38,331,11,1,NULL,NULL,0),
	(1223,29,97,11,1,3,5,0),
	(1224,29,67,11,1,NULL,NULL,0),
	(1225,29,75,11,1,NULL,NULL,0),
	(1226,29,328,11,1,NULL,NULL,0),
	(1227,29,19,11,0,NULL,NULL,0),
	(1228,29,331,11,1,NULL,NULL,0),
	(1229,3,326,11,0,1,2,0),
	(1230,3,327,11,0,NULL,NULL,0),
	(1231,3,75,11,1,NULL,NULL,0),
	(1232,3,328,11,1,NULL,NULL,0),
	(1233,3,330,11,1,NULL,NULL,0),
	(1234,3,332,11,0,NULL,NULL,0),
	(1235,24,97,11,1,3,5,0),
	(1236,24,67,11,1,NULL,NULL,0),
	(1237,24,75,11,1,NULL,NULL,0),
	(1238,24,328,11,1,NULL,NULL,0),
	(1239,24,19,11,0,NULL,NULL,0),
	(1240,24,331,11,1,NULL,NULL,0),
	(1241,28,326,11,0,1,2,0),
	(1242,28,67,11,1,NULL,NULL,0),
	(1243,28,75,11,1,NULL,NULL,0),
	(1244,28,329,11,0,NULL,NULL,0),
	(1245,28,330,11,1,NULL,NULL,0),
	(1246,28,331,11,1,NULL,NULL,0),
	(1247,1,206,12,0,1,2,0),
	(1248,1,56,12,0,NULL,NULL,0),
	(1249,1,13,12,0,NULL,NULL,0),
	(1250,1,98,12,0,NULL,NULL,0),
	(1251,1,211,12,0,NULL,NULL,0),
	(1252,1,94,12,0,NULL,NULL,0),
	(1253,7,206,12,0,1,3,0),
	(1254,7,56,12,0,NULL,NULL,0),
	(1255,7,13,12,0,NULL,NULL,0),
	(1256,7,98,12,0,NULL,NULL,0),
	(1257,7,211,12,0,NULL,NULL,0),
	(1258,7,209,12,1,NULL,NULL,0),
	(1259,44,206,12,0,1,3,0),
	(1260,44,56,12,0,NULL,NULL,0),
	(1261,44,174,12,1,NULL,NULL,0),
	(1262,44,98,12,0,NULL,NULL,0),
	(1263,44,211,12,0,NULL,NULL,0),
	(1264,44,94,12,0,NULL,NULL,0),
	(1265,55,206,12,0,1,2,0),
	(1266,55,56,12,0,NULL,NULL,0),
	(1267,55,13,12,0,NULL,NULL,0),
	(1268,55,98,12,0,NULL,NULL,0),
	(1269,55,211,12,0,NULL,NULL,0),
	(1270,55,94,12,0,NULL,NULL,0),
	(1271,54,206,12,0,1,3,0),
	(1272,54,56,12,0,NULL,NULL,0),
	(1273,54,13,12,0,NULL,NULL,0),
	(1274,54,98,12,0,NULL,NULL,0),
	(1275,54,211,12,0,NULL,NULL,0),
	(1276,54,94,12,0,NULL,NULL,0),
	(1277,6,206,12,0,1,2,0),
	(1278,6,56,12,0,NULL,NULL,0),
	(1279,6,13,12,0,NULL,NULL,0),
	(1280,6,98,12,0,NULL,NULL,0),
	(1281,6,211,12,0,NULL,NULL,0),
	(1282,6,94,12,0,NULL,NULL,0),
	(1283,16,206,12,0,1,2,0),
	(1284,16,56,12,0,NULL,NULL,0),
	(1285,16,13,12,0,NULL,NULL,0),
	(1286,16,98,12,0,NULL,NULL,0),
	(1287,16,211,12,0,NULL,NULL,0),
	(1288,16,94,12,0,NULL,NULL,0),
	(1289,39,206,12,0,1,1,0),
	(1290,39,56,12,0,NULL,NULL,0),
	(1291,39,13,12,0,NULL,NULL,0),
	(1292,39,98,12,0,NULL,NULL,0),
	(1293,39,211,12,0,NULL,NULL,0),
	(1294,39,94,12,0,NULL,NULL,0),
	(1295,35,206,12,0,1,2,0),
	(1296,35,56,12,0,NULL,NULL,0),
	(1297,35,13,12,0,NULL,NULL,0),
	(1298,35,98,12,0,NULL,NULL,0),
	(1299,35,335,12,1,NULL,NULL,0),
	(1300,35,94,12,0,NULL,NULL,0),
	(1301,56,206,12,0,3,5,0),
	(1302,56,56,12,0,NULL,NULL,0),
	(1303,56,174,12,1,NULL,NULL,0),
	(1304,56,98,12,0,NULL,NULL,0),
	(1305,56,211,12,0,NULL,NULL,0),
	(1306,56,94,12,0,NULL,NULL,0),
	(1307,29,206,12,0,1,2,0),
	(1308,29,56,12,0,NULL,NULL,0),
	(1309,29,13,12,0,NULL,NULL,0),
	(1310,29,98,12,0,NULL,NULL,0),
	(1311,29,211,12,0,NULL,NULL,0),
	(1312,29,94,12,0,NULL,NULL,0),
	(1313,3,206,12,0,1,2,0),
	(1314,3,56,12,0,NULL,NULL,0),
	(1315,3,13,12,0,NULL,NULL,0),
	(1316,3,98,12,0,NULL,NULL,0),
	(1317,3,211,12,0,NULL,NULL,0),
	(1318,3,209,12,1,NULL,NULL,0),
	(1319,47,290,12,1,1,1,2),
	(1320,47,56,12,0,NULL,NULL,0),
	(1321,47,13,12,0,NULL,NULL,0),
	(1322,47,98,12,0,NULL,NULL,0),
	(1323,47,211,12,0,NULL,NULL,0),
	(1324,47,94,12,0,NULL,NULL,0),
	(1325,11,206,12,0,1,1,0),
	(1326,11,45,12,1,NULL,NULL,0),
	(1327,11,13,12,0,NULL,NULL,0),
	(1328,11,98,12,0,NULL,NULL,0),
	(1329,11,211,12,0,NULL,NULL,0),
	(1330,11,94,12,0,NULL,NULL,0),
	(1331,38,206,12,0,1,2,0),
	(1332,38,45,12,1,NULL,NULL,0),
	(1333,38,13,12,0,NULL,NULL,0),
	(1334,38,98,12,0,NULL,NULL,0),
	(1335,38,211,12,0,NULL,NULL,0),
	(1336,38,94,12,0,NULL,NULL,0),
	(1337,30,206,12,0,1,3,0),
	(1338,30,56,12,0,NULL,NULL,0),
	(1339,30,13,12,0,NULL,NULL,0),
	(1340,30,98,12,0,NULL,NULL,0),
	(1341,30,211,12,0,NULL,NULL,0),
	(1342,30,94,12,0,NULL,NULL,0),
	(1343,45,206,12,0,3,5,0),
	(1344,45,56,12,0,NULL,NULL,0),
	(1345,45,13,12,0,NULL,NULL,0),
	(1346,45,98,12,0,NULL,NULL,0),
	(1347,45,211,12,0,NULL,NULL,0),
	(1348,45,94,12,0,NULL,NULL,0),
	(1349,58,206,12,0,1,2,0),
	(1350,58,45,12,1,NULL,NULL,0),
	(1351,58,13,12,0,NULL,NULL,0),
	(1352,58,98,12,0,NULL,NULL,0),
	(1353,58,211,12,0,NULL,NULL,0),
	(1354,58,94,12,0,NULL,NULL,0),
	(1355,27,206,12,0,1,2,0),
	(1356,27,56,12,0,NULL,NULL,0),
	(1357,27,13,12,0,NULL,NULL,0),
	(1358,27,98,12,0,NULL,NULL,0),
	(1359,27,211,12,0,NULL,NULL,0),
	(1360,27,209,12,1,NULL,NULL,0),
	(1361,59,290,12,1,1,4,1),
	(1362,59,45,12,1,NULL,NULL,0),
	(1363,59,13,12,0,NULL,NULL,0),
	(1364,59,334,12,1,NULL,NULL,0),
	(1365,59,211,12,0,NULL,NULL,0),
	(1366,59,94,12,0,NULL,NULL,0),
	(1367,33,206,12,0,1,1,0),
	(1368,33,56,12,0,NULL,NULL,0),
	(1369,33,13,12,0,NULL,NULL,0),
	(1370,33,98,12,0,NULL,NULL,0),
	(1371,33,211,12,0,NULL,NULL,0),
	(1372,33,94,12,0,NULL,NULL,0),
	(1373,46,206,12,0,1,2,0),
	(1374,46,56,12,0,NULL,NULL,0),
	(1375,46,13,12,0,NULL,NULL,0),
	(1376,46,334,12,1,NULL,NULL,0),
	(1377,46,211,12,0,NULL,NULL,0),
	(1378,46,209,12,1,NULL,NULL,0),
	(1379,24,206,12,0,1,2,0),
	(1380,24,45,12,1,NULL,NULL,0),
	(1381,24,13,12,0,NULL,NULL,0),
	(1382,24,98,12,0,NULL,NULL,0),
	(1383,24,211,12,0,NULL,NULL,0),
	(1384,24,94,12,0,NULL,NULL,0),
	(1385,7,137,13,1,1,2,0),
	(1386,7,343,13,1,NULL,NULL,0),
	(1387,7,175,13,1,NULL,NULL,0),
	(1388,7,85,13,1,NULL,NULL,0),
	(1389,7,191,13,1,NULL,NULL,0),
	(1390,3,137,13,1,2,1,2),
	(1391,3,343,13,1,NULL,NULL,0),
	(1392,3,175,13,1,NULL,NULL,0),
	(1393,3,85,13,1,NULL,NULL,0),
	(1394,3,191,13,1,NULL,NULL,0),
	(1395,46,137,13,1,1,2,0),
	(1396,46,342,13,0,NULL,NULL,0),
	(1397,46,220,13,0,NULL,NULL,0),
	(1398,46,85,13,1,NULL,NULL,0),
	(1399,46,191,13,1,NULL,NULL,0),
	(1400,55,137,13,1,NULL,1,1),
	(1401,55,343,13,1,NULL,NULL,0),
	(1402,55,175,13,1,NULL,NULL,0),
	(1403,55,85,13,1,NULL,NULL,0),
	(1404,55,191,13,1,NULL,NULL,0),
	(1405,1,137,13,1,1,1,1),
	(1406,1,343,13,1,NULL,NULL,0),
	(1407,1,175,13,1,NULL,NULL,0),
	(1408,1,85,13,1,NULL,NULL,0),
	(1409,1,191,13,1,NULL,NULL,0),
	(1410,44,137,13,1,1,2,0),
	(1411,44,343,13,1,NULL,NULL,0),
	(1412,44,175,13,1,NULL,NULL,0),
	(1413,44,85,13,1,NULL,NULL,0),
	(1414,44,191,13,1,NULL,NULL,0),
	(1415,54,137,13,1,2,3,1),
	(1416,54,343,13,1,NULL,NULL,0),
	(1417,54,220,13,0,NULL,NULL,0),
	(1418,54,85,13,1,NULL,NULL,0),
	(1419,54,191,13,1,NULL,NULL,0),
	(1420,6,137,13,1,2,1,2),
	(1421,6,343,13,1,NULL,NULL,0),
	(1422,6,175,13,1,NULL,NULL,0),
	(1423,6,85,13,1,NULL,NULL,0),
	(1424,6,191,13,1,NULL,NULL,0),
	(1425,57,137,13,1,2,2,1),
	(1426,57,343,13,1,NULL,NULL,0),
	(1427,57,220,13,0,NULL,NULL,0),
	(1428,57,85,13,1,NULL,NULL,0),
	(1429,57,191,13,1,NULL,NULL,0),
	(1430,27,137,13,1,2,2,1),
	(1431,27,342,13,0,NULL,NULL,0),
	(1432,27,175,13,1,NULL,NULL,0),
	(1433,27,293,13,0,NULL,NULL,0),
	(1434,27,207,13,0,NULL,NULL,0),
	(1435,16,137,13,1,2,3,1),
	(1436,16,343,13,1,NULL,NULL,0),
	(1437,16,175,13,1,NULL,NULL,0),
	(1438,16,293,13,0,NULL,NULL,0),
	(1439,16,191,13,1,NULL,NULL,0),
	(1440,59,137,13,1,2,2,1),
	(1441,59,343,13,1,NULL,NULL,0),
	(1442,59,175,13,1,NULL,NULL,0),
	(1443,59,293,13,0,NULL,NULL,0),
	(1444,59,191,13,1,NULL,NULL,0),
	(1450,11,137,13,1,1,3,0),
	(1451,11,343,13,1,NULL,NULL,0),
	(1452,11,175,13,1,NULL,NULL,0),
	(1453,11,293,13,0,NULL,NULL,0),
	(1454,11,191,13,1,NULL,NULL,0),
	(1455,35,137,13,1,2,1,2),
	(1456,35,343,13,1,NULL,NULL,0),
	(1457,35,220,13,0,NULL,NULL,0),
	(1458,35,85,13,1,NULL,NULL,0),
	(1459,35,191,13,1,NULL,NULL,0),
	(1460,30,137,13,1,2,3,1),
	(1461,30,343,13,1,NULL,NULL,0),
	(1462,30,175,13,1,NULL,NULL,0),
	(1463,30,85,13,1,NULL,NULL,0),
	(1464,30,191,13,1,NULL,NULL,0),
	(1465,29,137,13,1,2,3,1),
	(1466,29,343,13,1,NULL,NULL,0),
	(1467,29,175,13,1,NULL,NULL,0),
	(1468,29,85,13,1,NULL,NULL,0),
	(1469,29,191,13,1,NULL,NULL,0),
	(1475,58,137,13,1,2,2,1),
	(1476,58,343,13,1,NULL,NULL,0),
	(1477,58,220,13,0,NULL,NULL,0),
	(1478,58,293,13,0,NULL,NULL,0),
	(1479,58,207,13,0,NULL,NULL,0),
	(1490,45,137,13,1,3,5,0),
	(1491,45,343,13,1,NULL,NULL,0),
	(1492,45,220,13,0,NULL,NULL,0),
	(1493,45,85,13,1,NULL,NULL,0),
	(1494,45,191,13,1,NULL,NULL,0),
	(1495,38,137,13,1,2,2,1),
	(1496,38,343,13,1,NULL,NULL,0),
	(1497,38,220,13,0,NULL,NULL,0),
	(1498,38,85,13,1,NULL,NULL,0),
	(1499,38,191,13,1,NULL,NULL,0),
	(1500,24,137,13,1,2,1,2),
	(1501,24,343,13,1,NULL,NULL,0),
	(1502,24,175,13,1,NULL,NULL,0),
	(1503,24,85,13,1,NULL,NULL,0),
	(1504,24,191,13,1,NULL,NULL,0),
	(1505,47,137,13,1,2,3,1),
	(1506,47,343,13,1,NULL,NULL,0),
	(1507,47,175,13,1,NULL,NULL,0),
	(1508,47,293,13,0,NULL,NULL,0),
	(1509,47,207,13,0,NULL,NULL,0),
	(1510,33,137,13,1,1,1,1),
	(1511,33,343,13,1,NULL,NULL,0),
	(1512,33,175,13,1,NULL,NULL,0),
	(1513,33,85,13,1,NULL,NULL,0),
	(1514,33,191,13,1,NULL,NULL,0),
	(1525,56,137,13,1,2,1,2),
	(1526,56,342,13,0,NULL,NULL,0),
	(1527,56,175,13,1,NULL,NULL,0),
	(1528,56,85,13,1,NULL,NULL,0),
	(1529,56,191,13,1,NULL,NULL,0),
	(1530,39,137,13,1,2,1,2),
	(1531,39,343,13,1,NULL,NULL,0),
	(1532,39,175,13,1,NULL,NULL,0),
	(1533,39,85,13,1,NULL,NULL,0),
	(1534,39,191,13,1,NULL,NULL,0),
	(1535,7,264,14,0,1,3,0),
	(1536,7,344,14,0,NULL,NULL,0),
	(1537,7,1,14,1,NULL,NULL,0),
	(1538,7,36,14,0,NULL,NULL,0),
	(1539,7,345,14,1,NULL,NULL,0),
	(1540,35,264,14,0,2,5,0),
	(1541,35,350,14,1,NULL,NULL,0),
	(1542,35,70,14,0,NULL,NULL,0),
	(1543,35,36,14,0,NULL,NULL,0),
	(1544,35,78,14,0,NULL,NULL,0),
	(1545,6,264,14,0,3,5,0),
	(1546,6,344,14,0,NULL,NULL,0),
	(1547,6,1,14,1,NULL,NULL,0),
	(1548,6,199,14,1,NULL,NULL,0),
	(1549,6,345,14,1,NULL,NULL,0),
	(1550,54,264,14,0,3,5,0),
	(1551,54,344,14,0,NULL,NULL,0),
	(1552,54,1,14,1,NULL,NULL,0),
	(1553,54,36,14,0,NULL,NULL,0),
	(1554,54,345,14,1,NULL,NULL,0),
	(1555,27,264,14,0,1,1,0),
	(1556,27,344,14,0,NULL,NULL,0),
	(1557,27,70,14,0,NULL,NULL,0),
	(1558,27,36,14,0,NULL,NULL,0),
	(1559,27,78,14,0,NULL,NULL,0),
	(1560,56,264,14,0,1,3,0),
	(1561,56,344,14,0,NULL,NULL,0),
	(1562,56,1,14,1,NULL,NULL,0),
	(1563,56,36,14,0,NULL,NULL,0),
	(1564,56,345,14,1,NULL,NULL,0),
	(1565,11,264,14,0,1,2,0),
	(1566,11,344,14,0,NULL,NULL,0),
	(1567,11,1,14,1,NULL,NULL,0),
	(1568,11,36,14,0,NULL,NULL,0),
	(1569,11,78,14,0,NULL,NULL,0),
	(1570,44,264,14,0,1,3,0),
	(1571,44,344,14,0,NULL,NULL,0),
	(1572,44,1,14,1,NULL,NULL,0),
	(1573,44,199,14,1,NULL,NULL,0),
	(1574,44,345,14,1,NULL,NULL,0),
	(1575,39,264,14,0,1,2,0),
	(1576,39,344,14,0,NULL,NULL,0),
	(1577,39,1,14,1,NULL,NULL,0),
	(1578,39,199,14,1,NULL,NULL,0),
	(1579,39,345,14,1,NULL,NULL,0),
	(1585,1,264,14,0,1,3,0),
	(1586,1,350,14,1,NULL,NULL,0),
	(1587,1,1,14,1,NULL,NULL,0),
	(1588,1,199,14,1,NULL,NULL,0),
	(1589,1,345,14,1,NULL,NULL,0),
	(1590,55,264,14,0,1,1,0),
	(1591,55,344,14,0,NULL,NULL,0),
	(1592,55,1,14,1,NULL,NULL,0),
	(1593,55,36,14,0,NULL,NULL,0),
	(1594,55,78,14,0,NULL,NULL,0),
	(1605,24,264,14,0,1,3,0),
	(1606,24,350,14,1,NULL,NULL,0),
	(1607,24,1,14,1,NULL,NULL,0),
	(1608,24,36,14,0,NULL,NULL,0),
	(1609,24,345,14,1,NULL,NULL,0),
	(1610,30,264,14,0,1,2,0),
	(1611,30,344,14,0,NULL,NULL,0),
	(1612,30,1,14,1,NULL,NULL,0),
	(1613,30,36,14,0,NULL,NULL,0),
	(1614,30,345,14,1,NULL,NULL,0),
	(1615,29,264,14,0,1,3,0),
	(1616,29,344,14,0,NULL,NULL,0),
	(1617,29,1,14,1,NULL,NULL,0),
	(1618,29,199,14,1,NULL,NULL,0),
	(1619,29,345,14,1,NULL,NULL,0),
	(1620,3,264,14,0,1,1,0),
	(1621,3,344,14,0,NULL,NULL,0),
	(1622,3,1,14,1,NULL,NULL,0),
	(1623,3,199,14,1,NULL,NULL,0),
	(1624,3,78,14,0,NULL,NULL,0),
	(1625,59,264,14,0,2,3,0),
	(1626,59,350,14,1,NULL,NULL,0),
	(1627,59,1,14,1,NULL,NULL,0),
	(1628,59,199,14,1,NULL,NULL,0),
	(1629,59,78,14,0,NULL,NULL,0),
	(1630,16,264,14,0,1,3,0),
	(1631,16,344,14,0,NULL,NULL,0),
	(1632,16,1,14,1,NULL,NULL,0),
	(1633,16,36,14,0,NULL,NULL,0),
	(1634,16,345,14,1,NULL,NULL,0),
	(1635,38,264,14,0,2,2,0),
	(1636,38,344,14,0,NULL,NULL,0),
	(1637,38,70,14,0,NULL,NULL,0),
	(1638,38,36,14,0,NULL,NULL,0),
	(1639,38,345,14,1,NULL,NULL,0),
	(1640,46,264,14,0,1,2,0),
	(1641,46,344,14,0,NULL,NULL,0),
	(1642,46,1,14,1,NULL,NULL,0),
	(1643,46,199,14,1,NULL,NULL,0),
	(1644,46,78,14,0,NULL,NULL,0),
	(1655,58,264,14,0,1,3,0),
	(1656,58,344,14,0,NULL,NULL,0),
	(1657,58,1,14,1,NULL,NULL,0),
	(1658,58,36,14,0,NULL,NULL,0),
	(1659,58,345,14,1,NULL,NULL,0),
	(1660,57,264,14,0,1,3,0),
	(1661,57,344,14,0,NULL,NULL,0),
	(1662,57,1,14,1,NULL,NULL,0),
	(1663,57,199,14,1,NULL,NULL,0),
	(1664,57,345,14,1,NULL,NULL,0),
	(1670,47,264,14,0,1,1,0),
	(1671,47,344,14,0,NULL,NULL,0),
	(1672,47,1,14,1,NULL,NULL,0),
	(1673,47,36,14,0,NULL,NULL,0),
	(1674,47,345,14,1,NULL,NULL,0),
	(1675,33,264,14,0,1,1,0),
	(1676,33,344,14,0,NULL,NULL,0),
	(1677,33,1,14,1,NULL,NULL,0),
	(1678,33,36,14,0,NULL,NULL,0),
	(1679,33,345,14,1,NULL,NULL,0),
	(1680,45,264,14,0,1,1,0),
	(1681,45,344,14,0,NULL,NULL,0),
	(1682,45,1,14,1,NULL,NULL,0),
	(1683,45,199,14,1,NULL,NULL,0),
	(1684,45,345,14,1,NULL,NULL,0),
	(1685,6,40,15,0,3,5,0),
	(1686,6,71,15,1,NULL,NULL,0),
	(1687,6,15,15,1,NULL,NULL,0),
	(1688,6,227,15,1,NULL,NULL,0),
	(1689,6,68,15,0,NULL,NULL,0),
	(1690,6,353,15,1,NULL,NULL,0),
	(1691,7,40,15,0,3,5,0),
	(1692,7,293,15,0,NULL,NULL,0),
	(1693,7,15,15,1,NULL,NULL,0),
	(1694,7,227,15,1,NULL,NULL,0),
	(1695,7,68,15,0,NULL,NULL,0),
	(1696,7,353,15,1,NULL,NULL,0),
	(1697,30,40,15,0,3,5,0),
	(1698,30,71,15,1,NULL,NULL,0),
	(1699,30,15,15,1,NULL,NULL,0),
	(1700,30,227,15,1,NULL,NULL,0),
	(1701,30,68,15,0,NULL,NULL,0),
	(1702,30,353,15,1,NULL,NULL,0),
	(1703,44,40,15,0,3,5,0),
	(1704,44,71,15,1,NULL,NULL,0),
	(1705,44,352,15,0,NULL,NULL,0),
	(1706,44,227,15,1,NULL,NULL,0),
	(1707,44,68,15,0,NULL,NULL,0),
	(1708,44,353,15,1,NULL,NULL,0),
	(1709,55,351,15,1,2,2,0),
	(1710,55,71,15,1,NULL,NULL,0),
	(1711,55,15,15,1,NULL,NULL,0),
	(1712,55,227,15,1,NULL,NULL,0),
	(1713,55,355,15,1,NULL,NULL,0),
	(1714,55,353,15,1,NULL,NULL,0),
	(1715,1,40,15,0,1,4,0),
	(1716,1,71,15,1,NULL,NULL,0),
	(1717,1,15,15,1,NULL,NULL,0),
	(1718,1,227,15,1,NULL,NULL,0),
	(1719,1,68,15,0,NULL,NULL,0),
	(1720,1,353,15,1,NULL,NULL,0),
	(1721,57,40,15,0,1,3,0),
	(1722,57,71,15,1,NULL,NULL,0),
	(1723,57,15,15,1,NULL,NULL,0),
	(1724,57,227,15,1,NULL,NULL,0),
	(1725,57,68,15,0,NULL,NULL,0),
	(1726,57,353,15,1,NULL,NULL,0),
	(1727,16,40,15,0,3,5,0),
	(1728,16,293,15,0,NULL,NULL,0),
	(1729,16,15,15,1,NULL,NULL,0),
	(1730,16,227,15,1,NULL,NULL,0),
	(1731,16,68,15,0,NULL,NULL,0),
	(1732,16,353,15,1,NULL,NULL,0),
	(1733,24,351,15,1,3,5,1),
	(1734,24,71,15,1,NULL,NULL,0),
	(1735,24,15,15,1,NULL,NULL,0),
	(1736,24,227,15,1,NULL,NULL,0),
	(1737,24,355,15,1,NULL,NULL,0),
	(1738,24,353,15,1,NULL,NULL,0),
	(1739,59,40,15,0,1,4,0),
	(1740,59,71,15,1,NULL,NULL,0),
	(1741,59,352,15,0,NULL,NULL,0),
	(1742,59,227,15,1,NULL,NULL,0),
	(1743,59,68,15,0,NULL,NULL,0),
	(1744,59,354,15,0,NULL,NULL,0),
	(1745,38,40,15,0,1,2,0),
	(1746,38,71,15,1,NULL,NULL,0),
	(1747,38,15,15,1,NULL,NULL,0),
	(1748,38,227,15,1,NULL,NULL,0),
	(1749,38,68,15,0,NULL,NULL,0),
	(1750,38,353,15,1,NULL,NULL,0),
	(1751,35,351,15,1,2,3,0),
	(1752,35,71,15,1,NULL,NULL,0),
	(1753,35,352,15,0,NULL,NULL,0),
	(1754,35,227,15,1,NULL,NULL,0),
	(1755,35,68,15,0,NULL,NULL,0),
	(1756,35,354,15,0,NULL,NULL,0),
	(1757,29,40,15,0,3,5,0),
	(1758,29,71,15,1,NULL,NULL,0),
	(1759,29,15,15,1,NULL,NULL,0),
	(1760,29,227,15,1,NULL,NULL,0),
	(1761,29,68,15,0,NULL,NULL,0),
	(1762,29,353,15,1,NULL,NULL,0),
	(1763,58,351,15,1,3,5,1),
	(1764,58,293,15,0,NULL,NULL,0),
	(1765,58,15,15,1,NULL,NULL,0),
	(1766,58,227,15,1,NULL,NULL,0),
	(1767,58,68,15,0,NULL,NULL,0),
	(1768,58,353,15,1,NULL,NULL,0),
	(1769,33,351,15,1,1,3,0),
	(1770,33,71,15,1,NULL,NULL,0),
	(1771,33,15,15,1,NULL,NULL,0),
	(1772,33,227,15,1,NULL,NULL,0),
	(1773,33,68,15,0,NULL,NULL,0),
	(1774,33,353,15,1,NULL,NULL,0),
	(1775,47,351,15,1,1,1,0),
	(1776,47,293,15,0,NULL,NULL,0),
	(1777,47,15,15,1,NULL,NULL,0),
	(1778,47,227,15,1,NULL,NULL,0),
	(1779,47,68,15,0,NULL,NULL,0),
	(1780,47,354,15,0,NULL,NULL,0),
	(1781,27,351,15,1,2,3,0),
	(1782,27,71,15,1,NULL,NULL,0),
	(1783,27,352,15,0,NULL,NULL,0),
	(1784,27,194,15,0,NULL,NULL,0),
	(1785,27,355,15,1,NULL,NULL,0),
	(1786,27,353,15,1,NULL,NULL,0),
	(1787,3,40,15,0,1,2,0),
	(1788,3,71,15,1,NULL,NULL,0),
	(1789,3,15,15,1,NULL,NULL,0),
	(1790,3,194,15,0,NULL,NULL,0),
	(1791,3,68,15,0,NULL,NULL,0),
	(1792,3,353,15,1,NULL,NULL,0),
	(1793,46,351,15,1,1,2,0),
	(1794,46,71,15,1,NULL,NULL,0),
	(1795,46,15,15,1,NULL,NULL,0),
	(1796,46,194,15,0,NULL,NULL,0),
	(1797,46,68,15,0,NULL,NULL,0),
	(1798,46,354,15,0,NULL,NULL,0),
	(1805,11,40,15,0,1,3,0),
	(1806,11,71,15,1,NULL,NULL,0),
	(1807,11,15,15,1,NULL,NULL,0),
	(1808,11,194,15,0,NULL,NULL,0),
	(1809,11,68,15,0,NULL,NULL,0),
	(1810,11,354,15,0,NULL,NULL,0),
	(1811,54,40,15,0,3,5,0),
	(1812,54,293,15,0,NULL,NULL,0),
	(1813,54,15,15,1,NULL,NULL,0),
	(1814,54,227,15,1,NULL,NULL,0),
	(1815,54,355,15,1,NULL,NULL,0),
	(1816,54,353,15,1,NULL,NULL,0),
	(1817,56,351,15,1,2,2,0),
	(1818,56,71,15,1,NULL,NULL,0),
	(1819,56,15,15,1,NULL,NULL,0),
	(1820,56,194,15,0,NULL,NULL,0),
	(1821,56,355,15,1,NULL,NULL,0),
	(1822,56,354,15,0,NULL,NULL,0),
	(1829,45,351,15,1,3,5,1),
	(1830,45,71,15,1,NULL,NULL,0),
	(1831,45,15,15,1,NULL,NULL,0),
	(1832,45,227,15,1,NULL,NULL,0),
	(1833,45,355,15,1,NULL,NULL,0),
	(1834,45,353,15,1,NULL,NULL,0),
	(1835,39,40,15,0,1,1,0),
	(1836,39,71,15,1,NULL,NULL,0),
	(1837,39,15,15,1,NULL,NULL,0),
	(1838,39,227,15,1,NULL,NULL,0),
	(1839,39,68,15,0,NULL,NULL,0),
	(1840,39,353,15,1,NULL,NULL,0),
	(1841,7,243,16,1,3,5,0),
	(1842,7,361,16,0,NULL,NULL,0),
	(1843,7,203,16,1,NULL,NULL,0),
	(1844,7,362,16,1,NULL,NULL,0),
	(1845,7,37,16,1,NULL,NULL,0),
	(1846,7,195,16,0,NULL,NULL,0),
	(1847,6,243,16,1,3,5,0),
	(1848,6,361,16,0,NULL,NULL,0),
	(1849,6,203,16,1,NULL,NULL,0),
	(1850,6,362,16,1,NULL,NULL,0),
	(1851,6,37,16,1,NULL,NULL,0),
	(1852,6,224,16,1,NULL,NULL,0),
	(1853,54,129,16,0,3,5,0),
	(1854,54,251,16,1,NULL,NULL,0),
	(1855,54,363,16,0,NULL,NULL,0),
	(1856,54,362,16,1,NULL,NULL,0),
	(1857,54,365,16,0,NULL,NULL,0),
	(1858,54,224,16,1,NULL,NULL,0),
	(1859,44,243,16,1,3,5,0),
	(1860,44,251,16,1,NULL,NULL,0),
	(1861,44,203,16,1,NULL,NULL,0),
	(1862,44,362,16,1,NULL,NULL,0),
	(1863,44,37,16,1,NULL,NULL,0),
	(1864,44,195,16,0,NULL,NULL,0),
	(1865,57,243,16,1,3,5,0),
	(1866,57,251,16,1,NULL,NULL,0),
	(1867,57,203,16,1,NULL,NULL,0),
	(1868,57,362,16,1,NULL,NULL,0),
	(1869,57,365,16,0,NULL,NULL,0),
	(1870,57,224,16,1,NULL,NULL,0),
	(1871,30,243,16,1,3,5,0),
	(1872,30,361,16,0,NULL,NULL,0),
	(1873,30,203,16,1,NULL,NULL,0),
	(1874,30,362,16,1,NULL,NULL,0),
	(1875,30,37,16,1,NULL,NULL,0),
	(1876,30,224,16,1,NULL,NULL,0),
	(1877,59,243,16,1,1,4,1),
	(1878,59,251,16,1,NULL,NULL,0),
	(1879,59,203,16,1,NULL,NULL,0),
	(1880,59,362,16,1,NULL,NULL,0),
	(1881,59,37,16,1,NULL,NULL,0),
	(1882,59,224,16,1,NULL,NULL,0),
	(1883,55,243,16,1,1,1,2),
	(1884,55,361,16,0,NULL,NULL,0),
	(1885,55,203,16,1,NULL,NULL,0),
	(1886,55,362,16,1,NULL,NULL,0),
	(1887,55,37,16,1,NULL,NULL,0),
	(1888,55,224,16,1,NULL,NULL,0),
	(1889,3,243,16,1,1,2,1),
	(1890,3,251,16,1,NULL,NULL,0),
	(1891,3,203,16,1,NULL,NULL,0),
	(1892,3,362,16,1,NULL,NULL,0),
	(1893,3,37,16,1,NULL,NULL,0),
	(1894,3,195,16,0,NULL,NULL,0),
	(1895,46,243,16,1,2,2,0),
	(1896,46,361,16,0,NULL,NULL,0),
	(1897,46,363,16,0,NULL,NULL,0),
	(1898,46,362,16,1,NULL,NULL,0),
	(1899,46,365,16,0,NULL,NULL,0),
	(1900,46,195,16,0,NULL,NULL,0),
	(1901,35,243,16,1,1,5,1),
	(1902,35,361,16,0,NULL,NULL,0),
	(1903,35,203,16,1,NULL,NULL,0),
	(1904,35,362,16,1,NULL,NULL,0),
	(1905,35,365,16,0,NULL,NULL,0),
	(1906,35,224,16,1,NULL,NULL,0),
	(1907,27,243,16,1,1,2,1),
	(1908,27,251,16,1,NULL,NULL,0),
	(1909,27,203,16,1,NULL,NULL,0),
	(1910,27,362,16,1,NULL,NULL,0),
	(1911,27,365,16,0,NULL,NULL,0),
	(1912,27,224,16,1,NULL,NULL,0),
	(1913,1,129,16,0,3,5,0),
	(1914,1,251,16,1,NULL,NULL,0),
	(1915,1,363,16,0,NULL,NULL,0),
	(1916,1,362,16,1,NULL,NULL,0),
	(1917,1,37,16,1,NULL,NULL,0),
	(1918,1,195,16,0,NULL,NULL,0),
	(1919,24,243,16,1,3,5,0),
	(1920,24,251,16,1,NULL,NULL,0),
	(1921,24,203,16,1,NULL,NULL,0),
	(1922,24,362,16,1,NULL,NULL,0),
	(1923,24,37,16,1,NULL,NULL,0),
	(1924,24,195,16,0,NULL,NULL,0),
	(1925,45,243,16,1,3,5,0),
	(1926,45,361,16,0,NULL,NULL,0),
	(1927,45,203,16,1,NULL,NULL,0),
	(1928,45,362,16,1,NULL,NULL,0),
	(1929,45,37,16,1,NULL,NULL,0),
	(1930,45,224,16,1,NULL,NULL,0),
	(1931,11,243,16,1,1,2,1),
	(1932,11,251,16,1,NULL,NULL,0),
	(1933,11,203,16,1,NULL,NULL,0),
	(1934,11,362,16,1,NULL,NULL,0),
	(1935,11,365,16,0,NULL,NULL,0),
	(1936,11,224,16,1,NULL,NULL,0),
	(1937,38,243,16,1,2,5,0),
	(1938,38,251,16,1,NULL,NULL,0),
	(1939,38,203,16,1,NULL,NULL,0),
	(1940,38,362,16,1,NULL,NULL,0),
	(1941,38,37,16,1,NULL,NULL,0),
	(1942,38,224,16,1,NULL,NULL,0),
	(1943,33,243,16,1,2,3,0),
	(1944,33,251,16,1,NULL,NULL,0),
	(1945,33,203,16,1,NULL,NULL,0),
	(1946,33,362,16,1,NULL,NULL,0),
	(1947,33,37,16,1,NULL,NULL,0),
	(1948,33,195,16,0,NULL,NULL,0),
	(1955,58,243,16,1,1,3,1),
	(1956,58,251,16,1,NULL,NULL,0),
	(1957,58,203,16,1,NULL,NULL,0),
	(1958,58,364,16,0,NULL,NULL,0),
	(1959,58,37,16,1,NULL,NULL,0),
	(1960,58,224,16,1,NULL,NULL,0),
	(1973,29,243,16,1,3,5,0),
	(1974,29,251,16,1,NULL,NULL,0),
	(1975,29,203,16,1,NULL,NULL,0),
	(1976,29,362,16,1,NULL,NULL,0),
	(1977,29,365,16,0,NULL,NULL,0),
	(1978,29,224,16,1,NULL,NULL,0),
	(1979,39,243,16,1,3,5,0),
	(1980,39,361,16,0,NULL,NULL,0),
	(1981,39,203,16,1,NULL,NULL,0),
	(1982,39,362,16,1,NULL,NULL,0),
	(1983,39,37,16,1,NULL,NULL,0),
	(1984,39,224,16,1,NULL,NULL,0),
	(1985,56,243,16,1,1,3,1),
	(1986,56,361,16,0,NULL,NULL,0),
	(1987,56,203,16,1,NULL,NULL,0),
	(1988,56,362,16,1,NULL,NULL,0),
	(1989,56,37,16,1,NULL,NULL,0),
	(1990,56,224,16,1,NULL,NULL,0),
	(1991,7,374,17,1,1,2,1),
	(1992,7,230,17,0,NULL,NULL,0),
	(1993,7,368,17,1,NULL,NULL,0),
	(1994,7,370,17,0,NULL,NULL,0),
	(1995,16,374,17,1,1,1,1),
	(1996,16,44,17,1,NULL,NULL,0),
	(1997,16,368,17,1,NULL,NULL,0),
	(1998,16,370,17,0,NULL,NULL,0),
	(1999,44,374,17,1,1,4,1),
	(2000,44,44,17,1,NULL,NULL,0),
	(2001,44,368,17,1,NULL,NULL,0),
	(2002,44,370,17,0,NULL,NULL,0),
	(2003,1,271,17,0,1,1,0),
	(2004,1,44,17,1,NULL,NULL,0),
	(2005,1,369,17,0,NULL,NULL,0),
	(2006,1,370,17,0,NULL,NULL,0),
	(2007,59,374,17,1,1,2,1),
	(2008,59,44,17,1,NULL,NULL,0),
	(2009,59,369,17,0,NULL,NULL,0),
	(2010,59,370,17,0,NULL,NULL,0),
	(2011,35,374,17,1,1,3,2),
	(2012,35,44,17,1,NULL,NULL,0),
	(2013,35,369,17,0,NULL,NULL,0),
	(2014,35,371,17,1,NULL,NULL,0),
	(2015,30,271,17,0,1,2,0),
	(2016,30,44,17,1,NULL,NULL,0),
	(2017,30,369,17,0,NULL,NULL,0),
	(2018,30,371,17,1,NULL,NULL,0),
	(2019,54,374,17,1,3,5,0),
	(2020,54,230,17,0,NULL,NULL,0),
	(2021,54,369,17,0,NULL,NULL,0),
	(2022,54,370,17,0,NULL,NULL,0),
	(2023,55,374,17,1,1,2,1),
	(2024,55,230,17,0,NULL,NULL,0),
	(2025,55,368,17,1,NULL,NULL,0),
	(2026,55,371,17,1,NULL,NULL,0),
	(2027,6,271,17,0,1,1,0),
	(2028,6,44,17,1,NULL,NULL,0),
	(2029,6,369,17,0,NULL,NULL,0),
	(2030,6,370,17,0,NULL,NULL,0),
	(2031,57,271,17,0,2,1,0),
	(2032,57,44,17,1,NULL,NULL,0),
	(2033,57,369,17,0,NULL,NULL,0),
	(2034,57,370,17,0,NULL,NULL,0),
	(2035,38,374,17,1,1,1,1),
	(2036,38,230,17,0,NULL,NULL,0),
	(2037,38,368,17,1,NULL,NULL,0),
	(2038,38,370,17,0,NULL,NULL,0),
	(2039,45,374,17,1,3,5,0),
	(2040,45,230,17,0,NULL,NULL,0),
	(2041,45,368,17,1,NULL,NULL,0),
	(2042,45,370,17,0,NULL,NULL,0),
	(2043,33,374,17,1,1,2,1),
	(2044,33,44,17,1,NULL,NULL,0),
	(2045,33,369,17,0,NULL,NULL,0),
	(2046,33,370,17,0,NULL,NULL,0),
	(2051,24,271,17,0,2,4,0),
	(2052,24,44,17,1,NULL,NULL,0),
	(2053,24,368,17,1,NULL,NULL,0),
	(2054,24,370,17,0,NULL,NULL,0),
	(2055,27,374,17,1,1,1,1),
	(2056,27,44,17,1,NULL,NULL,0),
	(2057,27,368,17,1,NULL,NULL,0),
	(2058,27,371,17,1,NULL,NULL,0),
	(2063,58,374,17,1,1,1,1),
	(2064,58,44,17,1,NULL,NULL,0),
	(2065,58,369,17,0,NULL,NULL,0),
	(2066,58,370,17,0,NULL,NULL,0),
	(2067,29,374,17,1,1,2,1),
	(2068,29,44,17,1,NULL,NULL,0),
	(2069,29,369,17,0,NULL,NULL,0),
	(2070,29,370,17,0,NULL,NULL,0),
	(2071,3,271,17,0,1,1,0),
	(2072,3,44,17,1,NULL,NULL,0),
	(2073,3,369,17,0,NULL,NULL,0),
	(2074,3,370,17,0,NULL,NULL,0),
	(2075,46,271,17,0,1,2,0),
	(2076,46,230,17,0,NULL,NULL,0),
	(2077,46,369,17,0,NULL,NULL,0),
	(2078,46,370,17,0,NULL,NULL,0),
	(2083,54,63,18,1,2,3,1),
	(2084,54,198,18,1,NULL,NULL,0),
	(2085,54,67,18,1,NULL,NULL,0),
	(2086,54,377,18,1,NULL,NULL,0),
	(2087,3,136,18,0,1,1,0),
	(2088,3,198,18,1,NULL,NULL,0),
	(2089,3,67,18,1,NULL,NULL,0),
	(2090,3,376,18,0,NULL,NULL,0),
	(2091,46,136,18,0,2,2,0),
	(2092,46,375,18,0,NULL,NULL,0),
	(2093,46,67,18,1,NULL,NULL,0),
	(2094,46,376,18,0,NULL,NULL,0),
	(2095,59,63,18,1,1,2,1),
	(2096,59,375,18,0,NULL,NULL,0),
	(2097,59,124,18,0,NULL,NULL,0),
	(2098,59,376,18,0,NULL,NULL,0),
	(2099,11,63,18,1,1,3,0),
	(2100,11,198,18,1,NULL,NULL,0),
	(2101,11,124,18,0,NULL,NULL,0),
	(2102,11,377,18,1,NULL,NULL,0),
	(2103,16,136,18,0,3,5,0),
	(2104,16,198,18,1,NULL,NULL,0),
	(2105,16,124,18,0,NULL,NULL,0),
	(2106,16,376,18,0,NULL,NULL,0),
	(2115,27,63,18,1,3,5,0),
	(2116,27,198,18,1,NULL,NULL,0),
	(2117,27,124,18,0,NULL,NULL,0),
	(2118,27,376,18,0,NULL,NULL,0),
	(2119,44,63,18,1,2,3,1),
	(2120,44,198,18,1,NULL,NULL,0),
	(2121,44,67,18,1,NULL,NULL,0),
	(2122,44,377,18,1,NULL,NULL,0),
	(2123,35,63,18,1,1,5,0),
	(2124,35,198,18,1,NULL,NULL,0),
	(2125,35,124,18,0,NULL,NULL,0),
	(2126,35,377,18,1,NULL,NULL,0),
	(2127,55,136,18,0,2,1,0),
	(2128,55,198,18,1,NULL,NULL,0),
	(2129,55,124,18,0,NULL,NULL,0),
	(2130,55,377,18,1,NULL,NULL,0),
	(2131,1,63,18,1,3,5,0),
	(2132,1,198,18,1,NULL,NULL,0),
	(2133,1,67,18,1,NULL,NULL,0),
	(2134,1,377,18,1,NULL,NULL,0),
	(2135,7,63,18,1,2,3,1),
	(2136,7,198,18,1,NULL,NULL,0),
	(2137,7,67,18,1,NULL,NULL,0),
	(2138,7,376,18,0,NULL,NULL,0),
	(2139,6,63,18,1,3,5,0),
	(2140,6,198,18,1,NULL,NULL,0),
	(2141,6,124,18,0,NULL,NULL,0),
	(2142,6,377,18,1,NULL,NULL,0),
	(2143,30,63,18,1,3,5,0),
	(2144,30,198,18,1,NULL,NULL,0),
	(2145,30,124,18,0,NULL,NULL,0),
	(2146,30,377,18,1,NULL,NULL,0),
	(2151,57,136,18,0,1,3,0),
	(2152,57,198,18,1,NULL,NULL,0),
	(2153,57,124,18,0,NULL,NULL,0),
	(2154,57,376,18,0,NULL,NULL,0),
	(2155,45,63,18,1,3,5,0),
	(2156,45,198,18,1,NULL,NULL,0),
	(2157,45,124,18,0,NULL,NULL,0),
	(2158,45,376,18,0,NULL,NULL,0),
	(2159,38,63,18,1,1,4,0),
	(2160,38,198,18,1,NULL,NULL,0),
	(2161,38,124,18,0,NULL,NULL,0),
	(2162,38,377,18,1,NULL,NULL,0),
	(2167,58,63,18,1,3,5,0),
	(2168,58,198,18,1,NULL,NULL,0),
	(2169,58,124,18,0,NULL,NULL,0),
	(2170,58,377,18,1,NULL,NULL,0),
	(2175,24,136,18,0,3,5,0),
	(2176,24,198,18,1,NULL,NULL,0),
	(2177,24,124,18,0,NULL,NULL,0),
	(2178,24,376,18,0,NULL,NULL,0),
	(2179,29,63,18,1,3,5,0),
	(2180,29,198,18,1,NULL,NULL,0),
	(2181,29,124,18,0,NULL,NULL,0),
	(2182,29,376,18,0,NULL,NULL,0),
	(2183,33,63,18,1,3,5,0),
	(2184,33,198,18,1,NULL,NULL,0),
	(2185,33,124,18,0,NULL,NULL,0),
	(2186,33,377,18,1,NULL,NULL,0),
	(2202,39,108,19,1,3,5,1),
	(2203,39,177,19,1,NULL,NULL,0),
	(2204,39,396,19,1,NULL,NULL,0),
	(2205,39,383,19,1,NULL,NULL,0),
	(2206,39,387,19,1,NULL,NULL,0),
	(2207,6,108,19,1,3,5,1),
	(2208,6,177,19,1,NULL,NULL,0),
	(2209,6,396,19,1,NULL,NULL,0),
	(2210,6,383,19,1,NULL,NULL,0),
	(2211,6,387,19,1,NULL,NULL,0),
	(2212,54,108,19,1,2,2,1),
	(2213,54,382,19,0,NULL,NULL,0),
	(2214,54,396,19,1,NULL,NULL,0),
	(2215,54,383,19,1,NULL,NULL,0),
	(2216,54,387,19,1,NULL,NULL,0),
	(2222,46,221,19,0,1,3,0),
	(2223,46,382,19,0,NULL,NULL,0),
	(2224,46,17,19,0,NULL,NULL,0),
	(2225,46,383,19,1,NULL,NULL,0),
	(2226,46,384,19,0,NULL,NULL,0),
	(2227,44,108,19,1,2,2,1),
	(2228,44,382,19,0,NULL,NULL,0),
	(2229,44,396,19,1,NULL,NULL,0),
	(2230,44,386,19,0,NULL,NULL,0),
	(2231,44,387,19,1,NULL,NULL,0),
	(2232,1,108,19,1,1,3,0),
	(2233,1,177,19,1,NULL,NULL,0),
	(2234,1,396,19,1,NULL,NULL,0),
	(2235,1,383,19,1,NULL,NULL,0),
	(2236,1,387,19,1,NULL,NULL,0),
	(2237,55,108,19,1,1,1,0),
	(2238,55,177,19,1,NULL,NULL,0),
	(2239,55,396,19,1,NULL,NULL,0),
	(2240,55,386,19,0,NULL,NULL,0),
	(2241,55,384,19,0,NULL,NULL,0),
	(2242,47,221,19,0,1,5,0),
	(2243,47,382,19,0,NULL,NULL,0),
	(2244,47,396,19,1,NULL,NULL,0),
	(2245,47,383,19,1,NULL,NULL,0),
	(2246,47,387,19,1,NULL,NULL,0),
	(2247,7,108,19,1,2,4,1),
	(2248,7,382,19,0,NULL,NULL,0),
	(2249,7,17,19,0,NULL,NULL,0),
	(2250,7,386,19,0,NULL,NULL,0),
	(2251,7,387,19,1,NULL,NULL,0),
	(2252,30,108,19,1,2,3,1),
	(2253,30,177,19,1,NULL,NULL,0),
	(2254,30,396,19,1,NULL,NULL,0),
	(2255,30,383,19,1,NULL,NULL,0),
	(2256,30,387,19,1,NULL,NULL,0),
	(2257,38,108,19,1,3,5,1),
	(2258,38,177,19,1,NULL,NULL,0),
	(2259,38,396,19,1,NULL,NULL,0),
	(2260,38,383,19,1,NULL,NULL,0),
	(2261,38,387,19,1,NULL,NULL,0),
	(2262,35,108,19,1,1,1,0),
	(2263,35,177,19,1,NULL,NULL,0),
	(2264,35,17,19,0,NULL,NULL,0),
	(2265,35,386,19,0,NULL,NULL,0),
	(2266,35,387,19,1,NULL,NULL,0),
	(2267,29,108,19,1,3,5,1),
	(2268,29,177,19,1,NULL,NULL,0),
	(2269,29,396,19,1,NULL,NULL,0),
	(2270,29,386,19,0,NULL,NULL,0),
	(2271,29,387,19,1,NULL,NULL,0),
	(2272,11,108,19,1,1,2,0),
	(2273,11,382,19,0,NULL,NULL,0),
	(2274,11,17,19,0,NULL,NULL,0),
	(2275,11,383,19,1,NULL,NULL,0),
	(2276,11,384,19,0,NULL,NULL,0),
	(2282,59,108,19,1,2,3,1),
	(2283,59,177,19,1,NULL,NULL,0),
	(2284,59,396,19,1,NULL,NULL,0),
	(2285,59,386,19,0,NULL,NULL,0),
	(2286,59,384,19,0,NULL,NULL,0),
	(2287,56,108,19,1,1,2,0),
	(2288,56,177,19,1,NULL,NULL,0),
	(2289,56,396,19,1,NULL,NULL,0),
	(2290,56,383,19,1,NULL,NULL,0),
	(2291,56,387,19,1,NULL,NULL,0),
	(2292,24,108,19,1,1,3,0),
	(2293,24,177,19,1,NULL,NULL,0),
	(2294,24,396,19,1,NULL,NULL,0),
	(2295,24,383,19,1,NULL,NULL,0),
	(2296,24,387,19,1,NULL,NULL,0),
	(2302,33,108,19,1,1,3,0),
	(2303,33,177,19,1,NULL,NULL,0),
	(2304,33,396,19,1,NULL,NULL,0),
	(2305,33,383,19,1,NULL,NULL,0),
	(2306,33,387,19,1,NULL,NULL,0),
	(2307,45,108,19,1,3,5,1),
	(2308,45,177,19,1,NULL,NULL,0),
	(2309,45,396,19,1,NULL,NULL,0),
	(2310,45,386,19,0,NULL,NULL,0),
	(2311,45,387,19,1,NULL,NULL,0),
	(2312,58,108,19,1,1,1,0),
	(2313,58,177,19,1,NULL,NULL,0),
	(2314,58,396,19,1,NULL,NULL,0),
	(2315,58,383,19,1,NULL,NULL,0),
	(2316,58,387,19,1,NULL,NULL,0),
	(2317,3,108,19,1,1,2,0),
	(2318,3,177,19,1,NULL,NULL,0),
	(2319,3,396,19,1,NULL,NULL,0),
	(2320,3,383,19,1,NULL,NULL,0),
	(2321,3,387,19,1,NULL,NULL,0),
	(2322,27,108,19,1,3,5,1),
	(2323,27,177,19,1,NULL,NULL,0),
	(2324,27,396,19,1,NULL,NULL,0),
	(2325,27,383,19,1,NULL,NULL,0),
	(2326,27,384,19,0,NULL,NULL,0),
	(2327,7,269,20,1,3,5,1),
	(2328,7,58,20,0,NULL,NULL,0),
	(2329,7,399,20,0,NULL,NULL,0),
	(2330,7,397,20,0,NULL,NULL,0),
	(2331,11,214,20,0,1,2,0),
	(2332,11,58,20,0,NULL,NULL,0),
	(2333,11,398,20,1,NULL,NULL,0),
	(2334,11,397,20,0,NULL,NULL,0),
	(2335,54,269,20,1,1,3,1),
	(2336,54,122,20,1,NULL,NULL,0),
	(2337,54,399,20,0,NULL,NULL,0),
	(2338,54,397,20,0,NULL,NULL,0),
	(2339,59,214,20,0,1,2,0),
	(2340,59,122,20,1,NULL,NULL,0),
	(2341,59,399,20,0,NULL,NULL,0),
	(2342,59,188,20,1,NULL,NULL,0),
	(2343,44,269,20,1,1,2,1),
	(2344,44,122,20,1,NULL,NULL,0),
	(2345,44,398,20,1,NULL,NULL,0),
	(2346,44,397,20,0,NULL,NULL,0),
	(2347,6,269,20,1,3,5,1),
	(2348,6,58,20,0,NULL,NULL,0),
	(2349,6,399,20,0,NULL,NULL,0),
	(2350,6,188,20,1,NULL,NULL,0),
	(2351,47,214,20,0,1,1,0),
	(2352,47,58,20,0,NULL,NULL,0),
	(2353,47,398,20,1,NULL,NULL,0),
	(2354,47,188,20,1,NULL,NULL,0),
	(2355,27,269,20,1,3,5,1),
	(2356,27,122,20,1,NULL,NULL,0),
	(2357,27,398,20,1,NULL,NULL,0),
	(2358,27,397,20,0,NULL,NULL,0),
	(2359,1,214,20,0,1,2,0),
	(2360,1,122,20,1,NULL,NULL,0),
	(2361,1,399,20,0,NULL,NULL,0),
	(2362,1,397,20,0,NULL,NULL,0),
	(2363,30,269,20,1,1,3,1),
	(2364,30,58,20,0,NULL,NULL,0),
	(2365,30,398,20,1,NULL,NULL,0),
	(2366,30,397,20,0,NULL,NULL,0),
	(2367,3,269,20,1,1,1,1),
	(2368,3,58,20,0,NULL,NULL,0),
	(2369,3,398,20,1,NULL,NULL,0),
	(2370,3,188,20,1,NULL,NULL,0),
	(2371,24,269,20,1,3,5,1),
	(2372,24,58,20,0,NULL,NULL,0),
	(2373,24,399,20,0,NULL,NULL,0),
	(2374,24,188,20,1,NULL,NULL,0),
	(2379,58,214,20,0,1,1,0),
	(2380,58,58,20,0,NULL,NULL,0),
	(2381,58,398,20,1,NULL,NULL,0),
	(2382,58,188,20,1,NULL,NULL,0),
	(2383,55,269,20,1,1,1,1),
	(2384,55,122,20,1,NULL,NULL,0),
	(2385,55,399,20,0,NULL,NULL,0),
	(2386,55,397,20,0,NULL,NULL,0),
	(2387,33,269,20,1,3,5,1),
	(2388,33,58,20,0,NULL,NULL,0),
	(2389,33,398,20,1,NULL,NULL,0),
	(2390,33,397,20,0,NULL,NULL,0),
	(2395,45,269,20,1,3,5,1),
	(2396,45,58,20,0,NULL,NULL,0),
	(2397,45,399,20,0,NULL,NULL,0),
	(2398,45,188,20,1,NULL,NULL,0),
	(2399,35,214,20,0,1,2,0),
	(2400,35,58,20,0,NULL,NULL,0),
	(2401,35,399,20,0,NULL,NULL,0),
	(2402,35,188,20,1,NULL,NULL,0),
	(2403,46,214,20,0,1,2,0),
	(2404,46,58,20,0,NULL,NULL,0),
	(2405,46,398,20,1,NULL,NULL,0),
	(2406,46,397,20,0,NULL,NULL,0),
	(2407,39,269,20,1,1,1,1),
	(2408,39,58,20,0,NULL,NULL,0),
	(2409,39,399,20,0,NULL,NULL,0),
	(2410,39,397,20,0,NULL,NULL,0),
	(2411,38,269,20,1,3,5,1),
	(2412,38,122,20,1,NULL,NULL,0),
	(2413,38,399,20,0,NULL,NULL,0),
	(2414,38,397,20,0,NULL,NULL,0),
	(2415,29,269,20,1,1,5,2),
	(2416,29,58,20,0,NULL,NULL,0),
	(2417,29,399,20,0,NULL,NULL,0),
	(2418,29,188,20,1,NULL,NULL,0),
	(2419,11,257,21,1,1,2,0),
	(2420,11,91,21,1,NULL,NULL,0),
	(2421,11,90,21,1,NULL,NULL,0),
	(2422,11,75,21,1,NULL,NULL,0),
	(2423,11,409,21,1,NULL,NULL,0),
	(2424,11,411,21,1,NULL,NULL,0),
	(2425,54,407,21,0,2,3,0),
	(2426,54,91,21,1,NULL,NULL,0),
	(2427,54,93,21,0,NULL,NULL,0),
	(2428,54,75,21,1,NULL,NULL,0),
	(2429,54,409,21,1,NULL,NULL,0),
	(2430,54,411,21,1,NULL,NULL,0),
	(2431,59,407,21,0,2,2,0),
	(2432,59,72,21,0,NULL,NULL,0),
	(2433,59,90,21,1,NULL,NULL,0),
	(2434,59,75,21,1,NULL,NULL,0),
	(2435,59,409,21,1,NULL,NULL,0),
	(2436,59,412,21,0,NULL,NULL,0),
	(2437,44,407,21,0,2,3,0),
	(2438,44,91,21,1,NULL,NULL,0),
	(2439,44,93,21,0,NULL,NULL,0),
	(2440,44,75,21,1,NULL,NULL,0),
	(2441,44,415,21,0,NULL,NULL,0),
	(2442,44,411,21,1,NULL,NULL,0),
	(2449,55,257,21,1,3,5,1),
	(2450,55,72,21,0,NULL,NULL,0),
	(2451,55,93,21,0,NULL,NULL,0),
	(2452,55,75,21,1,NULL,NULL,0),
	(2453,55,415,21,0,NULL,NULL,0),
	(2454,55,411,21,1,NULL,NULL,0),
	(2461,45,257,21,1,3,5,1),
	(2462,45,91,21,1,NULL,NULL,0),
	(2463,45,90,21,1,NULL,NULL,0),
	(2464,45,408,21,0,NULL,NULL,0),
	(2465,45,415,21,0,NULL,NULL,0),
	(2466,45,412,21,0,NULL,NULL,0),
	(2473,47,407,21,0,1,1,0),
	(2474,47,91,21,1,NULL,NULL,0),
	(2475,47,93,21,0,NULL,NULL,0),
	(2476,47,75,21,1,NULL,NULL,0),
	(2477,47,409,21,1,NULL,NULL,0),
	(2478,47,411,21,1,NULL,NULL,0),
	(2479,1,257,21,1,3,5,1),
	(2480,1,91,21,1,NULL,NULL,0),
	(2481,1,90,21,1,NULL,NULL,0),
	(2482,1,75,21,1,NULL,NULL,0),
	(2483,1,415,21,0,NULL,NULL,0),
	(2484,1,411,21,1,NULL,NULL,0),
	(2485,7,257,21,1,3,5,1),
	(2486,7,91,21,1,NULL,NULL,0),
	(2487,7,90,21,1,NULL,NULL,0),
	(2488,7,408,21,0,NULL,NULL,0),
	(2489,7,409,21,1,NULL,NULL,0),
	(2490,7,411,21,1,NULL,NULL,0),
	(2491,38,257,21,1,3,5,1),
	(2492,38,91,21,1,NULL,NULL,0),
	(2493,38,93,21,0,NULL,NULL,0),
	(2494,38,408,21,0,NULL,NULL,0),
	(2495,38,415,21,0,NULL,NULL,0),
	(2496,38,411,21,1,NULL,NULL,0),
	(2497,27,407,21,0,3,5,0),
	(2498,27,91,21,1,NULL,NULL,0),
	(2499,27,93,21,0,NULL,NULL,0),
	(2500,27,75,21,1,NULL,NULL,0),
	(2501,27,409,21,1,NULL,NULL,0),
	(2502,27,412,21,0,NULL,NULL,0),
	(2503,35,257,21,1,1,5,1),
	(2504,35,91,21,1,NULL,NULL,0),
	(2505,35,90,21,1,NULL,NULL,0),
	(2506,35,75,21,1,NULL,NULL,0),
	(2507,35,415,21,0,NULL,NULL,0),
	(2508,35,412,21,0,NULL,NULL,0),
	(2515,58,257,21,1,1,4,0),
	(2516,58,91,21,1,NULL,NULL,0),
	(2517,58,90,21,1,NULL,NULL,0),
	(2518,58,75,21,1,NULL,NULL,0),
	(2519,58,409,21,1,NULL,NULL,0),
	(2520,58,411,21,1,NULL,NULL,0),
	(2521,3,257,21,1,3,5,1),
	(2522,3,91,21,1,NULL,NULL,0),
	(2523,3,90,21,1,NULL,NULL,0),
	(2524,3,75,21,1,NULL,NULL,0),
	(2525,3,409,21,1,NULL,NULL,0),
	(2526,3,411,21,1,NULL,NULL,0),
	(2539,6,257,21,1,3,5,1),
	(2540,6,91,21,1,NULL,NULL,0),
	(2541,6,93,21,0,NULL,NULL,0),
	(2542,6,75,21,1,NULL,NULL,0),
	(2543,6,415,21,0,NULL,NULL,0),
	(2544,6,411,21,1,NULL,NULL,0),
	(2551,30,257,21,1,3,5,1),
	(2552,30,91,21,1,NULL,NULL,0),
	(2553,30,90,21,1,NULL,NULL,0),
	(2554,30,75,21,1,NULL,NULL,0),
	(2555,30,415,21,0,NULL,NULL,0),
	(2556,30,412,21,0,NULL,NULL,0),
	(2557,33,257,21,1,3,5,1),
	(2558,33,91,21,1,NULL,NULL,0),
	(2559,33,90,21,1,NULL,NULL,0),
	(2560,33,408,21,0,NULL,NULL,0),
	(2561,33,415,21,0,NULL,NULL,0),
	(2562,33,411,21,1,NULL,NULL,0),
	(2563,24,257,21,1,1,3,0),
	(2564,24,91,21,1,NULL,NULL,0),
	(2565,24,93,21,0,NULL,NULL,0),
	(2566,24,408,21,0,NULL,NULL,0),
	(2567,24,415,21,0,NULL,NULL,0),
	(2568,24,411,21,1,NULL,NULL,0),
	(2593,29,257,21,1,3,5,1),
	(2594,29,91,21,1,NULL,NULL,0),
	(2595,29,93,21,0,NULL,NULL,0),
	(2596,29,75,21,1,NULL,NULL,0),
	(2597,29,409,21,1,NULL,NULL,0),
	(2598,29,412,21,0,NULL,NULL,0),
	(2599,59,62,22,0,1,1,0),
	(2600,59,289,22,0,NULL,NULL,0),
	(2601,59,55,22,1,NULL,NULL,0),
	(2602,59,52,22,0,NULL,NULL,0),
	(2603,59,260,22,1,NULL,NULL,0),
	(2604,7,84,22,1,3,5,0),
	(2605,7,135,22,1,NULL,NULL,0),
	(2606,7,55,22,1,NULL,NULL,0),
	(2607,7,52,22,0,NULL,NULL,0),
	(2608,7,260,22,1,NULL,NULL,0),
	(2614,60,62,22,0,1,2,0),
	(2615,60,289,22,0,NULL,NULL,0),
	(2616,60,55,22,1,NULL,NULL,0),
	(2617,60,113,22,1,NULL,NULL,0),
	(2618,60,260,22,1,NULL,NULL,0),
	(2619,54,62,22,0,1,2,0),
	(2620,54,135,22,1,NULL,NULL,0),
	(2621,54,55,22,1,NULL,NULL,0),
	(2622,54,52,22,0,NULL,NULL,0),
	(2623,54,260,22,1,NULL,NULL,0),
	(2624,3,62,22,0,1,2,0),
	(2625,3,289,22,0,NULL,NULL,0),
	(2626,3,55,22,1,NULL,NULL,0),
	(2627,3,52,22,0,NULL,NULL,0),
	(2628,3,260,22,1,NULL,NULL,0),
	(2629,16,62,22,0,3,5,0),
	(2630,16,135,22,1,NULL,NULL,0),
	(2631,16,55,22,1,NULL,NULL,0),
	(2632,16,52,22,0,NULL,NULL,0),
	(2633,16,260,22,1,NULL,NULL,0),
	(2634,44,84,22,1,1,3,1),
	(2635,44,135,22,1,NULL,NULL,0),
	(2636,44,55,22,1,NULL,NULL,0),
	(2637,44,52,22,0,NULL,NULL,0),
	(2638,44,260,22,1,NULL,NULL,0),
	(2639,35,84,22,1,1,2,0),
	(2640,35,135,22,1,NULL,NULL,0),
	(2641,35,55,22,1,NULL,NULL,0),
	(2642,35,52,22,0,NULL,NULL,0),
	(2643,35,260,22,1,NULL,NULL,0),
	(2644,6,84,22,1,3,5,0),
	(2645,6,135,22,1,NULL,NULL,0),
	(2646,6,55,22,1,NULL,NULL,0),
	(2647,6,52,22,0,NULL,NULL,0),
	(2648,6,260,22,1,NULL,NULL,0),
	(2649,24,84,22,1,3,5,0),
	(2650,24,135,22,1,NULL,NULL,0),
	(2651,24,55,22,1,NULL,NULL,0),
	(2652,24,52,22,0,NULL,NULL,0),
	(2653,24,260,22,1,NULL,NULL,0),
	(2664,46,62,22,0,1,2,0),
	(2665,46,289,22,0,NULL,NULL,0),
	(2666,46,55,22,1,NULL,NULL,0),
	(2667,46,52,22,0,NULL,NULL,0),
	(2668,46,260,22,1,NULL,NULL,0),
	(2669,30,84,22,1,3,5,0),
	(2670,30,135,22,1,NULL,NULL,0),
	(2671,30,55,22,1,NULL,NULL,0),
	(2672,30,52,22,0,NULL,NULL,0),
	(2673,30,260,22,1,NULL,NULL,0),
	(2674,55,62,22,0,3,5,0),
	(2675,55,135,22,1,NULL,NULL,0),
	(2676,55,55,22,1,NULL,NULL,0),
	(2677,55,52,22,0,NULL,NULL,0),
	(2678,55,260,22,1,NULL,NULL,0),
	(2679,1,84,22,1,1,4,0),
	(2680,1,135,22,1,NULL,NULL,0),
	(2681,1,55,22,1,NULL,NULL,0),
	(2682,1,52,22,0,NULL,NULL,0),
	(2683,1,260,22,1,NULL,NULL,0),
	(2684,38,84,22,1,2,4,1),
	(2685,38,135,22,1,NULL,NULL,0),
	(2686,38,55,22,1,NULL,NULL,0),
	(2687,38,113,22,1,NULL,NULL,0),
	(2688,38,260,22,1,NULL,NULL,0),
	(2689,27,84,22,1,3,5,0),
	(2690,27,135,22,1,NULL,NULL,0),
	(2691,27,55,22,1,NULL,NULL,0),
	(2692,27,52,22,0,NULL,NULL,0),
	(2693,27,260,22,1,NULL,NULL,0),
	(2694,64,84,22,1,3,5,0),
	(2695,64,135,22,1,NULL,NULL,0),
	(2696,64,55,22,1,NULL,NULL,0),
	(2697,64,113,22,1,NULL,NULL,0),
	(2698,64,260,22,1,NULL,NULL,0),
	(2699,33,62,22,0,1,1,0),
	(2700,33,135,22,1,NULL,NULL,0),
	(2701,33,55,22,1,NULL,NULL,0),
	(2702,33,52,22,0,NULL,NULL,0),
	(2703,33,260,22,1,NULL,NULL,0),
	(2704,63,84,22,1,1,2,0),
	(2705,63,135,22,1,NULL,NULL,0),
	(2706,63,55,22,1,NULL,NULL,0),
	(2707,63,52,22,0,NULL,NULL,0),
	(2708,63,260,22,1,NULL,NULL,0),
	(2709,45,62,22,0,3,5,0),
	(2710,45,135,22,1,NULL,NULL,0),
	(2711,45,55,22,1,NULL,NULL,0),
	(2712,45,52,22,0,NULL,NULL,0),
	(2713,45,260,22,1,NULL,NULL,0),
	(2719,7,3,23,1,3,5,0),
	(2720,7,121,23,1,NULL,NULL,0),
	(2721,7,354,23,1,NULL,NULL,0),
	(2722,7,116,23,0,NULL,NULL,0),
	(2723,7,16,23,0,NULL,NULL,0),
	(2724,7,427,23,1,NULL,NULL,0),
	(2725,44,3,23,1,1,2,2),
	(2726,44,121,23,1,NULL,NULL,0),
	(2727,44,354,23,1,NULL,NULL,0),
	(2728,44,116,23,0,NULL,NULL,0),
	(2729,44,16,23,0,NULL,NULL,0),
	(2730,44,427,23,1,NULL,NULL,0),
	(2731,1,3,23,1,3,5,0),
	(2732,1,121,23,1,NULL,NULL,0),
	(2733,1,423,23,0,NULL,NULL,0),
	(2734,1,424,23,1,NULL,NULL,0),
	(2735,1,16,23,0,NULL,NULL,0),
	(2736,1,427,23,1,NULL,NULL,0),
	(2737,6,3,23,1,1,5,1),
	(2738,6,121,23,1,NULL,NULL,0),
	(2739,6,423,23,0,NULL,NULL,0),
	(2740,6,116,23,0,NULL,NULL,0),
	(2741,6,16,23,0,NULL,NULL,0),
	(2742,6,210,23,0,NULL,NULL,0),
	(2743,54,3,23,1,3,5,0),
	(2744,54,121,23,1,NULL,NULL,0),
	(2745,54,354,23,1,NULL,NULL,0),
	(2746,54,116,23,0,NULL,NULL,0),
	(2747,54,16,23,0,NULL,NULL,0),
	(2748,54,210,23,0,NULL,NULL,0),
	(2749,24,3,23,1,3,5,0),
	(2750,24,121,23,1,NULL,NULL,0),
	(2751,24,354,23,1,NULL,NULL,0),
	(2752,24,116,23,0,NULL,NULL,0),
	(2753,24,16,23,0,NULL,NULL,0),
	(2754,24,427,23,1,NULL,NULL,0),
	(2761,30,3,23,1,2,1,0),
	(2762,30,121,23,1,NULL,NULL,0),
	(2763,30,423,23,0,NULL,NULL,0),
	(2764,30,116,23,0,NULL,NULL,0),
	(2765,30,356,23,1,NULL,NULL,0),
	(2766,30,210,23,0,NULL,NULL,0),
	(2767,35,3,23,1,1,1,1),
	(2768,35,121,23,1,NULL,NULL,0),
	(2769,35,423,23,0,NULL,NULL,0),
	(2770,35,116,23,0,NULL,NULL,0),
	(2771,35,16,23,0,NULL,NULL,0),
	(2772,35,210,23,0,NULL,NULL,0),
	(2773,38,3,23,1,1,2,2),
	(2774,38,121,23,1,NULL,NULL,0),
	(2775,38,354,23,1,NULL,NULL,0),
	(2776,38,116,23,0,NULL,NULL,0),
	(2777,38,16,23,0,NULL,NULL,0),
	(2778,38,210,23,0,NULL,NULL,0),
	(2785,45,3,23,1,3,5,0),
	(2786,45,121,23,1,NULL,NULL,0),
	(2787,45,354,23,1,NULL,NULL,0),
	(2788,45,116,23,0,NULL,NULL,0),
	(2789,45,16,23,0,NULL,NULL,0),
	(2790,45,210,23,0,NULL,NULL,0),
	(2791,64,3,23,1,3,5,0),
	(2792,64,121,23,1,NULL,NULL,0),
	(2793,64,354,23,1,NULL,NULL,0),
	(2794,64,424,23,1,NULL,NULL,0),
	(2795,64,16,23,0,NULL,NULL,0),
	(2796,64,427,23,1,NULL,NULL,0),
	(2803,59,3,23,1,1,3,1),
	(2804,59,204,23,0,NULL,NULL,0),
	(2805,59,423,23,0,NULL,NULL,0),
	(2806,59,424,23,1,NULL,NULL,0),
	(2807,59,16,23,0,NULL,NULL,0),
	(2808,59,427,23,1,NULL,NULL,0),
	(2809,63,3,23,1,1,1,1),
	(2810,63,121,23,1,NULL,NULL,0),
	(2811,63,423,23,0,NULL,NULL,0),
	(2812,63,424,23,1,NULL,NULL,0),
	(2813,63,16,23,0,NULL,NULL,0),
	(2814,63,210,23,0,NULL,NULL,0),
	(2815,33,3,23,1,3,5,0),
	(2816,33,121,23,1,NULL,NULL,0),
	(2817,33,354,23,1,NULL,NULL,0),
	(2818,33,116,23,0,NULL,NULL,0),
	(2819,33,16,23,0,NULL,NULL,0),
	(2820,33,210,23,0,NULL,NULL,0),
	(2821,46,3,23,1,1,2,2),
	(2822,46,204,23,0,NULL,NULL,0),
	(2823,46,354,23,1,NULL,NULL,0),
	(2824,46,424,23,1,NULL,NULL,0),
	(2825,46,16,23,0,NULL,NULL,0),
	(2826,46,427,23,1,NULL,NULL,0),
	(2827,3,3,23,1,2,2,1),
	(2828,3,121,23,1,NULL,NULL,0),
	(2829,3,354,23,1,NULL,NULL,0),
	(2830,3,116,23,0,NULL,NULL,0),
	(2831,3,16,23,0,NULL,NULL,0),
	(2832,3,427,23,1,NULL,NULL,0),
	(2833,27,3,23,1,3,5,0),
	(2834,27,121,23,1,NULL,NULL,0),
	(2835,27,423,23,0,NULL,NULL,0),
	(2836,27,424,23,1,NULL,NULL,0),
	(2837,27,16,23,0,NULL,NULL,0),
	(2838,27,210,23,0,NULL,NULL,0),
	(2839,55,3,23,1,1,2,2),
	(2840,55,204,23,0,NULL,NULL,0),
	(2841,55,354,23,1,NULL,NULL,0),
	(2842,55,424,23,1,NULL,NULL,0),
	(2843,55,16,23,0,NULL,NULL,0),
	(2844,55,210,23,0,NULL,NULL,0),
	(2863,60,286,23,0,1,2,0),
	(2864,60,121,23,1,NULL,NULL,0),
	(2865,60,423,23,0,NULL,NULL,0),
	(2866,60,424,23,1,NULL,NULL,0),
	(2867,60,16,23,0,NULL,NULL,0),
	(2868,60,210,23,0,NULL,NULL,0),
	(2875,7,64,24,0,1,3,0),
	(2876,7,200,24,1,NULL,NULL,NULL),
	(2877,7,224,24,1,NULL,NULL,NULL),
	(2878,7,166,24,0,NULL,NULL,NULL),
	(2879,7,197,24,0,NULL,NULL,NULL),
	(2880,7,87,24,1,NULL,NULL,NULL),
	(2881,3,64,24,0,1,2,0),
	(2882,3,140,24,0,NULL,NULL,NULL),
	(2883,3,69,24,0,NULL,NULL,NULL),
	(2884,3,166,24,0,NULL,NULL,NULL),
	(2885,3,197,24,0,NULL,NULL,NULL),
	(2886,3,429,24,0,NULL,NULL,NULL),
	(2887,16,12,24,1,1,3,1),
	(2888,16,200,24,1,NULL,NULL,NULL),
	(2889,16,69,24,0,NULL,NULL,NULL),
	(2890,16,428,24,1,NULL,NULL,NULL),
	(2891,16,197,24,0,NULL,NULL,NULL),
	(2892,16,429,24,0,NULL,NULL,NULL),
	(2893,54,64,24,0,1,4,0),
	(2894,54,200,24,1,NULL,NULL,NULL),
	(2895,54,224,24,1,NULL,NULL,NULL),
	(2896,54,166,24,0,NULL,NULL,NULL),
	(2897,54,197,24,0,NULL,NULL,NULL),
	(2898,54,87,24,1,NULL,NULL,NULL),
	(2899,44,12,24,1,3,5,0),
	(2900,44,140,24,0,NULL,NULL,NULL),
	(2901,44,224,24,1,NULL,NULL,NULL),
	(2902,44,428,24,1,NULL,NULL,NULL),
	(2903,44,197,24,0,NULL,NULL,NULL),
	(2904,44,429,24,0,NULL,NULL,NULL),
	(2905,55,12,24,1,1,1,2),
	(2906,55,200,24,1,NULL,NULL,NULL),
	(2907,55,224,24,1,NULL,NULL,NULL),
	(2908,55,166,24,0,NULL,NULL,NULL),
	(2909,55,197,24,0,NULL,NULL,NULL),
	(2910,55,87,24,1,NULL,NULL,NULL),
	(2911,1,64,24,0,1,3,0),
	(2912,1,140,24,0,NULL,NULL,NULL),
	(2913,1,69,24,0,NULL,NULL,NULL),
	(2914,1,166,24,0,NULL,NULL,NULL),
	(2915,1,197,24,0,NULL,NULL,NULL),
	(2916,1,429,24,0,NULL,NULL,NULL),
	(2923,60,12,24,1,1,1,2),
	(2924,60,140,24,0,NULL,NULL,NULL),
	(2925,60,224,24,1,NULL,NULL,NULL),
	(2926,60,166,24,0,NULL,NULL,NULL),
	(2927,60,197,24,0,NULL,NULL,NULL),
	(2928,60,429,24,0,NULL,NULL,NULL),
	(2929,59,12,24,1,1,1,2),
	(2930,59,140,24,0,NULL,NULL,NULL),
	(2931,59,224,24,1,NULL,NULL,NULL),
	(2932,59,428,24,1,NULL,NULL,NULL),
	(2933,59,434,24,1,NULL,NULL,NULL),
	(2934,59,87,24,1,NULL,NULL,NULL),
	(2941,45,64,24,0,1,3,0),
	(2942,45,140,24,0,NULL,NULL,NULL),
	(2943,45,224,24,1,NULL,NULL,NULL),
	(2944,45,428,24,1,NULL,NULL,NULL),
	(2945,45,434,24,1,NULL,NULL,NULL),
	(2946,45,429,24,0,NULL,NULL,NULL),
	(2947,27,12,24,1,1,3,1),
	(2948,27,140,24,0,NULL,NULL,NULL),
	(2949,27,224,24,1,NULL,NULL,NULL),
	(2950,27,166,24,0,NULL,NULL,NULL),
	(2951,27,197,24,0,NULL,NULL,NULL),
	(2952,27,87,24,1,NULL,NULL,NULL),
	(2953,30,64,24,0,3,5,0),
	(2954,30,140,24,0,NULL,NULL,NULL),
	(2955,30,224,24,1,NULL,NULL,NULL),
	(2956,30,166,24,0,NULL,NULL,NULL),
	(2957,30,197,24,0,NULL,NULL,NULL),
	(2958,30,87,24,1,NULL,NULL,NULL),
	(2959,46,12,24,1,1,2,1),
	(2960,46,200,24,1,NULL,NULL,NULL),
	(2961,46,224,24,1,NULL,NULL,NULL),
	(2962,46,166,24,0,NULL,NULL,NULL),
	(2963,46,434,24,1,NULL,NULL,NULL),
	(2964,46,87,24,1,NULL,NULL,NULL),
	(2965,35,12,24,1,1,1,2),
	(2966,35,140,24,0,NULL,NULL,NULL),
	(2967,35,224,24,1,NULL,NULL,NULL),
	(2968,35,166,24,0,NULL,NULL,NULL),
	(2969,35,197,24,0,NULL,NULL,NULL),
	(2970,35,429,24,0,NULL,NULL,NULL),
	(2971,6,64,24,0,3,5,0),
	(2972,6,140,24,0,NULL,NULL,NULL),
	(2973,6,224,24,1,NULL,NULL,NULL),
	(2974,6,166,24,0,NULL,NULL,NULL),
	(2975,6,197,24,0,NULL,NULL,NULL),
	(2976,6,87,24,1,NULL,NULL,NULL),
	(2983,24,64,24,0,3,5,0),
	(2984,24,200,24,1,NULL,NULL,NULL),
	(2985,24,224,24,1,NULL,NULL,NULL),
	(2986,24,166,24,0,NULL,NULL,NULL),
	(2987,24,197,24,0,NULL,NULL,NULL),
	(2988,24,429,24,0,NULL,NULL,NULL),
	(2989,38,12,24,1,1,2,1),
	(2990,38,140,24,0,NULL,NULL,NULL),
	(2991,38,224,24,1,NULL,NULL,NULL),
	(2992,38,166,24,0,NULL,NULL,NULL),
	(2993,38,197,24,0,NULL,NULL,NULL),
	(2994,38,429,24,0,NULL,NULL,NULL),
	(2995,64,64,24,0,3,5,0),
	(2996,64,140,24,0,NULL,NULL,NULL),
	(2997,64,69,24,0,NULL,NULL,NULL),
	(2998,64,166,24,0,NULL,NULL,NULL),
	(2999,64,197,24,0,NULL,NULL,NULL),
	(3000,64,87,24,1,NULL,NULL,NULL),
	(3007,33,12,24,1,1,2,1),
	(3008,33,200,24,1,NULL,NULL,NULL),
	(3009,33,224,24,1,NULL,NULL,NULL),
	(3010,33,166,24,0,NULL,NULL,NULL),
	(3011,33,197,24,0,NULL,NULL,NULL),
	(3012,33,87,24,1,NULL,NULL,NULL),
	(3013,63,12,24,1,1,1,2),
	(3014,63,140,24,0,NULL,NULL,NULL),
	(3015,63,69,24,0,NULL,NULL,NULL),
	(3016,63,428,24,1,NULL,NULL,NULL),
	(3017,63,197,24,0,NULL,NULL,NULL),
	(3018,63,87,24,1,NULL,NULL,NULL),
	(3019,3,51,25,1,1,2,0),
	(3020,3,265,25,0,NULL,NULL,NULL),
	(3021,3,126,25,1,NULL,NULL,NULL),
	(3022,3,437,25,0,NULL,NULL,NULL),
	(3023,3,436,25,1,NULL,NULL,NULL),
	(3029,54,295,25,0,1,2,0),
	(3030,54,223,25,1,NULL,NULL,NULL),
	(3031,54,126,25,1,NULL,NULL,NULL),
	(3032,54,437,25,0,NULL,NULL,NULL),
	(3033,54,436,25,1,NULL,NULL,NULL),
	(3034,46,295,25,0,1,2,0),
	(3035,46,223,25,1,NULL,NULL,NULL),
	(3036,46,126,25,1,NULL,NULL,NULL),
	(3037,46,437,25,0,NULL,NULL,NULL),
	(3038,46,436,25,1,NULL,NULL,NULL),
	(3039,7,295,25,0,1,4,0),
	(3040,7,223,25,1,NULL,NULL,NULL),
	(3041,7,126,25,1,NULL,NULL,NULL),
	(3042,7,437,25,0,NULL,NULL,NULL),
	(3043,7,436,25,1,NULL,NULL,NULL),
	(3044,16,295,25,0,3,5,0),
	(3045,16,265,25,0,NULL,NULL,NULL),
	(3046,16,126,25,1,NULL,NULL,NULL),
	(3047,16,437,25,0,NULL,NULL,NULL),
	(3048,16,436,25,1,NULL,NULL,NULL),
	(3049,24,295,25,0,3,5,0),
	(3050,24,265,25,0,NULL,NULL,NULL),
	(3051,24,126,25,1,NULL,NULL,NULL),
	(3052,24,437,25,0,NULL,NULL,NULL),
	(3053,24,439,25,0,NULL,NULL,NULL),
	(3054,44,295,25,0,1,2,0),
	(3055,44,265,25,0,NULL,NULL,NULL),
	(3056,44,126,25,1,NULL,NULL,NULL),
	(3057,44,437,25,0,NULL,NULL,NULL),
	(3058,44,436,25,1,NULL,NULL,NULL),
	(3059,35,295,25,0,1,3,0),
	(3060,35,265,25,0,NULL,NULL,NULL),
	(3061,35,126,25,1,NULL,NULL,NULL),
	(3062,35,437,25,0,NULL,NULL,NULL),
	(3063,35,436,25,1,NULL,NULL,NULL),
	(3064,59,295,25,0,1,3,0),
	(3065,59,223,25,1,NULL,NULL,NULL),
	(3066,59,126,25,1,NULL,NULL,NULL),
	(3067,59,435,25,1,NULL,NULL,NULL),
	(3068,59,439,25,0,NULL,NULL,NULL),
	(3069,1,295,25,0,1,2,0),
	(3070,1,265,25,0,NULL,NULL,NULL),
	(3071,1,126,25,1,NULL,NULL,NULL),
	(3072,1,437,25,0,NULL,NULL,NULL),
	(3073,1,436,25,1,NULL,NULL,NULL),
	(3074,55,295,25,0,1,1,0),
	(3075,55,265,25,0,NULL,NULL,NULL),
	(3076,55,126,25,1,NULL,NULL,NULL),
	(3077,55,437,25,0,NULL,NULL,NULL),
	(3078,55,436,25,1,NULL,NULL,NULL),
	(3079,6,295,25,0,3,5,0),
	(3080,6,265,25,0,NULL,NULL,NULL),
	(3081,6,126,25,1,NULL,NULL,NULL),
	(3082,6,437,25,0,NULL,NULL,NULL),
	(3083,6,436,25,1,NULL,NULL,NULL),
	(3109,60,295,25,0,1,1,0),
	(3110,60,265,25,0,NULL,NULL,NULL),
	(3111,60,126,25,1,NULL,NULL,NULL),
	(3112,60,435,25,1,NULL,NULL,NULL),
	(3113,60,436,25,1,NULL,NULL,NULL),
	(3114,38,51,25,1,2,3,2),
	(3115,38,265,25,0,NULL,NULL,NULL),
	(3116,38,126,25,1,NULL,NULL,NULL),
	(3117,38,437,25,0,NULL,NULL,NULL),
	(3118,38,439,25,0,NULL,NULL,NULL),
	(3119,27,51,25,1,2,4,1),
	(3120,27,265,25,0,NULL,NULL,NULL),
	(3121,27,126,25,1,NULL,NULL,NULL),
	(3122,27,435,25,1,NULL,NULL,NULL),
	(3123,27,436,25,1,NULL,NULL,NULL),
	(3124,63,51,25,1,1,2,0),
	(3125,63,223,25,1,NULL,NULL,NULL),
	(3126,63,126,25,1,NULL,NULL,NULL),
	(3127,63,437,25,0,NULL,NULL,NULL),
	(3128,63,436,25,1,NULL,NULL,NULL),
	(3129,33,295,25,0,3,5,0),
	(3130,33,265,25,0,NULL,NULL,NULL),
	(3131,33,126,25,1,NULL,NULL,NULL),
	(3132,33,437,25,0,NULL,NULL,NULL),
	(3133,33,436,25,1,NULL,NULL,NULL),
	(3134,64,295,25,0,3,5,0),
	(3135,64,265,25,0,NULL,NULL,NULL),
	(3136,64,126,25,1,NULL,NULL,NULL),
	(3137,64,435,25,1,NULL,NULL,NULL),
	(3138,64,439,25,0,NULL,NULL,NULL),
	(3139,30,295,25,0,1,3,0),
	(3140,30,265,25,0,NULL,NULL,NULL),
	(3141,30,126,25,1,NULL,NULL,NULL),
	(3142,30,437,25,0,NULL,NULL,NULL),
	(3143,30,439,25,0,NULL,NULL,NULL),
	(3154,45,295,25,0,3,5,0),
	(3155,45,265,25,0,NULL,NULL,NULL),
	(3156,45,126,25,1,NULL,NULL,NULL),
	(3157,45,437,25,0,NULL,NULL,NULL),
	(3158,45,436,25,1,NULL,NULL,NULL),
	(3159,54,440,26,0,2,1,0),
	(3160,54,308,26,0,NULL,NULL,NULL),
	(3161,54,448,26,0,NULL,NULL,NULL),
	(3162,54,449,26,0,NULL,NULL,NULL),
	(3163,35,440,26,0,1,4,0),
	(3164,35,308,26,0,NULL,NULL,NULL),
	(3165,35,448,26,0,NULL,NULL,NULL),
	(3166,35,449,26,0,NULL,NULL,NULL),
	(3167,44,350,26,1,3,5,0),
	(3168,44,308,26,0,NULL,NULL,NULL),
	(3169,44,448,26,0,NULL,NULL,NULL),
	(3170,44,449,26,0,NULL,NULL,NULL),
	(3171,3,350,26,1,1,2,1),
	(3172,3,38,26,1,NULL,NULL,NULL),
	(3173,3,441,26,1,NULL,NULL,NULL),
	(3174,3,445,26,1,NULL,NULL,NULL),
	(3175,55,350,26,1,1,2,1),
	(3176,55,38,26,1,NULL,NULL,NULL),
	(3177,55,441,26,1,NULL,NULL,NULL),
	(3178,55,449,26,0,NULL,NULL,NULL),
	(3179,46,350,26,1,3,5,0),
	(3180,46,38,26,1,NULL,NULL,NULL),
	(3181,46,441,26,1,NULL,NULL,NULL),
	(3182,46,449,26,0,NULL,NULL,NULL),
	(3199,6,350,26,1,3,5,0),
	(3200,6,308,26,0,NULL,NULL,NULL),
	(3201,6,441,26,1,NULL,NULL,NULL),
	(3202,6,445,26,1,NULL,NULL,NULL),
	(3203,1,350,26,1,1,2,1),
	(3204,1,38,26,1,NULL,NULL,NULL),
	(3205,1,441,26,1,NULL,NULL,NULL),
	(3206,1,445,26,1,NULL,NULL,NULL),
	(3207,16,350,26,1,3,5,0),
	(3208,16,308,26,0,NULL,NULL,NULL),
	(3209,16,441,26,1,NULL,NULL,NULL),
	(3210,16,445,26,1,NULL,NULL,NULL),
	(3211,59,350,26,1,1,1,1),
	(3212,59,308,26,0,NULL,NULL,NULL),
	(3213,59,448,26,0,NULL,NULL,NULL),
	(3214,59,449,26,0,NULL,NULL,NULL),
	(3215,27,350,26,1,1,2,1),
	(3216,27,308,26,0,NULL,NULL,NULL),
	(3217,27,441,26,1,NULL,NULL,NULL),
	(3218,27,449,26,0,NULL,NULL,NULL),
	(3219,63,350,26,1,1,1,1),
	(3220,63,308,26,0,NULL,NULL,NULL),
	(3221,63,441,26,1,NULL,NULL,NULL),
	(3222,63,445,26,1,NULL,NULL,NULL),
	(3227,24,350,26,1,3,5,0),
	(3228,24,308,26,0,NULL,NULL,NULL),
	(3229,24,441,26,1,NULL,NULL,NULL),
	(3230,24,445,26,1,NULL,NULL,NULL),
	(3235,45,350,26,1,1,2,1),
	(3236,45,308,26,0,NULL,NULL,NULL),
	(3237,45,448,26,0,NULL,NULL,NULL),
	(3238,45,445,26,1,NULL,NULL,NULL),
	(3239,33,350,26,1,1,1,1),
	(3240,33,308,26,0,NULL,NULL,NULL),
	(3241,33,441,26,1,NULL,NULL,NULL),
	(3242,33,445,26,1,NULL,NULL,NULL),
	(3243,64,350,26,1,1,3,2),
	(3244,64,308,26,0,NULL,NULL,NULL),
	(3245,64,441,26,1,NULL,NULL,NULL),
	(3246,64,449,26,0,NULL,NULL,NULL),
	(3251,30,350,26,1,1,3,2),
	(3252,30,308,26,0,NULL,NULL,NULL),
	(3253,30,441,26,1,NULL,NULL,NULL),
	(3254,30,449,26,0,NULL,NULL,NULL),
	(3259,60,350,26,1,1,1,1),
	(3260,60,308,26,0,NULL,NULL,NULL),
	(3261,60,441,26,1,NULL,NULL,NULL),
	(3262,60,445,26,1,NULL,NULL,NULL),
	(3263,7,350,26,1,1,3,2),
	(3264,7,308,26,0,NULL,NULL,NULL),
	(3265,7,441,26,1,NULL,NULL,NULL),
	(3266,7,445,26,1,NULL,NULL,NULL),
	(3267,38,350,26,1,1,2,1),
	(3268,38,38,26,1,NULL,NULL,NULL),
	(3269,38,448,26,0,NULL,NULL,NULL),
	(3270,38,449,26,0,NULL,NULL,NULL),
	(3271,54,57,27,1,3,5,0),
	(3272,54,209,27,0,NULL,NULL,NULL),
	(3273,54,272,27,1,NULL,NULL,NULL),
	(3274,54,142,27,1,NULL,NULL,NULL),
	(3275,54,130,27,1,NULL,NULL,NULL),
	(3276,16,57,27,1,1,3,2),
	(3277,16,73,27,1,NULL,NULL,NULL),
	(3278,16,381,27,0,NULL,NULL,NULL),
	(3279,16,142,27,1,NULL,NULL,NULL),
	(3280,16,130,27,1,NULL,NULL,NULL),
	(3286,35,136,27,0,1,2,0),
	(3287,35,73,27,1,NULL,NULL,NULL),
	(3288,35,272,27,1,NULL,NULL,NULL),
	(3289,35,142,27,1,NULL,NULL,NULL),
	(3290,35,411,27,0,NULL,NULL,NULL),
	(3291,44,57,27,1,1,3,2),
	(3292,44,209,27,0,NULL,NULL,NULL),
	(3293,44,272,27,1,NULL,NULL,NULL),
	(3294,44,142,27,1,NULL,NULL,NULL),
	(3295,44,411,27,0,NULL,NULL,NULL),
	(3296,63,57,27,1,1,2,1),
	(3297,63,209,27,0,NULL,NULL,NULL),
	(3298,63,272,27,1,NULL,NULL,NULL),
	(3299,63,142,27,1,NULL,NULL,NULL),
	(3300,63,130,27,1,NULL,NULL,NULL),
	(3301,59,136,27,0,2,3,0),
	(3302,59,73,27,1,NULL,NULL,NULL),
	(3303,59,272,27,1,NULL,NULL,NULL),
	(3304,59,142,27,1,NULL,NULL,NULL),
	(3305,59,130,27,1,NULL,NULL,NULL),
	(3306,6,136,27,0,3,5,0),
	(3307,6,73,27,1,NULL,NULL,NULL),
	(3308,6,381,27,0,NULL,NULL,NULL),
	(3309,6,142,27,1,NULL,NULL,NULL),
	(3310,6,130,27,1,NULL,NULL,NULL),
	(3311,24,136,27,0,1,4,0),
	(3312,24,73,27,1,NULL,NULL,NULL),
	(3313,24,272,27,1,NULL,NULL,NULL),
	(3314,24,142,27,1,NULL,NULL,NULL),
	(3315,24,130,27,1,NULL,NULL,NULL),
	(3316,7,57,27,1,1,2,1),
	(3317,7,73,27,1,NULL,NULL,NULL),
	(3318,7,272,27,1,NULL,NULL,NULL),
	(3319,7,142,27,1,NULL,NULL,NULL),
	(3320,7,130,27,1,NULL,NULL,NULL),
	(3321,55,136,27,0,2,5,0),
	(3322,55,73,27,1,NULL,NULL,NULL),
	(3323,55,272,27,1,NULL,NULL,NULL),
	(3324,55,142,27,1,NULL,NULL,NULL),
	(3325,55,130,27,1,NULL,NULL,NULL),
	(3336,30,136,27,0,3,5,0),
	(3337,30,73,27,1,NULL,NULL,NULL),
	(3338,30,272,27,1,NULL,NULL,NULL),
	(3339,30,142,27,1,NULL,NULL,NULL),
	(3340,30,130,27,1,NULL,NULL,NULL),
	(3341,1,136,27,0,3,5,0),
	(3342,1,73,27,1,NULL,NULL,NULL),
	(3343,1,272,27,1,NULL,NULL,NULL),
	(3344,1,142,27,1,NULL,NULL,NULL),
	(3345,1,130,27,1,NULL,NULL,NULL),
	(3361,3,136,27,0,1,3,0),
	(3362,3,209,27,0,NULL,NULL,NULL),
	(3363,3,272,27,1,NULL,NULL,NULL),
	(3364,3,142,27,1,NULL,NULL,NULL),
	(3365,3,130,27,1,NULL,NULL,NULL),
	(3366,38,136,27,0,1,3,0),
	(3367,38,209,27,0,NULL,NULL,NULL),
	(3368,38,272,27,1,NULL,NULL,NULL),
	(3369,38,142,27,1,NULL,NULL,NULL),
	(3370,38,130,27,1,NULL,NULL,NULL),
	(3376,45,136,27,0,3,5,0),
	(3377,45,209,27,0,NULL,NULL,NULL),
	(3378,45,272,27,1,NULL,NULL,NULL),
	(3379,45,385,27,0,NULL,NULL,NULL),
	(3380,45,130,27,1,NULL,NULL,NULL),
	(3386,27,136,27,0,1,2,0),
	(3387,27,209,27,0,NULL,NULL,NULL),
	(3388,27,272,27,1,NULL,NULL,NULL),
	(3389,27,142,27,1,NULL,NULL,NULL),
	(3390,27,130,27,1,NULL,NULL,NULL),
	(3391,33,136,27,0,1,3,0),
	(3392,33,73,27,1,NULL,NULL,NULL),
	(3393,33,272,27,1,NULL,NULL,NULL),
	(3394,33,142,27,1,NULL,NULL,NULL),
	(3395,33,130,27,1,NULL,NULL,NULL),
	(3396,46,57,27,1,1,2,1),
	(3397,46,73,27,1,NULL,NULL,NULL),
	(3398,46,272,27,1,NULL,NULL,NULL),
	(3399,46,385,27,0,NULL,NULL,NULL),
	(3400,46,130,27,1,NULL,NULL,NULL),
	(3401,60,57,27,1,1,2,1),
	(3402,60,73,27,1,NULL,NULL,NULL),
	(3403,60,272,27,1,NULL,NULL,NULL),
	(3404,60,142,27,1,NULL,NULL,NULL),
	(3405,60,130,27,1,NULL,NULL,NULL),
	(3406,7,154,28,1,1,2,2),
	(3407,7,110,28,0,NULL,NULL,NULL),
	(3408,7,160,28,0,NULL,NULL,NULL),
	(3409,7,48,28,1,NULL,NULL,NULL),
	(3410,7,387,28,1,NULL,NULL,NULL),
	(3431,35,243,28,0,3,5,0),
	(3432,35,2,28,1,NULL,NULL,NULL),
	(3433,35,160,28,0,NULL,NULL,NULL),
	(3434,35,326,28,0,NULL,NULL,NULL),
	(3435,35,46,28,0,NULL,NULL,NULL),
	(3441,55,154,28,1,3,5,0),
	(3442,55,110,28,0,NULL,NULL,NULL),
	(3443,55,160,28,0,NULL,NULL,NULL),
	(3444,55,326,28,0,NULL,NULL,NULL),
	(3445,55,387,28,1,NULL,NULL,NULL),
	(3446,1,302,29,1,1,3,1),
	(3447,1,463,29,1,NULL,NULL,NULL),
	(3448,1,466,29,0,NULL,NULL,NULL),
	(3449,1,361,29,1,NULL,NULL,NULL),
	(3450,1,456,29,1,NULL,NULL,NULL),
	(3451,1,337,29,0,NULL,NULL,NULL),
	(3452,1,154,28,1,1,2,2),
	(3453,1,2,28,1,NULL,NULL,NULL),
	(3454,1,125,28,1,NULL,NULL,NULL),
	(3455,1,326,28,0,NULL,NULL,NULL),
	(3456,1,387,28,1,NULL,NULL,NULL),
	(3457,44,85,29,0,1,4,0),
	(3458,44,464,29,0,NULL,NULL,NULL),
	(3459,44,465,29,1,NULL,NULL,NULL),
	(3460,44,361,29,1,NULL,NULL,NULL),
	(3461,44,456,29,1,NULL,NULL,NULL),
	(3462,44,337,29,0,NULL,NULL,NULL),
	(3463,44,243,28,0,1,3,0),
	(3464,44,2,28,1,NULL,NULL,NULL),
	(3465,44,160,28,0,NULL,NULL,NULL),
	(3466,44,48,28,1,NULL,NULL,NULL),
	(3467,44,387,28,1,NULL,NULL,NULL),
	(3501,64,154,28,1,3,5,0),
	(3502,64,2,28,1,NULL,NULL,NULL),
	(3503,64,160,28,0,NULL,NULL,NULL),
	(3504,64,326,28,0,NULL,NULL,NULL),
	(3505,64,387,28,1,NULL,NULL,NULL),
	(3506,64,302,29,1,1,4,1),
	(3507,64,463,29,1,NULL,NULL,NULL),
	(3508,64,466,29,0,NULL,NULL,NULL),
	(3509,64,361,29,1,NULL,NULL,NULL),
	(3510,64,456,29,1,NULL,NULL,NULL),
	(3511,64,337,29,0,NULL,NULL,NULL),
	(3512,24,302,29,1,1,4,1),
	(3513,24,463,29,1,NULL,NULL,NULL),
	(3514,24,465,29,1,NULL,NULL,NULL),
	(3515,24,361,29,1,NULL,NULL,NULL),
	(3516,24,456,29,1,NULL,NULL,NULL),
	(3517,24,455,29,1,NULL,NULL,NULL),
	(3518,24,243,28,0,3,5,0),
	(3519,24,110,28,0,NULL,NULL,NULL),
	(3520,24,160,28,0,NULL,NULL,NULL),
	(3521,24,326,28,0,NULL,NULL,NULL),
	(3522,24,387,28,1,NULL,NULL,NULL),
	(3523,54,302,29,1,3,5,0),
	(3524,54,463,29,1,NULL,NULL,NULL),
	(3525,54,465,29,1,NULL,NULL,NULL),
	(3526,54,361,29,1,NULL,NULL,NULL),
	(3527,54,456,29,1,NULL,NULL,NULL),
	(3528,54,455,29,1,NULL,NULL,NULL),
	(3529,54,154,28,1,1,3,1),
	(3530,54,110,28,0,NULL,NULL,NULL),
	(3531,54,160,28,0,NULL,NULL,NULL),
	(3532,54,326,28,0,NULL,NULL,NULL),
	(3533,54,387,28,1,NULL,NULL,NULL),
	(3534,59,85,29,0,1,4,0),
	(3535,59,464,29,0,NULL,NULL,NULL),
	(3536,59,465,29,1,NULL,NULL,NULL),
	(3537,59,13,29,0,NULL,NULL,NULL),
	(3538,59,467,29,0,NULL,NULL,NULL),
	(3539,59,337,29,0,NULL,NULL,NULL),
	(3540,59,243,28,0,1,3,0),
	(3541,59,2,28,1,NULL,NULL,NULL),
	(3542,59,160,28,0,NULL,NULL,NULL),
	(3543,59,326,28,0,NULL,NULL,NULL),
	(3544,59,46,28,0,NULL,NULL,NULL),
	(3545,16,154,28,1,1,2,2),
	(3546,16,2,28,1,NULL,NULL,NULL),
	(3547,16,160,28,0,NULL,NULL,NULL),
	(3548,16,48,28,1,NULL,NULL,NULL),
	(3549,16,387,28,1,NULL,NULL,NULL),
	(3550,16,85,29,0,3,5,0),
	(3551,16,463,29,1,NULL,NULL,NULL),
	(3552,16,465,29,1,NULL,NULL,NULL),
	(3553,16,361,29,1,NULL,NULL,NULL),
	(3554,16,467,29,0,NULL,NULL,NULL),
	(3555,16,455,29,1,NULL,NULL,NULL),
	(3556,6,302,29,1,3,5,0),
	(3557,6,463,29,1,NULL,NULL,NULL),
	(3558,6,465,29,1,NULL,NULL,NULL),
	(3559,6,361,29,1,NULL,NULL,NULL),
	(3560,6,456,29,1,NULL,NULL,NULL),
	(3561,6,455,29,1,NULL,NULL,NULL),
	(3562,6,243,28,0,3,5,0),
	(3563,6,2,28,1,NULL,NULL,NULL),
	(3564,6,160,28,0,NULL,NULL,NULL),
	(3565,6,326,28,0,NULL,NULL,NULL),
	(3566,6,387,28,1,NULL,NULL,NULL),
	(3589,27,243,28,0,3,5,0),
	(3590,27,110,28,0,NULL,NULL,NULL),
	(3591,27,160,28,0,NULL,NULL,NULL),
	(3592,27,48,28,1,NULL,NULL,NULL),
	(3593,27,46,28,0,NULL,NULL,NULL),
	(3594,27,85,29,0,3,5,0),
	(3595,27,463,29,1,NULL,NULL,NULL),
	(3596,27,465,29,1,NULL,NULL,NULL),
	(3597,27,361,29,1,NULL,NULL,NULL),
	(3598,27,467,29,0,NULL,NULL,NULL),
	(3599,27,455,29,1,NULL,NULL,NULL),
	(3600,30,302,29,1,1,4,1),
	(3601,30,464,29,0,NULL,NULL,NULL),
	(3602,30,466,29,0,NULL,NULL,NULL),
	(3603,30,13,29,0,NULL,NULL,NULL),
	(3604,30,456,29,1,NULL,NULL,NULL),
	(3605,30,455,29,1,NULL,NULL,NULL),
	(3606,30,154,28,1,1,2,2),
	(3607,30,110,28,0,NULL,NULL,NULL),
	(3608,30,160,28,0,NULL,NULL,NULL),
	(3609,30,326,28,0,NULL,NULL,NULL),
	(3610,30,387,28,1,NULL,NULL,NULL),
	(3622,3,154,28,1,1,2,2),
	(3623,3,110,28,0,NULL,NULL,NULL),
	(3624,3,160,28,0,NULL,NULL,NULL),
	(3625,3,48,28,1,NULL,NULL,NULL),
	(3626,3,387,28,1,NULL,NULL,NULL),
	(3627,3,302,29,1,1,1,2),
	(3628,3,463,29,1,NULL,NULL,NULL),
	(3629,3,465,29,1,NULL,NULL,NULL),
	(3630,3,361,29,1,NULL,NULL,NULL),
	(3631,3,456,29,1,NULL,NULL,NULL),
	(3632,3,455,29,1,NULL,NULL,NULL),
	(3633,46,154,28,1,1,2,2),
	(3634,46,110,28,0,NULL,NULL,NULL),
	(3635,46,160,28,0,NULL,NULL,NULL),
	(3636,46,326,28,0,NULL,NULL,NULL),
	(3637,46,387,28,1,NULL,NULL,NULL),
	(3638,46,85,29,0,2,3,0),
	(3639,46,463,29,1,NULL,NULL,NULL),
	(3640,46,466,29,0,NULL,NULL,NULL),
	(3641,46,361,29,1,NULL,NULL,NULL),
	(3642,46,467,29,0,NULL,NULL,NULL),
	(3643,46,337,29,0,NULL,NULL,NULL),
	(3644,60,85,29,0,1,3,0),
	(3645,60,463,29,1,NULL,NULL,NULL),
	(3646,60,466,29,0,NULL,NULL,NULL),
	(3647,60,361,29,1,NULL,NULL,NULL),
	(3648,60,467,29,0,NULL,NULL,NULL),
	(3649,60,455,29,1,NULL,NULL,NULL),
	(3650,60,154,28,1,1,2,2),
	(3651,60,110,28,0,NULL,NULL,NULL),
	(3652,60,160,28,0,NULL,NULL,NULL),
	(3653,60,48,28,1,NULL,NULL,NULL),
	(3654,60,387,28,1,NULL,NULL,NULL),
	(3655,33,243,28,0,1,4,0),
	(3656,33,2,28,1,NULL,NULL,NULL),
	(3657,33,160,28,0,NULL,NULL,NULL),
	(3658,33,48,28,1,NULL,NULL,NULL),
	(3659,33,387,28,1,NULL,NULL,NULL),
	(3660,33,302,29,1,3,5,0),
	(3661,33,463,29,1,NULL,NULL,NULL),
	(3662,33,466,29,0,NULL,NULL,NULL),
	(3663,33,361,29,1,NULL,NULL,NULL),
	(3664,33,456,29,1,NULL,NULL,NULL),
	(3665,33,455,29,1,NULL,NULL,NULL),
	(3666,38,154,28,1,1,2,2),
	(3667,38,110,28,0,NULL,NULL,NULL),
	(3668,38,160,28,0,NULL,NULL,NULL),
	(3669,38,48,28,1,NULL,NULL,NULL),
	(3670,38,387,28,1,NULL,NULL,NULL),
	(3671,38,302,29,1,1,3,1),
	(3672,38,463,29,1,NULL,NULL,NULL),
	(3673,38,465,29,1,NULL,NULL,NULL),
	(3674,38,361,29,1,NULL,NULL,NULL),
	(3675,38,456,29,1,NULL,NULL,NULL),
	(3676,38,337,29,0,NULL,NULL,NULL),
	(3677,66,302,29,1,1,3,1),
	(3678,66,463,29,1,NULL,NULL,NULL),
	(3679,66,465,29,1,NULL,NULL,NULL),
	(3680,66,13,29,0,NULL,NULL,NULL),
	(3681,66,456,29,1,NULL,NULL,NULL),
	(3682,66,455,29,1,NULL,NULL,NULL),
	(3683,66,243,28,0,2,4,0),
	(3684,66,2,28,1,NULL,NULL,NULL),
	(3685,66,160,28,0,NULL,NULL,NULL),
	(3686,66,48,28,1,NULL,NULL,NULL),
	(3687,66,387,28,1,NULL,NULL,NULL),
	(3688,45,154,28,1,3,5,0),
	(3689,45,110,28,0,NULL,NULL,NULL),
	(3690,45,160,28,0,NULL,NULL,NULL),
	(3691,45,326,28,0,NULL,NULL,NULL),
	(3692,45,387,28,1,NULL,NULL,NULL),
	(3693,45,85,29,0,1,2,0),
	(3694,45,464,29,0,NULL,NULL,NULL),
	(3695,45,465,29,1,NULL,NULL,NULL),
	(3696,45,361,29,1,NULL,NULL,NULL),
	(3697,45,456,29,1,NULL,NULL,NULL),
	(3698,45,455,29,1,NULL,NULL,NULL),
	(3699,54,266,30,0,1,2,0),
	(3700,54,191,30,1,NULL,NULL,NULL),
	(3701,54,343,30,1,NULL,NULL,NULL),
	(3702,54,469,30,1,NULL,NULL,NULL),
	(3703,54,330,30,1,NULL,NULL,NULL),
	(3704,54,175,30,1,NULL,NULL,NULL),
	(3705,6,290,30,1,1,1,2),
	(3706,6,161,30,0,NULL,NULL,NULL),
	(3707,6,343,30,1,NULL,NULL,NULL),
	(3708,6,468,30,0,NULL,NULL,NULL),
	(3709,6,330,30,1,NULL,NULL,NULL),
	(3710,6,175,30,1,NULL,NULL,NULL),
	(3711,44,290,30,1,2,3,0),
	(3712,44,191,30,1,NULL,NULL,NULL),
	(3713,44,343,30,1,NULL,NULL,NULL),
	(3714,44,469,30,1,NULL,NULL,NULL),
	(3715,44,330,30,1,NULL,NULL,NULL),
	(3716,44,175,30,1,NULL,NULL,NULL),
	(3717,1,290,30,1,1,2,1),
	(3718,1,161,30,0,NULL,NULL,NULL),
	(3719,1,343,30,1,NULL,NULL,NULL),
	(3720,1,468,30,0,NULL,NULL,NULL),
	(3721,1,330,30,1,NULL,NULL,NULL),
	(3722,1,175,30,1,NULL,NULL,NULL),
	(3723,3,290,30,1,1,1,2),
	(3724,3,191,30,1,NULL,NULL,NULL),
	(3725,3,343,30,1,NULL,NULL,NULL),
	(3726,3,469,30,1,NULL,NULL,NULL),
	(3727,3,330,30,1,NULL,NULL,NULL),
	(3728,3,175,30,1,NULL,NULL,NULL),
	(3729,46,266,30,0,2,3,0),
	(3730,46,191,30,1,NULL,NULL,NULL),
	(3731,46,343,30,1,NULL,NULL,NULL),
	(3732,46,469,30,1,NULL,NULL,NULL),
	(3733,46,330,30,1,NULL,NULL,NULL),
	(3734,46,175,30,1,NULL,NULL,NULL),
	(3741,45,266,30,0,1,2,0),
	(3742,45,191,30,1,NULL,NULL,NULL),
	(3743,45,470,30,0,NULL,NULL,NULL),
	(3744,45,469,30,1,NULL,NULL,NULL),
	(3745,45,330,30,1,NULL,NULL,NULL),
	(3746,45,175,30,1,NULL,NULL,NULL),
	(3747,24,266,30,0,1,2,0),
	(3748,24,191,30,1,NULL,NULL,NULL),
	(3749,24,343,30,1,NULL,NULL,NULL),
	(3750,24,469,30,1,NULL,NULL,NULL),
	(3751,24,330,30,1,NULL,NULL,NULL),
	(3752,24,175,30,1,NULL,NULL,NULL),
	(3753,16,290,30,1,1,2,1),
	(3754,16,161,30,0,NULL,NULL,NULL),
	(3755,16,343,30,1,NULL,NULL,NULL),
	(3756,16,469,30,1,NULL,NULL,NULL),
	(3757,16,134,30,0,NULL,NULL,NULL),
	(3758,16,175,30,1,NULL,NULL,NULL),
	(3759,27,290,30,1,2,2,0),
	(3760,27,161,30,0,NULL,NULL,NULL),
	(3761,27,343,30,1,NULL,NULL,NULL),
	(3762,27,469,30,1,NULL,NULL,NULL),
	(3763,27,330,30,1,NULL,NULL,NULL),
	(3764,27,175,30,1,NULL,NULL,NULL),
	(3765,63,266,30,0,1,2,0),
	(3766,63,191,30,1,NULL,NULL,NULL),
	(3767,63,470,30,0,NULL,NULL,NULL),
	(3768,63,469,30,1,NULL,NULL,NULL),
	(3769,63,330,30,1,NULL,NULL,NULL),
	(3770,63,471,30,0,NULL,NULL,NULL),
	(3771,66,290,30,1,2,2,0),
	(3772,66,191,30,1,NULL,NULL,NULL),
	(3773,66,343,30,1,NULL,NULL,NULL),
	(3774,66,469,30,1,NULL,NULL,NULL),
	(3775,66,134,30,0,NULL,NULL,NULL),
	(3776,66,175,30,1,NULL,NULL,NULL),
	(3777,59,266,30,0,1,4,0),
	(3778,59,191,30,1,NULL,NULL,NULL),
	(3779,59,470,30,0,NULL,NULL,NULL),
	(3780,59,468,30,0,NULL,NULL,NULL),
	(3781,59,330,30,1,NULL,NULL,NULL),
	(3782,59,175,30,1,NULL,NULL,NULL),
	(3783,7,266,30,0,1,2,0),
	(3784,7,191,30,1,NULL,NULL,NULL),
	(3785,7,470,30,0,NULL,NULL,NULL),
	(3786,7,468,30,0,NULL,NULL,NULL),
	(3787,7,330,30,1,NULL,NULL,NULL),
	(3788,7,175,30,1,NULL,NULL,NULL),
	(3789,55,290,30,1,1,2,1),
	(3790,55,161,30,0,NULL,NULL,NULL),
	(3791,55,343,30,1,NULL,NULL,NULL),
	(3792,55,469,30,1,NULL,NULL,NULL),
	(3793,55,134,30,0,NULL,NULL,NULL),
	(3794,55,175,30,1,NULL,NULL,NULL),
	(3801,30,266,30,0,1,2,0),
	(3802,30,191,30,1,NULL,NULL,NULL),
	(3803,30,343,30,1,NULL,NULL,NULL),
	(3804,30,468,30,0,NULL,NULL,NULL),
	(3805,30,134,30,0,NULL,NULL,NULL),
	(3806,30,175,30,1,NULL,NULL,NULL),
	(3807,38,266,30,0,1,1,0),
	(3808,38,191,30,1,NULL,NULL,NULL),
	(3809,38,343,30,1,NULL,NULL,NULL),
	(3810,38,469,30,1,NULL,NULL,NULL),
	(3811,38,330,30,1,NULL,NULL,NULL),
	(3812,38,175,30,1,NULL,NULL,NULL),
	(3813,33,266,30,0,1,1,0),
	(3814,33,191,30,1,NULL,NULL,NULL),
	(3815,33,343,30,1,NULL,NULL,NULL),
	(3816,33,469,30,1,NULL,NULL,NULL),
	(3817,33,330,30,1,NULL,NULL,NULL),
	(3818,33,175,30,1,NULL,NULL,NULL),
	(3819,60,290,30,1,2,2,0),
	(3820,60,191,30,1,NULL,NULL,NULL),
	(3821,60,343,30,1,NULL,NULL,NULL),
	(3822,60,469,30,1,NULL,NULL,NULL),
	(3823,60,330,30,1,NULL,NULL,NULL),
	(3824,60,175,30,1,NULL,NULL,NULL),
	(3831,24,186,31,0,2,4,0),
	(3832,24,99,31,0,NULL,NULL,NULL),
	(3833,24,478,31,1,NULL,NULL,NULL),
	(3834,24,370,31,1,NULL,NULL,NULL),
	(3835,24,248,31,1,NULL,NULL,NULL),
	(3836,24,147,31,0,NULL,NULL,NULL),
	(3837,7,186,31,0,2,3,0),
	(3838,7,99,31,0,NULL,NULL,NULL),
	(3839,7,478,31,1,NULL,NULL,NULL),
	(3840,7,370,31,1,NULL,NULL,NULL),
	(3841,7,248,31,1,NULL,NULL,NULL),
	(3842,7,484,31,1,NULL,NULL,NULL),
	(3849,16,177,31,1,1,4,0),
	(3850,16,145,31,1,NULL,NULL,NULL),
	(3851,16,478,31,1,NULL,NULL,NULL),
	(3852,16,370,31,1,NULL,NULL,NULL),
	(3853,16,248,31,1,NULL,NULL,NULL),
	(3854,16,484,31,1,NULL,NULL,NULL),
	(3855,44,186,31,0,2,3,0),
	(3856,44,145,31,1,NULL,NULL,NULL),
	(3857,44,478,31,1,NULL,NULL,NULL),
	(3858,44,370,31,1,NULL,NULL,NULL),
	(3859,44,368,31,0,NULL,NULL,NULL),
	(3860,44,147,31,0,NULL,NULL,NULL),
	(3861,30,186,31,0,2,4,0),
	(3862,30,145,31,1,NULL,NULL,NULL),
	(3863,30,478,31,1,NULL,NULL,NULL),
	(3864,30,370,31,1,NULL,NULL,NULL),
	(3865,30,368,31,0,NULL,NULL,NULL),
	(3866,30,484,31,1,NULL,NULL,NULL),
	(3867,54,177,31,1,2,1,0),
	(3868,54,99,31,0,NULL,NULL,NULL),
	(3869,54,478,31,1,NULL,NULL,NULL),
	(3870,54,370,31,1,NULL,NULL,NULL),
	(3871,54,248,31,1,NULL,NULL,NULL),
	(3872,54,484,31,1,NULL,NULL,NULL),
	(3873,3,186,31,0,2,2,0),
	(3874,3,99,31,0,NULL,NULL,NULL),
	(3875,3,478,31,1,NULL,NULL,NULL),
	(3876,3,370,31,1,NULL,NULL,NULL),
	(3877,3,368,31,0,NULL,NULL,NULL),
	(3878,3,147,31,0,NULL,NULL,NULL),
	(3879,1,177,31,1,1,3,0),
	(3880,1,99,31,0,NULL,NULL,NULL),
	(3881,1,478,31,1,NULL,NULL,NULL),
	(3882,1,370,31,1,NULL,NULL,NULL),
	(3883,1,248,31,1,NULL,NULL,NULL),
	(3884,1,484,31,1,NULL,NULL,NULL),
	(3885,60,186,31,0,1,1,0),
	(3886,60,99,31,0,NULL,NULL,NULL),
	(3887,60,478,31,1,NULL,NULL,NULL),
	(3888,60,370,31,1,NULL,NULL,NULL),
	(3889,60,248,31,1,NULL,NULL,NULL),
	(3890,60,147,31,0,NULL,NULL,NULL),
	(3891,55,177,31,1,3,5,1),
	(3892,55,99,31,0,NULL,NULL,NULL),
	(3893,55,478,31,1,NULL,NULL,NULL),
	(3894,55,370,31,1,NULL,NULL,NULL),
	(3895,55,248,31,1,NULL,NULL,NULL),
	(3896,55,484,31,1,NULL,NULL,NULL),
	(3897,46,186,31,0,1,2,0),
	(3898,46,99,31,0,NULL,NULL,NULL),
	(3899,46,340,31,0,NULL,NULL,NULL),
	(3900,46,370,31,1,NULL,NULL,NULL),
	(3901,46,248,31,1,NULL,NULL,NULL),
	(3902,46,484,31,1,NULL,NULL,NULL),
	(3903,6,177,31,1,3,5,1),
	(3904,6,145,31,1,NULL,NULL,NULL),
	(3905,6,340,31,0,NULL,NULL,NULL),
	(3906,6,483,31,0,NULL,NULL,NULL),
	(3907,6,368,31,0,NULL,NULL,NULL),
	(3908,6,147,31,0,NULL,NULL,NULL),
	(3909,38,177,31,1,3,5,1),
	(3910,38,99,31,0,NULL,NULL,NULL),
	(3911,38,478,31,1,NULL,NULL,NULL),
	(3912,38,483,31,0,NULL,NULL,NULL),
	(3913,38,248,31,1,NULL,NULL,NULL),
	(3914,38,484,31,1,NULL,NULL,NULL),
	(3915,27,177,31,1,1,2,0),
	(3916,27,99,31,0,NULL,NULL,NULL),
	(3917,27,478,31,1,NULL,NULL,NULL),
	(3918,27,370,31,1,NULL,NULL,NULL),
	(3919,27,248,31,1,NULL,NULL,NULL),
	(3920,27,147,31,0,NULL,NULL,NULL),
	(3927,66,186,31,0,1,4,0),
	(3928,66,99,31,0,NULL,NULL,NULL),
	(3929,66,478,31,1,NULL,NULL,NULL),
	(3930,66,370,31,1,NULL,NULL,NULL),
	(3931,66,248,31,1,NULL,NULL,NULL),
	(3932,66,484,31,1,NULL,NULL,NULL),
	(3933,45,177,31,1,3,5,1),
	(3934,45,99,31,0,NULL,NULL,NULL),
	(3935,45,478,31,1,NULL,NULL,NULL),
	(3936,45,483,31,0,NULL,NULL,NULL),
	(3937,45,248,31,1,NULL,NULL,NULL),
	(3938,45,147,31,0,NULL,NULL,NULL),
	(3939,33,186,31,0,1,3,0),
	(3940,33,99,31,0,NULL,NULL,NULL),
	(3941,33,478,31,1,NULL,NULL,NULL),
	(3942,33,370,31,1,NULL,NULL,NULL),
	(3943,33,248,31,1,NULL,NULL,NULL),
	(3944,33,484,31,1,NULL,NULL,NULL),
	(3951,59,177,31,1,1,4,0),
	(3952,59,99,31,0,NULL,NULL,NULL),
	(3953,59,478,31,1,NULL,NULL,NULL),
	(3954,59,483,31,0,NULL,NULL,NULL),
	(3955,59,248,31,1,NULL,NULL,NULL),
	(3956,59,147,31,0,NULL,NULL,NULL),
	(3957,63,177,31,1,1,2,0),
	(3958,63,99,31,0,NULL,NULL,NULL),
	(3959,63,478,31,1,NULL,NULL,NULL),
	(3960,63,370,31,1,NULL,NULL,NULL),
	(3961,63,248,31,1,NULL,NULL,NULL),
	(3962,63,147,31,0,NULL,NULL,NULL),
	(3969,64,177,31,1,3,5,1),
	(3970,64,145,31,1,NULL,NULL,NULL),
	(3971,64,340,31,0,NULL,NULL,NULL),
	(3972,64,483,31,0,NULL,NULL,NULL),
	(3973,64,248,31,1,NULL,NULL,NULL),
	(3974,64,147,31,0,NULL,NULL,NULL),
	(3983,26,485,32,1,1,4,2),
	(3984,26,486,32,0,NULL,NULL,NULL),
	(3985,26,56,32,1,NULL,NULL,NULL),
	(3986,26,202,32,1,NULL,NULL,NULL),
	(3999,58,485,32,1,3,5,0),
	(4000,58,53,32,1,NULL,NULL,NULL),
	(4001,58,56,32,1,NULL,NULL,NULL),
	(4002,58,202,32,1,NULL,NULL,NULL),
	(4003,3,485,32,1,1,2,1),
	(4004,3,53,32,1,NULL,NULL,NULL),
	(4005,3,56,32,1,NULL,NULL,NULL),
	(4006,3,202,32,1,NULL,NULL,NULL),
	(4011,6,485,32,1,3,5,0),
	(4012,6,53,32,1,NULL,NULL,NULL),
	(4013,6,56,32,1,NULL,NULL,NULL),
	(4014,6,202,32,1,NULL,NULL,NULL),
	(4015,30,82,32,0,1,4,0),
	(4016,30,53,32,1,NULL,NULL,NULL),
	(4017,30,56,32,1,NULL,NULL,NULL),
	(4018,30,215,32,0,NULL,NULL,NULL),
	(4027,1,485,32,1,3,5,0),
	(4028,1,53,32,1,NULL,NULL,NULL),
	(4029,1,56,32,1,NULL,NULL,NULL),
	(4030,1,202,32,1,NULL,NULL,NULL),
	(4031,7,82,32,0,1,3,0),
	(4032,7,53,32,1,NULL,NULL,NULL),
	(4033,7,487,32,0,NULL,NULL,NULL),
	(4034,7,202,32,1,NULL,NULL,NULL),
	(4035,55,485,32,1,1,2,1),
	(4036,55,53,32,1,NULL,NULL,NULL),
	(4037,55,56,32,1,NULL,NULL,NULL),
	(4038,55,202,32,1,NULL,NULL,NULL),
	(4039,35,82,32,0,1,3,0),
	(4040,35,53,32,1,NULL,NULL,NULL),
	(4041,35,56,32,1,NULL,NULL,NULL),
	(4042,35,202,32,1,NULL,NULL,NULL),
	(4043,44,82,32,0,2,3,0),
	(4044,44,486,32,0,NULL,NULL,NULL),
	(4045,44,56,32,1,NULL,NULL,NULL),
	(4046,44,215,32,0,NULL,NULL,NULL),
	(4051,38,485,32,1,1,3,1),
	(4052,38,53,32,1,NULL,NULL,NULL),
	(4053,38,487,32,0,NULL,NULL,NULL),
	(4054,38,202,32,1,NULL,NULL,NULL),
	(4055,59,82,32,0,3,5,0),
	(4056,59,53,32,1,NULL,NULL,NULL),
	(4057,59,487,32,0,NULL,NULL,NULL),
	(4058,59,202,32,1,NULL,NULL,NULL),
	(4059,60,82,32,0,1,2,0),
	(4060,60,53,32,1,NULL,NULL,NULL),
	(4061,60,56,32,1,NULL,NULL,NULL),
	(4062,60,202,32,1,NULL,NULL,NULL),
	(4075,33,485,32,1,1,3,1),
	(4076,33,53,32,1,NULL,NULL,NULL),
	(4077,33,487,32,0,NULL,NULL,NULL),
	(4078,33,202,32,1,NULL,NULL,NULL),
	(4083,16,82,32,0,3,5,0),
	(4084,16,53,32,1,NULL,NULL,NULL),
	(4085,16,487,32,0,NULL,NULL,NULL),
	(4086,16,202,32,1,NULL,NULL,NULL),
	(4087,27,82,32,0,1,2,0),
	(4088,27,53,32,1,NULL,NULL,NULL),
	(4089,27,56,32,1,NULL,NULL,NULL),
	(4090,27,202,32,1,NULL,NULL,NULL),
	(4095,24,82,32,0,2,3,0),
	(4096,24,53,32,1,NULL,NULL,NULL),
	(4097,24,487,32,0,NULL,NULL,NULL),
	(4098,24,202,32,1,NULL,NULL,NULL),
	(4099,37,82,32,0,1,3,0),
	(4100,37,53,32,1,NULL,NULL,NULL),
	(4101,37,56,32,1,NULL,NULL,NULL),
	(4102,37,202,32,1,NULL,NULL,NULL),
	(4103,73,485,32,1,2,4,1),
	(4104,73,53,32,1,NULL,NULL,NULL),
	(4105,73,56,32,1,NULL,NULL,NULL),
	(4106,73,215,32,0,NULL,NULL,NULL),
	(4107,63,485,32,1,1,3,1),
	(4108,63,53,32,1,NULL,NULL,NULL),
	(4109,63,487,32,0,NULL,NULL,NULL),
	(4110,63,202,32,1,NULL,NULL,NULL),
	(4111,46,485,32,1,1,3,1),
	(4112,46,53,32,1,NULL,NULL,NULL),
	(4113,46,56,32,1,NULL,NULL,NULL),
	(4114,46,215,32,0,NULL,NULL,NULL),
	(4115,74,485,32,1,1,2,1),
	(4116,74,486,32,0,NULL,NULL,NULL),
	(4117,74,56,32,1,NULL,NULL,NULL),
	(4118,74,202,32,1,NULL,NULL,NULL),
	(4119,75,82,32,0,2,4,0),
	(4120,75,53,32,1,NULL,NULL,NULL),
	(4121,75,56,32,1,NULL,NULL,NULL),
	(4122,75,202,32,1,NULL,NULL,NULL),
	(4123,39,82,32,0,1,2,0),
	(4124,39,53,32,1,NULL,NULL,NULL),
	(4125,39,56,32,1,NULL,NULL,NULL),
	(4126,39,215,32,0,NULL,NULL,NULL),
	(4127,66,485,32,1,3,5,0),
	(4128,66,53,32,1,NULL,NULL,NULL),
	(4129,66,56,32,1,NULL,NULL,NULL),
	(4130,66,202,32,1,NULL,NULL,NULL),
	(4135,76,485,32,1,1,4,2),
	(4136,76,53,32,1,NULL,NULL,NULL),
	(4137,76,56,32,1,NULL,NULL,NULL),
	(4138,76,202,32,1,NULL,NULL,NULL),
	(4139,29,485,32,1,3,5,0),
	(4140,29,53,32,1,NULL,NULL,NULL),
	(4141,29,56,32,1,NULL,NULL,NULL),
	(4142,29,202,32,1,NULL,NULL,NULL),
	(4147,72,485,32,1,1,5,1),
	(4148,72,53,32,1,NULL,NULL,NULL),
	(4149,72,56,32,1,NULL,NULL,NULL),
	(4150,72,202,32,1,NULL,NULL,NULL),
	(4151,3,137,33,1,2,1,1),
	(4152,3,11,33,1,NULL,NULL,NULL),
	(4153,3,501,33,1,NULL,NULL,NULL),
	(4154,3,503,33,0,NULL,NULL,NULL),
	(4155,3,495,33,0,NULL,NULL,NULL),
	(4156,3,76,33,0,NULL,NULL,NULL),
	(4157,3,496,33,1,NULL,NULL,NULL),
	(4158,73,137,33,1,2,2,0),
	(4159,73,11,33,1,NULL,NULL,NULL),
	(4160,73,502,33,0,NULL,NULL,NULL),
	(4161,73,503,33,0,NULL,NULL,NULL),
	(4162,73,495,33,0,NULL,NULL,NULL),
	(4163,73,206,33,1,NULL,NULL,NULL),
	(4164,73,496,33,1,NULL,NULL,NULL),
	(4165,27,137,33,1,2,1,1),
	(4166,27,11,33,1,NULL,NULL,NULL),
	(4167,27,502,33,0,NULL,NULL,NULL),
	(4168,27,503,33,0,NULL,NULL,NULL),
	(4169,27,495,33,0,NULL,NULL,NULL),
	(4170,27,206,33,1,NULL,NULL,NULL),
	(4171,27,496,33,1,NULL,NULL,NULL),
	(4172,76,137,33,1,2,1,1),
	(4173,76,11,33,1,NULL,NULL,NULL),
	(4174,76,502,33,0,NULL,NULL,NULL),
	(4175,76,504,33,1,NULL,NULL,NULL),
	(4176,76,139,33,1,NULL,NULL,NULL),
	(4177,76,206,33,1,NULL,NULL,NULL),
	(4178,76,496,33,1,NULL,NULL,NULL),
	(4179,46,137,33,1,2,3,0),
	(4180,46,11,33,1,NULL,NULL,NULL),
	(4181,46,502,33,0,NULL,NULL,NULL),
	(4182,46,503,33,0,NULL,NULL,NULL),
	(4183,46,139,33,1,NULL,NULL,NULL),
	(4184,46,76,33,0,NULL,NULL,NULL),
	(4185,46,496,33,1,NULL,NULL,NULL),
	(4186,6,137,33,1,2,1,1),
	(4187,6,11,33,1,NULL,NULL,NULL),
	(4188,6,501,33,1,NULL,NULL,NULL),
	(4189,6,503,33,0,NULL,NULL,NULL),
	(4190,6,139,33,1,NULL,NULL,NULL),
	(4191,6,76,33,0,NULL,NULL,NULL),
	(4192,6,496,33,1,NULL,NULL,NULL),
	(4193,58,137,33,1,2,1,1),
	(4194,58,494,33,0,NULL,NULL,NULL),
	(4195,58,501,33,1,NULL,NULL,NULL),
	(4196,58,504,33,1,NULL,NULL,NULL),
	(4197,58,139,33,1,NULL,NULL,NULL),
	(4198,58,206,33,1,NULL,NULL,NULL),
	(4199,58,497,33,0,NULL,NULL,NULL),
	(4200,55,137,33,1,2,1,1),
	(4201,55,11,33,1,NULL,NULL,NULL),
	(4202,55,502,33,0,NULL,NULL,NULL),
	(4203,55,503,33,0,NULL,NULL,NULL),
	(4204,55,139,33,1,NULL,NULL,NULL),
	(4205,55,76,33,0,NULL,NULL,NULL),
	(4206,55,496,33,1,NULL,NULL,NULL),
	(4214,72,137,33,1,2,1,1),
	(4215,72,494,33,0,NULL,NULL,NULL),
	(4216,72,501,33,1,NULL,NULL,NULL),
	(4217,72,503,33,0,NULL,NULL,NULL),
	(4218,72,139,33,1,NULL,NULL,NULL),
	(4219,72,206,33,1,NULL,NULL,NULL),
	(4220,72,496,33,1,NULL,NULL,NULL),
	(4221,44,137,33,1,2,1,1),
	(4222,44,494,33,0,NULL,NULL,NULL),
	(4223,44,502,33,0,NULL,NULL,NULL),
	(4224,44,503,33,0,NULL,NULL,NULL),
	(4225,44,139,33,1,NULL,NULL,NULL),
	(4226,44,206,33,1,NULL,NULL,NULL),
	(4227,44,496,33,1,NULL,NULL,NULL),
	(4235,1,137,33,1,1,2,1),
	(4236,1,494,33,0,NULL,NULL,NULL),
	(4237,1,501,33,1,NULL,NULL,NULL),
	(4238,1,503,33,0,NULL,NULL,NULL),
	(4239,1,495,33,0,NULL,NULL,NULL),
	(4240,1,206,33,1,NULL,NULL,NULL),
	(4241,1,496,33,1,NULL,NULL,NULL),
	(4242,66,137,33,1,2,1,1),
	(4243,66,494,33,0,NULL,NULL,NULL),
	(4244,66,502,33,0,NULL,NULL,NULL),
	(4245,66,503,33,0,NULL,NULL,NULL),
	(4246,66,139,33,1,NULL,NULL,NULL),
	(4247,66,76,33,0,NULL,NULL,NULL),
	(4248,66,496,33,1,NULL,NULL,NULL),
	(4249,16,137,33,1,2,1,1),
	(4250,16,11,33,1,NULL,NULL,NULL),
	(4251,16,501,33,1,NULL,NULL,NULL),
	(4252,16,503,33,0,NULL,NULL,NULL),
	(4253,16,495,33,0,NULL,NULL,NULL),
	(4254,16,76,33,0,NULL,NULL,NULL),
	(4255,16,496,33,1,NULL,NULL,NULL),
	(4256,35,137,33,1,1,1,2),
	(4257,35,11,33,1,NULL,NULL,NULL),
	(4258,35,502,33,0,NULL,NULL,NULL),
	(4259,35,503,33,0,NULL,NULL,NULL),
	(4260,35,495,33,0,NULL,NULL,NULL),
	(4261,35,206,33,1,NULL,NULL,NULL),
	(4262,35,497,33,0,NULL,NULL,NULL),
	(4263,75,137,33,1,2,1,1),
	(4264,75,11,33,1,NULL,NULL,NULL),
	(4265,75,501,33,1,NULL,NULL,NULL),
	(4266,75,503,33,0,NULL,NULL,NULL),
	(4267,75,495,33,0,NULL,NULL,NULL),
	(4268,75,76,33,0,NULL,NULL,NULL),
	(4269,75,496,33,1,NULL,NULL,NULL),
	(4270,63,137,33,1,1,1,2),
	(4271,63,494,33,0,NULL,NULL,NULL),
	(4272,63,502,33,0,NULL,NULL,NULL),
	(4273,63,503,33,0,NULL,NULL,NULL),
	(4274,63,495,33,0,NULL,NULL,NULL),
	(4275,63,76,33,0,NULL,NULL,NULL),
	(4276,63,496,33,1,NULL,NULL,NULL),
	(4277,39,137,33,1,2,1,1),
	(4278,39,11,33,1,NULL,NULL,NULL),
	(4279,39,501,33,1,NULL,NULL,NULL),
	(4280,39,503,33,0,NULL,NULL,NULL),
	(4281,39,139,33,1,NULL,NULL,NULL),
	(4282,39,76,33,0,NULL,NULL,NULL),
	(4283,39,496,33,1,NULL,NULL,NULL),
	(4291,60,137,33,1,2,1,1),
	(4292,60,11,33,1,NULL,NULL,NULL),
	(4293,60,501,33,1,NULL,NULL,NULL),
	(4294,60,503,33,0,NULL,NULL,NULL),
	(4295,60,139,33,1,NULL,NULL,NULL),
	(4296,60,206,33,1,NULL,NULL,NULL),
	(4297,60,496,33,1,NULL,NULL,NULL),
	(4298,37,137,33,1,2,2,0),
	(4299,37,11,33,1,NULL,NULL,NULL),
	(4300,37,501,33,1,NULL,NULL,NULL),
	(4301,37,504,33,1,NULL,NULL,NULL),
	(4302,37,495,33,0,NULL,NULL,NULL),
	(4303,37,206,33,1,NULL,NULL,NULL),
	(4304,37,497,33,0,NULL,NULL,NULL),
	(4305,7,137,33,1,1,1,2),
	(4306,7,11,33,1,NULL,NULL,NULL),
	(4307,7,502,33,0,NULL,NULL,NULL),
	(4308,7,503,33,0,NULL,NULL,NULL),
	(4309,7,495,33,0,NULL,NULL,NULL),
	(4310,7,76,33,0,NULL,NULL,NULL),
	(4311,7,496,33,1,NULL,NULL,NULL),
	(4312,59,137,33,1,2,1,1),
	(4313,59,11,33,1,NULL,NULL,NULL),
	(4314,59,502,33,0,NULL,NULL,NULL),
	(4315,59,503,33,0,NULL,NULL,NULL),
	(4316,59,139,33,1,NULL,NULL,NULL),
	(4317,59,206,33,1,NULL,NULL,NULL),
	(4318,59,497,33,0,NULL,NULL,NULL),
	(4319,30,137,33,1,2,3,0),
	(4320,30,11,33,1,NULL,NULL,NULL),
	(4321,30,501,33,1,NULL,NULL,NULL),
	(4322,30,503,33,0,NULL,NULL,NULL),
	(4323,30,139,33,1,NULL,NULL,NULL),
	(4324,30,76,33,0,NULL,NULL,NULL),
	(4325,30,496,33,1,NULL,NULL,NULL),
	(4340,74,137,33,1,1,3,1),
	(4341,74,494,33,0,NULL,NULL,NULL),
	(4342,74,501,33,1,NULL,NULL,NULL),
	(4343,74,503,33,0,NULL,NULL,NULL),
	(4344,74,139,33,1,NULL,NULL,NULL),
	(4345,74,76,33,0,NULL,NULL,NULL),
	(4346,74,496,33,1,NULL,NULL,NULL),
	(4347,24,137,33,1,2,2,0),
	(4348,24,11,33,1,NULL,NULL,NULL),
	(4349,24,502,33,0,NULL,NULL,NULL),
	(4350,24,503,33,0,NULL,NULL,NULL),
	(4351,24,139,33,1,NULL,NULL,NULL),
	(4352,24,76,33,0,NULL,NULL,NULL),
	(4353,24,496,33,1,NULL,NULL,NULL),
	(4354,38,137,33,1,1,1,2),
	(4355,38,11,33,1,NULL,NULL,NULL),
	(4356,38,502,33,0,NULL,NULL,NULL),
	(4357,38,503,33,0,NULL,NULL,NULL),
	(4358,38,139,33,1,NULL,NULL,NULL),
	(4359,38,76,33,0,NULL,NULL,NULL),
	(4360,38,496,33,1,NULL,NULL,NULL),
	(4361,33,137,33,1,1,1,2),
	(4362,33,494,33,0,NULL,NULL,NULL),
	(4363,33,502,33,0,NULL,NULL,NULL),
	(4364,33,503,33,0,NULL,NULL,NULL),
	(4365,33,495,33,0,NULL,NULL,NULL),
	(4366,33,76,33,0,NULL,NULL,NULL),
	(4367,33,496,33,1,NULL,NULL,NULL),
	(4368,29,137,33,1,1,2,1),
	(4369,29,11,33,1,NULL,NULL,NULL),
	(4370,29,501,33,1,NULL,NULL,NULL),
	(4371,29,503,33,0,NULL,NULL,NULL),
	(4372,29,139,33,1,NULL,NULL,NULL),
	(4373,29,206,33,1,NULL,NULL,NULL),
	(4374,29,496,33,1,NULL,NULL,NULL),
	(4387,44,60,34,1,1,3,1),
	(4388,44,42,34,1,NULL,NULL,NULL),
	(4389,44,174,34,0,NULL,NULL,NULL),
	(4390,44,505,34,0,NULL,NULL,NULL),
	(4391,44,170,34,0,NULL,NULL,NULL),
	(4392,44,506,34,0,NULL,NULL,NULL),
	(4393,16,60,34,1,3,5,0),
	(4394,16,45,34,0,NULL,NULL,NULL),
	(4395,16,325,34,1,NULL,NULL,NULL),
	(4396,16,119,34,1,NULL,NULL,NULL),
	(4397,16,227,34,1,NULL,NULL,NULL),
	(4398,16,331,34,1,NULL,NULL,NULL),
	(4399,39,60,34,1,1,2,0),
	(4400,39,45,34,0,NULL,NULL,NULL),
	(4401,39,325,34,1,NULL,NULL,NULL),
	(4402,39,119,34,1,NULL,NULL,NULL),
	(4403,39,170,34,0,NULL,NULL,NULL),
	(4404,39,331,34,1,NULL,NULL,NULL),
	(4405,30,9,34,0,1,2,0),
	(4406,30,42,34,1,NULL,NULL,NULL),
	(4407,30,325,34,1,NULL,NULL,NULL),
	(4408,30,119,34,1,NULL,NULL,NULL),
	(4409,30,170,34,0,NULL,NULL,NULL),
	(4410,30,331,34,1,NULL,NULL,NULL),
	(4429,60,9,34,0,1,2,0),
	(4430,60,45,34,0,NULL,NULL,NULL),
	(4431,60,325,34,1,NULL,NULL,NULL),
	(4432,60,119,34,1,NULL,NULL,NULL),
	(4433,60,170,34,0,NULL,NULL,NULL),
	(4434,60,331,34,1,NULL,NULL,NULL),
	(4435,35,9,34,0,1,4,0),
	(4436,35,45,34,0,NULL,NULL,NULL),
	(4437,35,325,34,1,NULL,NULL,NULL),
	(4438,35,505,34,0,NULL,NULL,NULL),
	(4439,35,170,34,0,NULL,NULL,NULL),
	(4440,35,506,34,0,NULL,NULL,NULL),
	(4447,58,9,34,0,1,1,0),
	(4448,58,42,34,1,NULL,NULL,NULL),
	(4449,58,325,34,1,NULL,NULL,NULL),
	(4450,58,119,34,1,NULL,NULL,NULL),
	(4451,58,227,34,1,NULL,NULL,NULL),
	(4452,58,331,34,1,NULL,NULL,NULL),
	(4453,1,60,34,1,1,1,0),
	(4454,1,45,34,0,NULL,NULL,NULL),
	(4455,1,325,34,1,NULL,NULL,NULL),
	(4456,1,119,34,1,NULL,NULL,NULL),
	(4457,1,170,34,0,NULL,NULL,NULL),
	(4458,1,331,34,1,NULL,NULL,NULL),
	(4459,37,9,34,0,3,5,0),
	(4460,37,45,34,0,NULL,NULL,NULL),
	(4461,37,174,34,0,NULL,NULL,NULL),
	(4462,37,505,34,0,NULL,NULL,NULL),
	(4463,37,170,34,0,NULL,NULL,NULL),
	(4464,37,331,34,1,NULL,NULL,NULL),
	(4465,55,9,34,0,1,2,0),
	(4466,55,45,34,0,NULL,NULL,NULL),
	(4467,55,174,34,0,NULL,NULL,NULL),
	(4468,55,119,34,1,NULL,NULL,NULL),
	(4469,55,170,34,0,NULL,NULL,NULL),
	(4470,55,331,34,1,NULL,NULL,NULL),
	(4471,63,9,34,0,1,3,0),
	(4472,63,42,34,1,NULL,NULL,NULL),
	(4473,63,325,34,1,NULL,NULL,NULL),
	(4474,63,505,34,0,NULL,NULL,NULL),
	(4475,63,227,34,1,NULL,NULL,NULL),
	(4476,63,506,34,0,NULL,NULL,NULL),
	(4477,59,60,34,1,1,2,0),
	(4478,59,45,34,0,NULL,NULL,NULL),
	(4479,59,174,34,0,NULL,NULL,NULL),
	(4480,59,505,34,0,NULL,NULL,NULL),
	(4481,59,227,34,1,NULL,NULL,NULL),
	(4482,59,331,34,1,NULL,NULL,NULL),
	(4483,27,9,34,0,1,1,0),
	(4484,27,42,34,1,NULL,NULL,NULL),
	(4485,27,325,34,1,NULL,NULL,NULL),
	(4486,27,119,34,1,NULL,NULL,NULL),
	(4487,27,170,34,0,NULL,NULL,NULL),
	(4488,27,331,34,1,NULL,NULL,NULL),
	(4489,38,9,34,0,3,5,0),
	(4490,38,45,34,0,NULL,NULL,NULL),
	(4491,38,325,34,1,NULL,NULL,NULL),
	(4492,38,505,34,0,NULL,NULL,NULL),
	(4493,38,170,34,0,NULL,NULL,NULL),
	(4494,38,331,34,1,NULL,NULL,NULL),
	(4495,6,60,34,1,1,1,0),
	(4496,6,45,34,0,NULL,NULL,NULL),
	(4497,6,325,34,1,NULL,NULL,NULL),
	(4498,6,119,34,1,NULL,NULL,NULL),
	(4499,6,170,34,0,NULL,NULL,NULL),
	(4500,6,331,34,1,NULL,NULL,NULL),
	(4501,46,9,34,0,1,2,0),
	(4502,46,45,34,0,NULL,NULL,NULL),
	(4503,46,174,34,0,NULL,NULL,NULL),
	(4504,46,119,34,1,NULL,NULL,NULL),
	(4505,46,170,34,0,NULL,NULL,NULL),
	(4506,46,331,34,1,NULL,NULL,NULL),
	(4507,33,9,34,0,3,5,0),
	(4508,33,45,34,0,NULL,NULL,NULL),
	(4509,33,325,34,1,NULL,NULL,NULL),
	(4510,33,119,34,1,NULL,NULL,NULL),
	(4511,33,170,34,0,NULL,NULL,NULL),
	(4512,33,331,34,1,NULL,NULL,NULL),
	(4513,76,60,34,1,1,3,1),
	(4514,76,45,34,0,NULL,NULL,NULL),
	(4515,76,325,34,1,NULL,NULL,NULL),
	(4516,76,119,34,1,NULL,NULL,NULL),
	(4517,76,170,34,0,NULL,NULL,NULL),
	(4518,76,331,34,1,NULL,NULL,NULL),
	(4525,64,60,34,1,3,5,0),
	(4526,64,45,34,0,NULL,NULL,NULL),
	(4527,64,325,34,1,NULL,NULL,NULL),
	(4528,64,119,34,1,NULL,NULL,NULL),
	(4529,64,170,34,0,NULL,NULL,NULL),
	(4530,64,331,34,1,NULL,NULL,NULL),
	(4531,3,60,34,1,1,1,0),
	(4532,3,45,34,0,NULL,NULL,NULL),
	(4533,3,174,34,0,NULL,NULL,NULL),
	(4534,3,119,34,1,NULL,NULL,NULL),
	(4535,3,227,34,1,NULL,NULL,NULL),
	(4536,3,331,34,1,NULL,NULL,NULL),
	(4537,66,9,34,0,3,5,0),
	(4538,66,45,34,0,NULL,NULL,NULL),
	(4539,66,325,34,1,NULL,NULL,NULL),
	(4540,66,119,34,1,NULL,NULL,NULL),
	(4541,66,170,34,0,NULL,NULL,NULL),
	(4542,66,331,34,1,NULL,NULL,NULL),
	(4543,24,60,34,1,2,3,2),
	(4544,24,45,34,0,NULL,NULL,NULL),
	(4545,24,325,34,1,NULL,NULL,NULL),
	(4546,24,505,34,0,NULL,NULL,NULL),
	(4547,24,170,34,0,NULL,NULL,NULL),
	(4548,24,506,34,0,NULL,NULL,NULL),
	(4555,74,60,34,1,1,2,0),
	(4556,74,45,34,0,NULL,NULL,NULL),
	(4557,74,174,34,0,NULL,NULL,NULL),
	(4558,74,119,34,1,NULL,NULL,NULL),
	(4559,74,170,34,0,NULL,NULL,NULL),
	(4560,74,506,34,0,NULL,NULL,NULL),
	(4561,29,9,34,0,3,5,0),
	(4562,29,45,34,0,NULL,NULL,NULL),
	(4563,29,325,34,1,NULL,NULL,NULL),
	(4564,29,119,34,1,NULL,NULL,NULL),
	(4565,29,227,34,1,NULL,NULL,NULL),
	(4566,29,331,34,1,NULL,NULL,NULL),
	(4567,73,60,34,1,2,2,1),
	(4568,73,45,34,0,NULL,NULL,NULL),
	(4569,73,325,34,1,NULL,NULL,NULL),
	(4570,73,505,34,0,NULL,NULL,NULL),
	(4571,73,170,34,0,NULL,NULL,NULL),
	(4572,73,331,34,1,NULL,NULL,NULL),
	(4573,7,9,34,0,1,2,0),
	(4574,7,42,34,1,NULL,NULL,NULL),
	(4575,7,325,34,1,NULL,NULL,NULL),
	(4576,7,119,34,1,NULL,NULL,NULL),
	(4577,7,170,34,0,NULL,NULL,NULL),
	(4578,7,331,34,1,NULL,NULL,NULL),
	(4585,75,9,34,0,1,1,0),
	(4586,75,42,34,1,NULL,NULL,NULL),
	(4587,75,325,34,1,NULL,NULL,NULL),
	(4588,75,119,34,1,NULL,NULL,NULL),
	(4589,75,170,34,0,NULL,NULL,NULL),
	(4590,75,506,34,0,NULL,NULL,NULL),
	(4591,72,60,34,1,1,3,1),
	(4592,72,45,34,0,NULL,NULL,NULL),
	(4593,72,325,34,1,NULL,NULL,NULL),
	(4594,72,119,34,1,NULL,NULL,NULL),
	(4595,72,227,34,1,NULL,NULL,NULL),
	(4596,72,331,34,1,NULL,NULL,NULL),
	(4597,55,67,35,1,3,5,0),
	(4598,55,71,35,0,NULL,NULL,NULL),
	(4599,55,279,35,0,NULL,NULL,NULL),
	(4600,55,356,35,1,NULL,NULL,NULL),
	(4601,55,391,35,1,NULL,NULL,NULL),
	(4602,55,371,35,0,NULL,NULL,NULL),
	(4609,46,67,35,1,1,3,1),
	(4610,46,71,35,0,NULL,NULL,NULL),
	(4611,46,388,35,1,NULL,NULL,NULL),
	(4612,46,234,35,0,NULL,NULL,NULL),
	(4613,46,510,35,0,NULL,NULL,NULL),
	(4614,46,371,35,0,NULL,NULL,NULL),
	(4615,39,67,35,1,3,5,0),
	(4616,39,71,35,0,NULL,NULL,NULL),
	(4617,39,279,35,0,NULL,NULL,NULL),
	(4618,39,234,35,0,NULL,NULL,NULL),
	(4619,39,391,35,1,NULL,NULL,NULL),
	(4620,39,371,35,0,NULL,NULL,NULL),
	(4621,75,67,35,1,1,3,1),
	(4622,75,71,35,0,NULL,NULL,NULL),
	(4623,75,279,35,0,NULL,NULL,NULL),
	(4624,75,234,35,0,NULL,NULL,NULL),
	(4625,75,510,35,0,NULL,NULL,NULL),
	(4626,75,371,35,0,NULL,NULL,NULL),
	(4627,72,67,35,1,1,2,1),
	(4628,72,71,35,0,NULL,NULL,NULL),
	(4629,72,388,35,1,NULL,NULL,NULL),
	(4630,72,234,35,0,NULL,NULL,NULL),
	(4631,72,391,35,1,NULL,NULL,NULL),
	(4632,72,371,35,0,NULL,NULL,NULL),
	(4633,16,67,35,1,1,5,1),
	(4634,16,71,35,0,NULL,NULL,NULL),
	(4635,16,279,35,0,NULL,NULL,NULL),
	(4636,16,234,35,0,NULL,NULL,NULL),
	(4637,16,391,35,1,NULL,NULL,NULL),
	(4638,16,371,35,0,NULL,NULL,NULL),
	(4639,1,67,35,1,1,3,1),
	(4640,1,71,35,0,NULL,NULL,NULL),
	(4641,1,279,35,0,NULL,NULL,NULL),
	(4642,1,234,35,0,NULL,NULL,NULL),
	(4643,1,391,35,1,NULL,NULL,NULL),
	(4644,1,371,35,0,NULL,NULL,NULL),
	(4645,59,121,35,0,1,1,0),
	(4646,59,71,35,0,NULL,NULL,NULL),
	(4647,59,388,35,1,NULL,NULL,NULL),
	(4648,59,234,35,0,NULL,NULL,NULL),
	(4649,59,391,35,1,NULL,NULL,NULL),
	(4650,59,507,35,1,NULL,NULL,NULL),
	(4651,73,121,35,0,2,2,0),
	(4652,73,71,35,0,NULL,NULL,NULL),
	(4653,73,388,35,1,NULL,NULL,NULL),
	(4654,73,356,35,1,NULL,NULL,NULL),
	(4655,73,391,35,1,NULL,NULL,NULL),
	(4656,73,371,35,0,NULL,NULL,NULL),
	(4657,60,67,35,1,1,3,1),
	(4658,60,75,35,1,NULL,NULL,NULL),
	(4659,60,388,35,1,NULL,NULL,NULL),
	(4660,60,234,35,0,NULL,NULL,NULL),
	(4661,60,391,35,1,NULL,NULL,NULL),
	(4662,60,371,35,0,NULL,NULL,NULL),
	(4663,63,67,35,1,1,2,1),
	(4664,63,71,35,0,NULL,NULL,NULL),
	(4665,63,388,35,1,NULL,NULL,NULL),
	(4666,63,234,35,0,NULL,NULL,NULL),
	(4667,63,391,35,1,NULL,NULL,NULL),
	(4668,63,371,35,0,NULL,NULL,NULL),
	(4669,44,67,35,1,3,5,0),
	(4670,44,75,35,1,NULL,NULL,NULL),
	(4671,44,388,35,1,NULL,NULL,NULL),
	(4672,44,234,35,0,NULL,NULL,NULL),
	(4673,44,510,35,0,NULL,NULL,NULL),
	(4674,44,371,35,0,NULL,NULL,NULL),
	(4675,37,121,35,0,3,5,0),
	(4676,37,71,35,0,NULL,NULL,NULL),
	(4677,37,388,35,1,NULL,NULL,NULL),
	(4678,37,356,35,1,NULL,NULL,NULL),
	(4679,37,391,35,1,NULL,NULL,NULL),
	(4680,37,507,35,1,NULL,NULL,NULL),
	(4687,6,67,35,1,3,5,0),
	(4688,6,71,35,0,NULL,NULL,NULL),
	(4689,6,279,35,0,NULL,NULL,NULL),
	(4690,6,234,35,0,NULL,NULL,NULL),
	(4691,6,391,35,1,NULL,NULL,NULL),
	(4692,6,371,35,0,NULL,NULL,NULL),
	(4699,30,67,35,1,1,4,1),
	(4700,30,71,35,0,NULL,NULL,NULL),
	(4701,30,388,35,1,NULL,NULL,NULL),
	(4702,30,234,35,0,NULL,NULL,NULL),
	(4703,30,391,35,1,NULL,NULL,NULL),
	(4704,30,507,35,1,NULL,NULL,NULL),
	(4717,74,67,35,1,1,1,2),
	(4718,74,71,35,0,NULL,NULL,NULL),
	(4719,74,279,35,0,NULL,NULL,NULL),
	(4720,74,234,35,0,NULL,NULL,NULL),
	(4721,74,510,35,0,NULL,NULL,NULL),
	(4722,74,371,35,0,NULL,NULL,NULL),
	(4729,24,67,35,1,1,2,1),
	(4730,24,75,35,1,NULL,NULL,NULL),
	(4731,24,279,35,0,NULL,NULL,NULL),
	(4732,24,234,35,0,NULL,NULL,NULL),
	(4733,24,510,35,0,NULL,NULL,NULL),
	(4734,24,371,35,0,NULL,NULL,NULL),
	(4735,66,67,35,1,1,4,1),
	(4736,66,71,35,0,NULL,NULL,NULL),
	(4737,66,388,35,1,NULL,NULL,NULL),
	(4738,66,234,35,0,NULL,NULL,NULL),
	(4739,66,391,35,1,NULL,NULL,NULL),
	(4740,66,371,35,0,NULL,NULL,NULL),
	(4741,38,67,35,1,1,2,1),
	(4742,38,71,35,0,NULL,NULL,NULL),
	(4743,38,279,35,0,NULL,NULL,NULL),
	(4744,38,234,35,0,NULL,NULL,NULL),
	(4745,38,391,35,1,NULL,NULL,NULL),
	(4746,38,371,35,0,NULL,NULL,NULL),
	(4747,35,121,35,0,1,2,0),
	(4748,35,71,35,0,NULL,NULL,NULL),
	(4749,35,279,35,0,NULL,NULL,NULL),
	(4750,35,234,35,0,NULL,NULL,NULL),
	(4751,35,391,35,1,NULL,NULL,NULL),
	(4752,35,371,35,0,NULL,NULL,NULL),
	(4753,33,67,35,1,3,5,0),
	(4754,33,71,35,0,NULL,NULL,NULL),
	(4755,33,279,35,0,NULL,NULL,NULL),
	(4756,33,234,35,0,NULL,NULL,NULL),
	(4757,33,391,35,1,NULL,NULL,NULL),
	(4758,33,371,35,0,NULL,NULL,NULL),
	(4759,3,121,35,0,2,2,0),
	(4760,3,71,35,0,NULL,NULL,NULL),
	(4761,3,388,35,1,NULL,NULL,NULL),
	(4762,3,234,35,0,NULL,NULL,NULL),
	(4763,3,510,35,0,NULL,NULL,NULL),
	(4764,3,371,35,0,NULL,NULL,NULL),
	(4765,29,67,35,1,1,3,1),
	(4766,29,75,35,1,NULL,NULL,NULL),
	(4767,29,388,35,1,NULL,NULL,NULL),
	(4768,29,234,35,0,NULL,NULL,NULL),
	(4769,29,391,35,1,NULL,NULL,NULL),
	(4770,29,507,35,1,NULL,NULL,NULL),
	(4771,76,121,35,0,2,3,0),
	(4772,76,71,35,0,NULL,NULL,NULL),
	(4773,76,388,35,1,NULL,NULL,NULL),
	(4774,76,356,35,1,NULL,NULL,NULL),
	(4775,76,391,35,1,NULL,NULL,NULL),
	(4776,76,371,35,0,NULL,NULL,NULL),
	(4777,58,67,35,1,1,4,1),
	(4778,58,75,35,1,NULL,NULL,NULL),
	(4779,58,279,35,0,NULL,NULL,NULL),
	(4780,58,356,35,1,NULL,NULL,NULL),
	(4781,58,391,35,1,NULL,NULL,NULL),
	(4782,58,507,35,1,NULL,NULL,NULL),
	(4783,7,121,35,0,2,2,0),
	(4784,7,71,35,0,NULL,NULL,NULL),
	(4785,7,388,35,1,NULL,NULL,NULL),
	(4786,7,234,35,0,NULL,NULL,NULL),
	(4787,7,391,35,1,NULL,NULL,NULL),
	(4788,7,371,35,0,NULL,NULL,NULL),
	(4789,27,121,35,0,2,2,0),
	(4790,27,71,35,0,NULL,NULL,NULL),
	(4791,27,279,35,0,NULL,NULL,NULL),
	(4792,27,356,35,1,NULL,NULL,NULL),
	(4793,27,510,35,0,NULL,NULL,NULL),
	(4794,27,371,35,0,NULL,NULL,NULL),
	(4795,73,108,36,1,2,3,0),
	(4796,73,290,36,0,NULL,NULL,NULL),
	(4797,73,44,36,0,NULL,NULL,NULL),
	(4798,73,230,36,0,NULL,NULL,NULL),
	(4799,73,377,36,1,NULL,NULL,NULL),
	(4805,16,108,36,1,3,5,1),
	(4806,16,113,36,1,NULL,NULL,NULL),
	(4807,16,62,36,1,NULL,NULL,NULL),
	(4808,16,378,36,1,NULL,NULL,NULL),
	(4809,16,377,36,1,NULL,NULL,NULL),
	(4810,59,100,36,0,1,3,0),
	(4811,59,290,36,0,NULL,NULL,NULL),
	(4812,59,62,36,1,NULL,NULL,NULL),
	(4813,59,378,36,1,NULL,NULL,NULL),
	(4814,59,402,36,0,NULL,NULL,NULL),
	(4815,75,100,36,0,1,2,0),
	(4816,75,113,36,1,NULL,NULL,NULL),
	(4817,75,62,36,1,NULL,NULL,NULL),
	(4818,75,230,36,0,NULL,NULL,NULL),
	(4819,75,377,36,1,NULL,NULL,NULL),
	(4820,27,108,36,1,3,5,1),
	(4821,27,290,36,0,NULL,NULL,NULL),
	(4822,27,62,36,1,NULL,NULL,NULL),
	(4823,27,230,36,0,NULL,NULL,NULL),
	(4824,27,377,36,1,NULL,NULL,NULL),
	(4825,44,108,36,1,2,2,0),
	(4826,44,290,36,0,NULL,NULL,NULL),
	(4827,44,62,36,1,NULL,NULL,NULL),
	(4828,44,378,36,1,NULL,NULL,NULL),
	(4829,44,377,36,1,NULL,NULL,NULL),
	(4830,55,108,36,1,1,2,0),
	(4831,55,290,36,0,NULL,NULL,NULL),
	(4832,55,62,36,1,NULL,NULL,NULL),
	(4833,55,230,36,0,NULL,NULL,NULL),
	(4834,55,377,36,1,NULL,NULL,NULL),
	(4840,29,108,36,1,3,5,1),
	(4841,29,113,36,1,NULL,NULL,NULL),
	(4842,29,62,36,1,NULL,NULL,NULL),
	(4843,29,378,36,1,NULL,NULL,NULL),
	(4844,29,377,36,1,NULL,NULL,NULL),
	(4845,58,108,36,1,1,4,0),
	(4846,58,290,36,0,NULL,NULL,NULL),
	(4847,58,62,36,1,NULL,NULL,NULL),
	(4848,58,378,36,1,NULL,NULL,NULL),
	(4849,58,377,36,1,NULL,NULL,NULL),
	(4880,37,108,36,1,3,5,1),
	(4881,37,290,36,0,NULL,NULL,NULL),
	(4882,37,62,36,1,NULL,NULL,NULL),
	(4883,37,378,36,1,NULL,NULL,NULL),
	(4884,37,377,36,1,NULL,NULL,NULL),
	(4890,3,108,36,1,3,5,1),
	(4891,3,113,36,1,NULL,NULL,NULL),
	(4892,3,62,36,1,NULL,NULL,NULL),
	(4893,3,378,36,1,NULL,NULL,NULL),
	(4894,3,377,36,1,NULL,NULL,NULL),
	(4895,38,108,36,1,3,5,1),
	(4896,38,113,36,1,NULL,NULL,NULL),
	(4897,38,62,36,1,NULL,NULL,NULL),
	(4898,38,230,36,0,NULL,NULL,NULL),
	(4899,38,377,36,1,NULL,NULL,NULL),
	(4905,72,108,36,1,3,5,1),
	(4906,72,290,36,0,NULL,NULL,NULL),
	(4907,72,62,36,1,NULL,NULL,NULL),
	(4908,72,378,36,1,NULL,NULL,NULL),
	(4909,72,377,36,1,NULL,NULL,NULL),
	(4970,1,108,36,1,3,5,1),
	(4971,1,113,36,1,NULL,NULL,NULL),
	(4972,1,62,36,1,NULL,NULL,NULL),
	(4973,1,230,36,0,NULL,NULL,NULL),
	(4974,1,377,36,1,NULL,NULL,NULL),
	(4975,24,108,36,1,3,5,1),
	(4976,24,113,36,1,NULL,NULL,NULL),
	(4977,24,62,36,1,NULL,NULL,NULL),
	(4978,24,230,36,0,NULL,NULL,NULL),
	(4979,24,377,36,1,NULL,NULL,NULL),
	(4980,35,100,36,0,2,3,0),
	(4981,35,290,36,0,NULL,NULL,NULL),
	(4982,35,44,36,0,NULL,NULL,NULL),
	(4983,35,378,36,1,NULL,NULL,NULL),
	(4984,35,402,36,0,NULL,NULL,NULL),
	(4985,63,108,36,1,2,3,0),
	(4986,63,290,36,0,NULL,NULL,NULL),
	(4987,63,62,36,1,NULL,NULL,NULL),
	(4988,63,230,36,0,NULL,NULL,NULL),
	(4989,63,377,36,1,NULL,NULL,NULL),
	(4990,30,108,36,1,3,5,1),
	(4991,30,113,36,1,NULL,NULL,NULL),
	(4992,30,44,36,0,NULL,NULL,NULL),
	(4993,30,230,36,0,NULL,NULL,NULL),
	(4994,30,377,36,1,NULL,NULL,NULL),
	(4995,74,108,36,1,1,2,0),
	(4996,74,113,36,1,NULL,NULL,NULL),
	(4997,74,62,36,1,NULL,NULL,NULL),
	(4998,74,378,36,1,NULL,NULL,NULL),
	(4999,74,377,36,1,NULL,NULL,NULL),
	(5000,66,108,36,1,2,4,0),
	(5001,66,113,36,1,NULL,NULL,NULL),
	(5002,66,62,36,1,NULL,NULL,NULL),
	(5003,66,378,36,1,NULL,NULL,NULL),
	(5004,66,377,36,1,NULL,NULL,NULL),
	(5005,6,108,36,1,3,5,1),
	(5006,6,113,36,1,NULL,NULL,NULL),
	(5007,6,62,36,1,NULL,NULL,NULL),
	(5008,6,230,36,0,NULL,NULL,NULL),
	(5009,6,377,36,1,NULL,NULL,NULL),
	(5010,33,108,36,1,3,5,1),
	(5011,33,290,36,0,NULL,NULL,NULL),
	(5012,33,62,36,1,NULL,NULL,NULL),
	(5013,33,230,36,0,NULL,NULL,NULL),
	(5014,33,377,36,1,NULL,NULL,NULL),
	(5015,46,108,36,1,3,5,1),
	(5016,46,113,36,1,NULL,NULL,NULL),
	(5017,46,62,36,1,NULL,NULL,NULL),
	(5018,46,230,36,0,NULL,NULL,NULL),
	(5019,46,377,36,1,NULL,NULL,NULL),
	(5020,7,108,36,1,3,5,1),
	(5021,7,113,36,1,NULL,NULL,NULL),
	(5022,7,62,36,1,NULL,NULL,NULL),
	(5023,7,378,36,1,NULL,NULL,NULL),
	(5024,7,377,36,1,NULL,NULL,NULL),
	(5025,39,108,36,1,3,5,1),
	(5026,39,113,36,1,NULL,NULL,NULL),
	(5027,39,62,36,1,NULL,NULL,NULL),
	(5028,39,230,36,0,NULL,NULL,NULL),
	(5029,39,377,36,1,NULL,NULL,NULL),
	(5030,60,108,36,1,3,5,1),
	(5031,60,290,36,0,NULL,NULL,NULL),
	(5032,60,62,36,1,NULL,NULL,NULL),
	(5033,60,378,36,1,NULL,NULL,NULL),
	(5034,60,377,36,1,NULL,NULL,NULL),
	(5035,76,108,36,1,3,5,1),
	(5036,76,113,36,1,NULL,NULL,NULL),
	(5037,76,62,36,1,NULL,NULL,NULL),
	(5038,76,378,36,1,NULL,NULL,NULL),
	(5039,76,377,36,1,NULL,NULL,NULL),
	(5046,3,512,37,1,1,2,0),
	(5047,3,91,37,0,NULL,NULL,NULL),
	(5048,3,221,37,1,NULL,NULL,NULL),
	(5049,3,86,37,1,NULL,NULL,NULL),
	(5050,3,155,37,1,NULL,NULL,NULL),
	(5051,3,513,37,0,NULL,NULL,NULL),
	(5052,55,36,37,0,1,2,0),
	(5053,55,141,37,1,NULL,NULL,NULL),
	(5054,55,221,37,1,NULL,NULL,NULL),
	(5055,55,86,37,1,NULL,NULL,NULL),
	(5056,55,358,37,0,NULL,NULL,NULL),
	(5057,55,513,37,0,NULL,NULL,NULL),
	(5058,16,512,37,1,3,5,1),
	(5059,16,91,37,0,NULL,NULL,NULL),
	(5060,16,221,37,1,NULL,NULL,NULL),
	(5061,16,86,37,1,NULL,NULL,NULL),
	(5062,16,155,37,1,NULL,NULL,NULL),
	(5063,16,517,37,0,NULL,NULL,NULL),
	(5064,59,512,37,1,1,2,0),
	(5065,59,141,37,1,NULL,NULL,NULL),
	(5066,59,221,37,1,NULL,NULL,NULL),
	(5067,59,86,37,1,NULL,NULL,NULL),
	(5068,59,155,37,1,NULL,NULL,NULL),
	(5069,59,513,37,0,NULL,NULL,NULL),
	(5070,46,512,37,1,1,2,0),
	(5071,46,91,37,0,NULL,NULL,NULL),
	(5072,46,221,37,1,NULL,NULL,NULL),
	(5073,46,86,37,1,NULL,NULL,NULL),
	(5074,46,155,37,1,NULL,NULL,NULL),
	(5075,46,517,37,0,NULL,NULL,NULL),
	(5076,35,36,37,0,1,3,0),
	(5077,35,91,37,0,NULL,NULL,NULL),
	(5078,35,258,37,0,NULL,NULL,NULL),
	(5079,35,304,37,0,NULL,NULL,NULL),
	(5080,35,155,37,1,NULL,NULL,NULL),
	(5081,35,513,37,0,NULL,NULL,NULL),
	(5082,73,512,37,1,2,2,0),
	(5083,73,141,37,1,NULL,NULL,NULL),
	(5084,73,221,37,1,NULL,NULL,NULL),
	(5085,73,304,37,0,NULL,NULL,NULL),
	(5086,73,358,37,0,NULL,NULL,NULL),
	(5087,73,513,37,0,NULL,NULL,NULL),
	(5088,60,36,37,0,1,1,0),
	(5089,60,141,37,1,NULL,NULL,NULL),
	(5090,60,221,37,1,NULL,NULL,NULL),
	(5091,60,86,37,1,NULL,NULL,NULL),
	(5092,60,155,37,1,NULL,NULL,NULL),
	(5093,60,513,37,0,NULL,NULL,NULL),
	(5100,30,36,37,0,3,5,0),
	(5101,30,91,37,0,NULL,NULL,NULL),
	(5102,30,221,37,1,NULL,NULL,NULL),
	(5103,30,86,37,1,NULL,NULL,NULL),
	(5104,30,155,37,1,NULL,NULL,NULL),
	(5105,30,517,37,0,NULL,NULL,NULL),
	(5106,27,512,37,1,1,3,0),
	(5107,27,91,37,0,NULL,NULL,NULL),
	(5108,27,221,37,1,NULL,NULL,NULL),
	(5109,27,86,37,1,NULL,NULL,NULL),
	(5110,27,155,37,1,NULL,NULL,NULL),
	(5111,27,513,37,0,NULL,NULL,NULL),
	(5118,1,512,37,1,1,4,0),
	(5119,1,141,37,1,NULL,NULL,NULL),
	(5120,1,221,37,1,NULL,NULL,NULL),
	(5121,1,86,37,1,NULL,NULL,NULL),
	(5122,1,155,37,1,NULL,NULL,NULL),
	(5123,1,513,37,0,NULL,NULL,NULL),
	(5124,72,36,37,0,1,2,0),
	(5125,72,91,37,0,NULL,NULL,NULL),
	(5126,72,221,37,1,NULL,NULL,NULL),
	(5127,72,86,37,1,NULL,NULL,NULL),
	(5128,72,155,37,1,NULL,NULL,NULL),
	(5129,72,513,37,0,NULL,NULL,NULL),
	(5136,6,512,37,1,3,5,1),
	(5137,6,91,37,0,NULL,NULL,NULL),
	(5138,6,221,37,1,NULL,NULL,NULL),
	(5139,6,86,37,1,NULL,NULL,NULL),
	(5140,6,155,37,1,NULL,NULL,NULL),
	(5141,6,513,37,0,NULL,NULL,NULL),
	(5142,37,512,37,1,3,5,1),
	(5143,37,141,37,1,NULL,NULL,NULL),
	(5144,37,221,37,1,NULL,NULL,NULL),
	(5145,37,86,37,1,NULL,NULL,NULL),
	(5146,37,155,37,1,NULL,NULL,NULL),
	(5147,37,517,37,0,NULL,NULL,NULL),
	(5148,33,512,37,1,2,2,0),
	(5149,33,91,37,0,NULL,NULL,NULL),
	(5150,33,221,37,1,NULL,NULL,NULL),
	(5151,33,86,37,1,NULL,NULL,NULL),
	(5152,33,358,37,0,NULL,NULL,NULL),
	(5153,33,513,37,0,NULL,NULL,NULL),
	(5154,63,512,37,1,1,1,0),
	(5155,63,141,37,1,NULL,NULL,NULL),
	(5156,63,221,37,1,NULL,NULL,NULL),
	(5157,63,86,37,1,NULL,NULL,NULL),
	(5158,63,155,37,1,NULL,NULL,NULL),
	(5159,63,517,37,0,NULL,NULL,NULL),
	(5160,29,512,37,1,1,2,0),
	(5161,29,91,37,0,NULL,NULL,NULL),
	(5162,29,221,37,1,NULL,NULL,NULL),
	(5163,29,86,37,1,NULL,NULL,NULL),
	(5164,29,155,37,1,NULL,NULL,NULL),
	(5165,29,513,37,0,NULL,NULL,NULL),
	(5166,7,512,37,1,2,3,0),
	(5167,7,91,37,0,NULL,NULL,NULL),
	(5168,7,221,37,1,NULL,NULL,NULL),
	(5169,7,86,37,1,NULL,NULL,NULL),
	(5170,7,155,37,1,NULL,NULL,NULL),
	(5171,7,513,37,0,NULL,NULL,NULL),
	(5172,38,512,37,1,3,5,1),
	(5173,38,91,37,0,NULL,NULL,NULL),
	(5174,38,221,37,1,NULL,NULL,NULL),
	(5175,38,86,37,1,NULL,NULL,NULL),
	(5176,38,155,37,1,NULL,NULL,NULL),
	(5177,38,513,37,0,NULL,NULL,NULL),
	(5256,58,512,37,1,3,5,1),
	(5257,58,91,37,0,NULL,NULL,NULL),
	(5258,58,258,37,0,NULL,NULL,NULL),
	(5259,58,304,37,0,NULL,NULL,NULL),
	(5260,58,155,37,1,NULL,NULL,NULL),
	(5261,58,513,37,0,NULL,NULL,NULL),
	(5262,44,36,37,0,1,3,0),
	(5263,44,141,37,1,NULL,NULL,NULL),
	(5264,44,221,37,1,NULL,NULL,NULL),
	(5265,44,86,37,1,NULL,NULL,NULL),
	(5266,44,358,37,0,NULL,NULL,NULL),
	(5267,44,517,37,0,NULL,NULL,NULL),
	(5268,75,512,37,1,2,1,0),
	(5269,75,91,37,0,NULL,NULL,NULL),
	(5270,75,221,37,1,NULL,NULL,NULL),
	(5271,75,86,37,1,NULL,NULL,NULL),
	(5272,75,155,37,1,NULL,NULL,NULL),
	(5273,75,513,37,0,NULL,NULL,NULL),
	(5286,39,36,37,0,1,1,0),
	(5287,39,91,37,0,NULL,NULL,NULL),
	(5288,39,221,37,1,NULL,NULL,NULL),
	(5289,39,86,37,1,NULL,NULL,NULL),
	(5290,39,155,37,1,NULL,NULL,NULL),
	(5291,39,513,37,0,NULL,NULL,NULL),
	(5292,24,512,37,1,3,5,1),
	(5293,24,91,37,0,NULL,NULL,NULL),
	(5294,24,221,37,1,NULL,NULL,NULL),
	(5295,24,304,37,0,NULL,NULL,NULL),
	(5296,24,155,37,1,NULL,NULL,NULL),
	(5297,24,513,37,0,NULL,NULL,NULL),
	(5298,74,36,37,0,1,2,0),
	(5299,74,91,37,0,NULL,NULL,NULL),
	(5300,74,258,37,0,NULL,NULL,NULL),
	(5301,74,86,37,1,NULL,NULL,NULL),
	(5302,74,155,37,1,NULL,NULL,NULL),
	(5303,74,517,37,0,NULL,NULL,NULL),
	(5304,76,512,37,1,2,3,0),
	(5305,76,91,37,0,NULL,NULL,NULL),
	(5306,76,221,37,1,NULL,NULL,NULL),
	(5307,76,304,37,0,NULL,NULL,NULL),
	(5308,76,155,37,1,NULL,NULL,NULL),
	(5309,76,513,37,0,NULL,NULL,NULL),
	(5340,1,84,38,1,1,4,0),
	(5341,1,518,38,0,NULL,NULL,NULL),
	(5342,1,165,38,0,NULL,NULL,NULL),
	(5343,1,362,38,1,NULL,NULL,NULL),
	(5344,1,260,38,1,NULL,NULL,NULL),
	(5350,6,43,38,0,3,5,0),
	(5351,6,518,38,0,NULL,NULL,NULL),
	(5352,6,519,38,1,NULL,NULL,NULL),
	(5353,6,362,38,1,NULL,NULL,NULL),
	(5354,6,260,38,1,NULL,NULL,NULL),
	(5355,59,43,38,0,1,2,0),
	(5356,59,111,38,1,NULL,NULL,NULL),
	(5357,59,165,38,0,NULL,NULL,NULL),
	(5358,59,362,38,1,NULL,NULL,NULL),
	(5359,59,260,38,1,NULL,NULL,NULL),
	(5370,60,43,38,0,1,3,0),
	(5371,60,518,38,0,NULL,NULL,NULL),
	(5372,60,519,38,1,NULL,NULL,NULL),
	(5373,60,362,38,1,NULL,NULL,NULL),
	(5374,60,260,38,1,NULL,NULL,NULL),
	(5380,16,84,38,1,2,3,0),
	(5381,16,518,38,0,NULL,NULL,NULL),
	(5382,16,519,38,1,NULL,NULL,NULL),
	(5383,16,362,38,1,NULL,NULL,NULL),
	(5384,16,260,38,1,NULL,NULL,NULL),
	(5385,55,84,38,1,3,5,1),
	(5386,55,518,38,0,NULL,NULL,NULL),
	(5387,55,165,38,0,NULL,NULL,NULL),
	(5388,55,362,38,1,NULL,NULL,NULL),
	(5389,55,260,38,1,NULL,NULL,NULL),
	(5390,46,84,38,1,3,5,1),
	(5391,46,111,38,1,NULL,NULL,NULL),
	(5392,46,519,38,1,NULL,NULL,NULL),
	(5393,46,362,38,1,NULL,NULL,NULL),
	(5394,46,260,38,1,NULL,NULL,NULL),
	(5395,72,84,38,1,2,3,0),
	(5396,72,111,38,1,NULL,NULL,NULL),
	(5397,72,519,38,1,NULL,NULL,NULL),
	(5398,72,486,38,0,NULL,NULL,NULL),
	(5399,72,260,38,1,NULL,NULL,NULL),
	(5400,7,84,38,1,1,2,0),
	(5401,7,111,38,1,NULL,NULL,NULL),
	(5402,7,519,38,1,NULL,NULL,NULL),
	(5403,7,362,38,1,NULL,NULL,NULL),
	(5404,7,260,38,1,NULL,NULL,NULL),
	(5415,30,84,38,1,3,5,1),
	(5416,30,518,38,0,NULL,NULL,NULL),
	(5417,30,519,38,1,NULL,NULL,NULL),
	(5418,30,362,38,1,NULL,NULL,NULL),
	(5419,30,260,38,1,NULL,NULL,NULL),
	(5420,73,43,38,0,2,2,0),
	(5421,73,518,38,0,NULL,NULL,NULL),
	(5422,73,165,38,0,NULL,NULL,NULL),
	(5423,73,486,38,0,NULL,NULL,NULL),
	(5424,73,260,38,1,NULL,NULL,NULL),
	(5425,27,84,38,1,3,5,1),
	(5426,27,111,38,1,NULL,NULL,NULL),
	(5427,27,519,38,1,NULL,NULL,NULL),
	(5428,27,362,38,1,NULL,NULL,NULL),
	(5429,27,260,38,1,NULL,NULL,NULL),
	(5430,44,84,38,1,3,5,1),
	(5431,44,518,38,0,NULL,NULL,NULL),
	(5432,44,519,38,1,NULL,NULL,NULL),
	(5433,44,486,38,0,NULL,NULL,NULL),
	(5434,44,260,38,1,NULL,NULL,NULL),
	(5440,58,84,38,1,3,5,1),
	(5441,58,518,38,0,NULL,NULL,NULL),
	(5442,58,165,38,0,NULL,NULL,NULL),
	(5443,58,362,38,1,NULL,NULL,NULL),
	(5444,58,260,38,1,NULL,NULL,NULL),
	(5445,38,84,38,1,1,4,0),
	(5446,38,111,38,1,NULL,NULL,NULL),
	(5447,38,519,38,1,NULL,NULL,NULL),
	(5448,38,362,38,1,NULL,NULL,NULL),
	(5449,38,260,38,1,NULL,NULL,NULL),
	(5455,75,84,38,1,2,3,0),
	(5456,75,111,38,1,NULL,NULL,NULL),
	(5457,75,165,38,0,NULL,NULL,NULL),
	(5458,75,362,38,1,NULL,NULL,NULL),
	(5459,75,260,38,1,NULL,NULL,NULL),
	(5460,3,43,38,0,1,2,0),
	(5461,3,518,38,0,NULL,NULL,NULL),
	(5462,3,519,38,1,NULL,NULL,NULL),
	(5463,3,362,38,1,NULL,NULL,NULL),
	(5464,3,109,38,0,NULL,NULL,NULL),
	(5465,33,84,38,1,3,5,1),
	(5466,33,518,38,0,NULL,NULL,NULL),
	(5467,33,519,38,1,NULL,NULL,NULL),
	(5468,33,362,38,1,NULL,NULL,NULL),
	(5469,33,260,38,1,NULL,NULL,NULL),
	(5470,35,84,38,1,1,4,0),
	(5471,35,518,38,0,NULL,NULL,NULL),
	(5472,35,165,38,0,NULL,NULL,NULL),
	(5473,35,362,38,1,NULL,NULL,NULL),
	(5474,35,260,38,1,NULL,NULL,NULL),
	(5475,24,84,38,1,2,4,0),
	(5476,24,518,38,0,NULL,NULL,NULL),
	(5477,24,519,38,1,NULL,NULL,NULL),
	(5478,24,362,38,1,NULL,NULL,NULL),
	(5479,24,260,38,1,NULL,NULL,NULL),
	(5480,74,43,38,0,1,2,0),
	(5481,74,518,38,0,NULL,NULL,NULL),
	(5482,74,165,38,0,NULL,NULL,NULL),
	(5483,74,362,38,1,NULL,NULL,NULL),
	(5484,74,260,38,1,NULL,NULL,NULL),
	(5490,29,84,38,1,1,3,0),
	(5491,29,111,38,1,NULL,NULL,NULL),
	(5492,29,519,38,1,NULL,NULL,NULL),
	(5493,29,362,38,1,NULL,NULL,NULL),
	(5494,29,260,38,1,NULL,NULL,NULL),
	(5495,39,43,38,0,1,3,0),
	(5496,39,518,38,0,NULL,NULL,NULL),
	(5497,39,519,38,1,NULL,NULL,NULL),
	(5498,39,362,38,1,NULL,NULL,NULL),
	(5499,39,260,38,1,NULL,NULL,NULL),
	(5500,63,84,38,1,1,3,0),
	(5501,63,518,38,0,NULL,NULL,NULL),
	(5502,63,165,38,0,NULL,NULL,NULL),
	(5503,63,362,38,1,NULL,NULL,NULL),
	(5504,63,260,38,1,NULL,NULL,NULL),
	(5510,76,84,38,1,1,3,0),
	(5511,76,518,38,0,NULL,NULL,NULL),
	(5512,76,519,38,1,NULL,NULL,NULL),
	(5513,76,486,38,0,NULL,NULL,NULL),
	(5514,76,260,38,1,NULL,NULL,NULL),
	(5515,37,43,38,0,3,5,0),
	(5516,37,518,38,0,NULL,NULL,NULL),
	(5517,37,165,38,0,NULL,NULL,NULL),
	(5518,37,362,38,1,NULL,NULL,NULL),
	(5519,37,260,38,1,NULL,NULL,NULL),
	(5560,1,311,39,0,1,3,0),
	(5561,1,16,39,1,NULL,NULL,NULL),
	(5562,1,427,39,0,NULL,NULL,NULL),
	(5563,1,222,39,0,NULL,NULL,NULL),
	(5564,55,311,39,0,1,1,0),
	(5565,55,16,39,1,NULL,NULL,NULL),
	(5566,55,523,39,0,NULL,NULL,NULL),
	(5567,55,222,39,0,NULL,NULL,NULL),
	(5568,6,79,39,1,3,5,0),
	(5569,6,16,39,1,NULL,NULL,NULL),
	(5570,6,523,39,0,NULL,NULL,NULL),
	(5571,6,47,39,1,NULL,NULL,NULL),
	(5572,16,311,39,0,2,3,0),
	(5573,16,522,39,0,NULL,NULL,NULL),
	(5574,16,427,39,0,NULL,NULL,NULL),
	(5575,16,222,39,0,NULL,NULL,NULL),
	(5576,72,79,39,1,1,3,0),
	(5577,72,16,39,1,NULL,NULL,NULL),
	(5578,72,523,39,0,NULL,NULL,NULL),
	(5579,72,47,39,1,NULL,NULL,NULL),
	(5580,44,311,39,0,2,3,0),
	(5581,44,16,39,1,NULL,NULL,NULL),
	(5582,44,523,39,0,NULL,NULL,NULL),
	(5583,44,222,39,0,NULL,NULL,NULL),
	(5584,3,311,39,0,1,2,0),
	(5585,3,16,39,1,NULL,NULL,NULL),
	(5586,3,523,39,0,NULL,NULL,NULL),
	(5587,3,47,39,1,NULL,NULL,NULL),
	(5588,73,79,39,1,2,3,1),
	(5589,73,522,39,0,NULL,NULL,NULL),
	(5590,73,427,39,0,NULL,NULL,NULL),
	(5591,73,47,39,1,NULL,NULL,NULL),
	(5592,35,311,39,0,1,4,0),
	(5593,35,16,39,1,NULL,NULL,NULL),
	(5594,35,523,39,0,NULL,NULL,NULL),
	(5595,35,222,39,0,NULL,NULL,NULL),
	(5596,38,79,39,1,3,5,0),
	(5597,38,16,39,1,NULL,NULL,NULL),
	(5598,38,523,39,0,NULL,NULL,NULL),
	(5599,38,47,39,1,NULL,NULL,NULL),
	(5600,30,311,39,0,2,4,0),
	(5601,30,522,39,0,NULL,NULL,NULL),
	(5602,30,523,39,0,NULL,NULL,NULL),
	(5603,30,47,39,1,NULL,NULL,NULL),
	(5604,27,311,39,0,3,1,0),
	(5605,27,16,39,1,NULL,NULL,NULL),
	(5606,27,523,39,0,NULL,NULL,NULL),
	(5607,27,47,39,1,NULL,NULL,NULL),
	(5608,59,311,39,0,3,5,0),
	(5609,59,522,39,0,NULL,NULL,NULL),
	(5610,59,427,39,0,NULL,NULL,NULL),
	(5611,59,222,39,0,NULL,NULL,NULL),
	(5612,63,79,39,1,3,3,0),
	(5613,63,522,39,0,NULL,NULL,NULL),
	(5614,63,523,39,0,NULL,NULL,NULL),
	(5615,63,222,39,0,NULL,NULL,NULL),
	(5616,24,79,39,1,3,3,0),
	(5617,24,522,39,0,NULL,NULL,NULL),
	(5618,24,427,39,0,NULL,NULL,NULL),
	(5619,24,47,39,1,NULL,NULL,NULL),
	(5636,58,311,39,0,1,3,0),
	(5637,58,16,39,1,NULL,NULL,NULL),
	(5638,58,427,39,0,NULL,NULL,NULL),
	(5639,58,47,39,1,NULL,NULL,NULL),
	(5640,46,311,39,0,2,3,0),
	(5641,46,522,39,0,NULL,NULL,NULL),
	(5642,46,427,39,0,NULL,NULL,NULL),
	(5643,46,222,39,0,NULL,NULL,NULL),
	(5644,74,79,39,1,3,3,0),
	(5645,74,16,39,1,NULL,NULL,NULL),
	(5646,74,427,39,0,NULL,NULL,NULL),
	(5647,74,47,39,1,NULL,NULL,NULL),
	(5648,37,79,39,1,3,1,0),
	(5649,37,16,39,1,NULL,NULL,NULL),
	(5650,37,427,39,0,NULL,NULL,NULL),
	(5651,37,222,39,0,NULL,NULL,NULL),
	(5652,39,311,39,0,2,3,0),
	(5653,39,16,39,1,NULL,NULL,NULL),
	(5654,39,523,39,0,NULL,NULL,NULL),
	(5655,39,47,39,1,NULL,NULL,NULL),
	(5656,29,311,39,0,3,3,0),
	(5657,29,522,39,0,NULL,NULL,NULL),
	(5658,29,523,39,0,NULL,NULL,NULL),
	(5659,29,47,39,1,NULL,NULL,NULL),
	(5660,7,79,39,1,3,3,0),
	(5661,7,16,39,1,NULL,NULL,NULL),
	(5662,7,427,39,0,NULL,NULL,NULL),
	(5663,7,47,39,1,NULL,NULL,NULL),
	(5668,33,311,39,0,1,2,0),
	(5669,33,16,39,1,NULL,NULL,NULL),
	(5670,33,523,39,0,NULL,NULL,NULL),
	(5671,33,47,39,1,NULL,NULL,NULL),
	(5700,60,79,39,1,1,1,0),
	(5701,60,16,39,1,NULL,NULL,NULL),
	(5702,60,523,39,0,NULL,NULL,NULL),
	(5703,60,47,39,1,NULL,NULL,NULL),
	(5704,75,289,40,1,1,1,2),
	(5705,75,60,40,1,NULL,NULL,NULL),
	(5706,75,387,40,1,NULL,NULL,NULL),
	(5707,75,354,40,1,NULL,NULL,NULL),
	(5708,75,275,40,1,NULL,NULL,NULL),
	(5709,75,17,40,0,NULL,NULL,NULL),
	(5710,72,289,40,1,1,2,1),
	(5711,72,60,40,1,NULL,NULL,NULL),
	(5712,72,387,40,1,NULL,NULL,NULL),
	(5713,72,107,40,0,NULL,NULL,NULL),
	(5714,72,353,40,0,NULL,NULL,NULL),
	(5715,72,378,40,1,NULL,NULL,NULL),
	(5722,29,12,40,0,1,3,0),
	(5723,29,60,40,1,NULL,NULL,NULL),
	(5724,29,387,40,1,NULL,NULL,NULL),
	(5725,29,354,40,1,NULL,NULL,NULL),
	(5726,29,353,40,0,NULL,NULL,NULL),
	(5727,29,378,40,1,NULL,NULL,NULL),
	(5728,73,289,40,1,2,3,0),
	(5729,73,273,40,0,NULL,NULL,NULL),
	(5730,73,387,40,1,NULL,NULL,NULL),
	(5731,73,354,40,1,NULL,NULL,NULL),
	(5732,73,275,40,1,NULL,NULL,NULL),
	(5733,73,378,40,1,NULL,NULL,NULL),
	(5734,55,12,40,0,3,5,0),
	(5735,55,60,40,1,NULL,NULL,NULL),
	(5736,55,387,40,1,NULL,NULL,NULL),
	(5737,55,354,40,1,NULL,NULL,NULL),
	(5738,55,275,40,1,NULL,NULL,NULL),
	(5739,55,17,40,0,NULL,NULL,NULL),
	(5740,44,12,40,0,3,5,0),
	(5741,44,60,40,1,NULL,NULL,NULL),
	(5742,44,387,40,1,NULL,NULL,NULL),
	(5743,44,354,40,1,NULL,NULL,NULL),
	(5744,44,275,40,1,NULL,NULL,NULL),
	(5745,44,378,40,1,NULL,NULL,NULL),
	(5746,35,289,40,1,1,2,1),
	(5747,35,60,40,1,NULL,NULL,NULL),
	(5748,35,387,40,1,NULL,NULL,NULL),
	(5749,35,354,40,1,NULL,NULL,NULL),
	(5750,35,275,40,1,NULL,NULL,NULL),
	(5751,35,17,40,0,NULL,NULL,NULL),
	(5752,60,289,40,1,1,1,2),
	(5753,60,60,40,1,NULL,NULL,NULL),
	(5754,60,387,40,1,NULL,NULL,NULL),
	(5755,60,354,40,1,NULL,NULL,NULL),
	(5756,60,275,40,1,NULL,NULL,NULL),
	(5757,60,378,40,1,NULL,NULL,NULL),
	(5758,6,289,40,1,3,5,0),
	(5759,6,60,40,1,NULL,NULL,NULL),
	(5760,6,387,40,1,NULL,NULL,NULL),
	(5761,6,354,40,1,NULL,NULL,NULL),
	(5762,6,275,40,1,NULL,NULL,NULL),
	(5763,6,378,40,1,NULL,NULL,NULL),
	(5764,27,289,40,1,1,1,2),
	(5765,27,60,40,1,NULL,NULL,NULL),
	(5766,27,387,40,1,NULL,NULL,NULL),
	(5767,27,107,40,0,NULL,NULL,NULL),
	(5768,27,275,40,1,NULL,NULL,NULL),
	(5769,27,17,40,0,NULL,NULL,NULL),
	(5770,7,12,40,0,1,2,0),
	(5771,7,60,40,1,NULL,NULL,NULL),
	(5772,7,387,40,1,NULL,NULL,NULL),
	(5773,7,354,40,1,NULL,NULL,NULL),
	(5774,7,353,40,0,NULL,NULL,NULL),
	(5775,7,17,40,0,NULL,NULL,NULL),
	(5776,39,289,40,1,2,2,0),
	(5777,39,60,40,1,NULL,NULL,NULL),
	(5778,39,387,40,1,NULL,NULL,NULL),
	(5779,39,354,40,1,NULL,NULL,NULL),
	(5780,39,275,40,1,NULL,NULL,NULL),
	(5781,39,378,40,1,NULL,NULL,NULL),
	(5782,59,12,40,0,1,2,0),
	(5783,59,60,40,1,NULL,NULL,NULL),
	(5784,59,387,40,1,NULL,NULL,NULL),
	(5785,59,354,40,1,NULL,NULL,NULL),
	(5786,59,275,40,1,NULL,NULL,NULL),
	(5787,59,378,40,1,NULL,NULL,NULL),
	(5788,16,12,40,0,1,1,0),
	(5789,16,60,40,1,NULL,NULL,NULL),
	(5790,16,434,40,0,NULL,NULL,NULL),
	(5791,16,107,40,0,NULL,NULL,NULL),
	(5792,16,353,40,0,NULL,NULL,NULL),
	(5793,16,378,40,1,NULL,NULL,NULL),
	(5794,63,289,40,1,1,1,2),
	(5795,63,60,40,1,NULL,NULL,NULL),
	(5796,63,387,40,1,NULL,NULL,NULL),
	(5797,63,354,40,1,NULL,NULL,NULL),
	(5798,63,275,40,1,NULL,NULL,NULL),
	(5799,63,17,40,0,NULL,NULL,NULL),
	(5800,30,12,40,0,1,3,0),
	(5801,30,60,40,1,NULL,NULL,NULL),
	(5802,30,387,40,1,NULL,NULL,NULL),
	(5803,30,354,40,1,NULL,NULL,NULL),
	(5804,30,275,40,1,NULL,NULL,NULL),
	(5805,30,378,40,1,NULL,NULL,NULL),
	(5806,1,12,40,0,1,4,0),
	(5807,1,60,40,1,NULL,NULL,NULL),
	(5808,1,387,40,1,NULL,NULL,NULL),
	(5809,1,354,40,1,NULL,NULL,NULL),
	(5810,1,275,40,1,NULL,NULL,NULL),
	(5811,1,378,40,1,NULL,NULL,NULL),
	(5812,37,12,40,0,1,3,0),
	(5813,37,60,40,1,NULL,NULL,NULL),
	(5814,37,434,40,0,NULL,NULL,NULL),
	(5815,37,354,40,1,NULL,NULL,NULL),
	(5816,37,275,40,1,NULL,NULL,NULL),
	(5817,37,17,40,0,NULL,NULL,NULL),
	(5818,3,289,40,1,1,1,2),
	(5819,3,60,40,1,NULL,NULL,NULL),
	(5820,3,387,40,1,NULL,NULL,NULL),
	(5821,3,354,40,1,NULL,NULL,NULL),
	(5822,3,275,40,1,NULL,NULL,NULL),
	(5823,3,378,40,1,NULL,NULL,NULL),
	(5824,33,12,40,0,1,2,0),
	(5825,33,60,40,1,NULL,NULL,NULL),
	(5826,33,387,40,1,NULL,NULL,NULL),
	(5827,33,354,40,1,NULL,NULL,NULL),
	(5828,33,275,40,1,NULL,NULL,NULL),
	(5829,33,378,40,1,NULL,NULL,NULL),
	(5836,24,12,40,0,1,2,0),
	(5837,24,60,40,1,NULL,NULL,NULL),
	(5838,24,387,40,1,NULL,NULL,NULL),
	(5839,24,354,40,1,NULL,NULL,NULL),
	(5840,24,275,40,1,NULL,NULL,NULL),
	(5841,24,378,40,1,NULL,NULL,NULL),
	(5842,74,289,40,1,2,3,0),
	(5843,74,273,40,0,NULL,NULL,NULL),
	(5844,74,387,40,1,NULL,NULL,NULL),
	(5845,74,354,40,1,NULL,NULL,NULL),
	(5846,74,275,40,1,NULL,NULL,NULL),
	(5847,74,378,40,1,NULL,NULL,NULL),
	(5854,38,289,40,1,1,1,2),
	(5855,38,60,40,1,NULL,NULL,NULL),
	(5856,38,387,40,1,NULL,NULL,NULL),
	(5857,38,354,40,1,NULL,NULL,NULL),
	(5858,38,275,40,1,NULL,NULL,NULL),
	(5859,38,378,40,1,NULL,NULL,NULL),
	(5872,58,12,40,0,3,5,0),
	(5873,58,60,40,1,NULL,NULL,NULL),
	(5874,58,434,40,0,NULL,NULL,NULL),
	(5875,58,354,40,1,NULL,NULL,NULL),
	(5876,58,353,40,0,NULL,NULL,NULL),
	(5877,58,17,40,0,NULL,NULL,NULL),
	(5878,76,12,40,0,1,1,0),
	(5879,76,60,40,1,NULL,NULL,NULL),
	(5880,76,387,40,1,NULL,NULL,NULL),
	(5881,76,354,40,1,NULL,NULL,NULL),
	(5882,76,275,40,1,NULL,NULL,NULL),
	(5883,76,17,40,0,NULL,NULL,NULL),
	(5884,46,289,40,1,1,2,1),
	(5885,46,60,40,1,NULL,NULL,NULL),
	(5886,46,387,40,1,NULL,NULL,NULL),
	(5887,46,354,40,1,NULL,NULL,NULL),
	(5888,46,275,40,1,NULL,NULL,NULL),
	(5889,46,17,40,0,NULL,NULL,NULL),
	(5890,72,137,41,0,1,1,0),
	(5891,72,350,41,1,NULL,NULL,NULL),
	(5892,72,214,41,1,NULL,NULL,NULL),
	(5893,72,141,41,0,NULL,NULL,NULL),
	(5894,72,119,41,1,NULL,NULL,NULL),
	(5895,16,343,41,1,1,1,1),
	(5896,16,507,41,0,NULL,NULL,NULL),
	(5897,16,214,41,1,NULL,NULL,NULL),
	(5898,16,122,41,1,NULL,NULL,NULL),
	(5899,16,119,41,1,NULL,NULL,NULL),
	(5900,44,137,41,0,1,1,0),
	(5901,44,350,41,1,NULL,NULL,NULL),
	(5902,44,206,41,0,NULL,NULL,NULL),
	(5903,44,141,41,0,NULL,NULL,NULL),
	(5904,44,139,41,0,NULL,NULL,NULL),
	(5905,55,137,41,0,2,1,0),
	(5906,55,350,41,1,NULL,NULL,NULL),
	(5907,55,214,41,1,NULL,NULL,NULL),
	(5908,55,141,41,0,NULL,NULL,NULL),
	(5909,55,139,41,0,NULL,NULL,NULL),
	(5910,59,137,41,0,2,1,0),
	(5911,59,350,41,1,NULL,NULL,NULL),
	(5912,59,214,41,1,NULL,NULL,NULL),
	(5913,59,141,41,0,NULL,NULL,NULL),
	(5914,59,139,41,0,NULL,NULL,NULL),
	(5915,1,137,41,0,1,1,0),
	(5916,1,350,41,1,NULL,NULL,NULL),
	(5917,1,206,41,0,NULL,NULL,NULL),
	(5918,1,122,41,1,NULL,NULL,NULL),
	(5919,1,139,41,0,NULL,NULL,NULL),
	(5920,24,343,41,1,3,5,0),
	(5921,24,350,41,1,NULL,NULL,NULL),
	(5922,24,214,41,1,NULL,NULL,NULL),
	(5923,24,141,41,0,NULL,NULL,NULL),
	(5924,24,139,41,0,NULL,NULL,NULL),
	(5925,7,137,41,0,2,2,0),
	(5926,7,350,41,1,NULL,NULL,NULL),
	(5927,7,214,41,1,NULL,NULL,NULL),
	(5928,7,141,41,0,NULL,NULL,NULL),
	(5929,7,139,41,0,NULL,NULL,NULL),
	(5930,58,137,41,0,2,1,0),
	(5931,58,507,41,0,NULL,NULL,NULL),
	(5932,58,214,41,1,NULL,NULL,NULL),
	(5933,58,141,41,0,NULL,NULL,NULL),
	(5934,58,139,41,0,NULL,NULL,NULL),
	(5935,39,137,41,0,2,1,0),
	(5936,39,350,41,1,NULL,NULL,NULL),
	(5937,39,214,41,1,NULL,NULL,NULL),
	(5938,39,141,41,0,NULL,NULL,NULL),
	(5939,39,139,41,0,NULL,NULL,NULL),
	(5940,73,137,41,0,1,1,0),
	(5941,73,350,41,1,NULL,NULL,NULL),
	(5942,73,206,41,0,NULL,NULL,NULL),
	(5943,73,122,41,1,NULL,NULL,NULL),
	(5944,73,119,41,1,NULL,NULL,NULL),
	(5945,30,137,41,0,2,2,0),
	(5946,30,350,41,1,NULL,NULL,NULL),
	(5947,30,214,41,1,NULL,NULL,NULL),
	(5948,30,122,41,1,NULL,NULL,NULL),
	(5949,30,119,41,1,NULL,NULL,NULL),
	(5950,6,137,41,0,2,1,0),
	(5951,6,350,41,1,NULL,NULL,NULL),
	(5952,6,214,41,1,NULL,NULL,NULL),
	(5953,6,141,41,0,NULL,NULL,NULL),
	(5954,6,139,41,0,NULL,NULL,NULL),
	(5955,63,137,41,0,1,1,0),
	(5956,63,350,41,1,NULL,NULL,NULL),
	(5957,63,214,41,1,NULL,NULL,NULL),
	(5958,63,141,41,0,NULL,NULL,NULL),
	(5959,63,139,41,0,NULL,NULL,NULL),
	(5960,3,137,41,0,2,2,0),
	(5961,3,350,41,1,NULL,NULL,NULL),
	(5962,3,214,41,1,NULL,NULL,NULL),
	(5963,3,141,41,0,NULL,NULL,NULL),
	(5964,3,119,41,1,NULL,NULL,NULL),
	(5965,33,137,41,0,1,1,0),
	(5966,33,350,41,1,NULL,NULL,NULL),
	(5967,33,214,41,1,NULL,NULL,NULL),
	(5968,33,141,41,0,NULL,NULL,NULL),
	(5969,33,139,41,0,NULL,NULL,NULL),
	(5970,35,137,41,0,1,1,0),
	(5971,35,350,41,1,NULL,NULL,NULL),
	(5972,35,206,41,0,NULL,NULL,NULL),
	(5973,35,141,41,0,NULL,NULL,NULL),
	(5974,35,139,41,0,NULL,NULL,NULL),
	(5975,74,343,41,1,1,1,1),
	(5976,74,350,41,1,NULL,NULL,NULL),
	(5977,74,206,41,0,NULL,NULL,NULL),
	(5978,74,122,41,1,NULL,NULL,NULL),
	(5979,74,139,41,0,NULL,NULL,NULL),
	(5980,38,137,41,0,2,1,0),
	(5981,38,350,41,1,NULL,NULL,NULL),
	(5982,38,214,41,1,NULL,NULL,NULL),
	(5983,38,141,41,0,NULL,NULL,NULL),
	(5984,38,119,41,1,NULL,NULL,NULL),
	(5985,29,137,41,0,1,1,0),
	(5986,29,350,41,1,NULL,NULL,NULL),
	(5987,29,206,41,0,NULL,NULL,NULL),
	(5988,29,141,41,0,NULL,NULL,NULL),
	(5989,29,139,41,0,NULL,NULL,NULL),
	(5990,27,137,41,0,2,1,0),
	(5991,27,350,41,1,NULL,NULL,NULL),
	(5992,27,214,41,1,NULL,NULL,NULL),
	(5993,27,141,41,0,NULL,NULL,NULL),
	(5994,27,139,41,0,NULL,NULL,NULL),
	(5995,46,137,41,0,1,2,0),
	(5996,46,350,41,1,NULL,NULL,NULL),
	(5997,46,206,41,0,NULL,NULL,NULL),
	(5998,46,122,41,1,NULL,NULL,NULL),
	(5999,46,139,41,0,NULL,NULL,NULL),
	(6000,60,137,41,0,2,1,0),
	(6001,60,350,41,1,NULL,NULL,NULL),
	(6002,60,214,41,1,NULL,NULL,NULL),
	(6003,60,141,41,0,NULL,NULL,NULL),
	(6004,60,139,41,0,NULL,NULL,NULL),
	(6005,76,137,41,0,2,1,0),
	(6006,76,350,41,1,NULL,NULL,NULL),
	(6007,76,214,41,1,NULL,NULL,NULL),
	(6008,76,141,41,0,NULL,NULL,NULL),
	(6009,76,139,41,0,NULL,NULL,NULL),
	(6010,44,126,42,0,1,3,0),
	(6011,44,129,42,1,NULL,NULL,NULL),
	(6012,44,345,42,1,NULL,NULL,NULL),
	(6013,44,534,42,0,NULL,NULL,NULL),
	(6014,44,535,42,1,NULL,NULL,NULL),
	(6015,44,451,42,1,NULL,NULL,NULL),
	(6016,30,126,42,0,1,2,0),
	(6017,30,129,42,1,NULL,NULL,NULL),
	(6018,30,345,42,1,NULL,NULL,NULL),
	(6019,30,534,42,0,NULL,NULL,NULL),
	(6020,30,535,42,1,NULL,NULL,NULL),
	(6021,30,208,42,0,NULL,NULL,NULL),
	(6022,6,126,42,0,3,5,0),
	(6023,6,129,42,1,NULL,NULL,NULL),
	(6024,6,345,42,1,NULL,NULL,NULL),
	(6025,6,534,42,0,NULL,NULL,NULL),
	(6026,6,536,42,0,NULL,NULL,NULL),
	(6027,6,451,42,1,NULL,NULL,NULL),
	(6034,16,126,42,0,3,5,0),
	(6035,16,129,42,1,NULL,NULL,NULL),
	(6036,16,345,42,1,NULL,NULL,NULL),
	(6037,16,534,42,0,NULL,NULL,NULL),
	(6038,16,535,42,1,NULL,NULL,NULL),
	(6039,16,451,42,1,NULL,NULL,NULL),
	(6040,7,126,42,0,2,4,0),
	(6041,7,129,42,1,NULL,NULL,NULL),
	(6042,7,345,42,1,NULL,NULL,NULL),
	(6043,7,534,42,0,NULL,NULL,NULL),
	(6044,7,536,42,0,NULL,NULL,NULL),
	(6045,7,451,42,1,NULL,NULL,NULL),
	(6046,1,126,42,0,1,2,0),
	(6047,1,129,42,1,NULL,NULL,NULL),
	(6048,1,345,42,1,NULL,NULL,NULL),
	(6049,1,534,42,0,NULL,NULL,NULL),
	(6050,1,536,42,0,NULL,NULL,NULL),
	(6051,1,451,42,1,NULL,NULL,NULL),
	(6052,33,126,42,0,1,2,0),
	(6053,33,129,42,1,NULL,NULL,NULL),
	(6054,33,345,42,1,NULL,NULL,NULL),
	(6055,33,534,42,0,NULL,NULL,NULL),
	(6056,33,535,42,1,NULL,NULL,NULL),
	(6057,33,208,42,0,NULL,NULL,NULL),
	(6058,72,75,42,1,1,3,0),
	(6059,72,129,42,1,NULL,NULL,NULL),
	(6060,72,168,42,0,NULL,NULL,NULL),
	(6061,72,534,42,0,NULL,NULL,NULL),
	(6062,72,536,42,0,NULL,NULL,NULL),
	(6063,72,208,42,0,NULL,NULL,NULL),
	(6064,38,126,42,0,3,5,0),
	(6065,38,129,42,1,NULL,NULL,NULL),
	(6066,38,345,42,1,NULL,NULL,NULL),
	(6067,38,534,42,0,NULL,NULL,NULL),
	(6068,38,536,42,0,NULL,NULL,NULL),
	(6069,38,208,42,0,NULL,NULL,NULL),
	(6076,39,75,42,1,1,2,0),
	(6077,39,129,42,1,NULL,NULL,NULL),
	(6078,39,345,42,1,NULL,NULL,NULL),
	(6079,39,533,42,1,NULL,NULL,NULL),
	(6080,39,536,42,0,NULL,NULL,NULL),
	(6081,39,208,42,0,NULL,NULL,NULL),
	(6082,3,75,42,1,3,5,1),
	(6083,3,5,42,0,NULL,NULL,NULL),
	(6084,3,345,42,1,NULL,NULL,NULL),
	(6085,3,534,42,0,NULL,NULL,NULL),
	(6086,3,536,42,0,NULL,NULL,NULL),
	(6087,3,451,42,1,NULL,NULL,NULL),
	(6088,24,75,42,1,3,5,1),
	(6089,24,129,42,1,NULL,NULL,NULL),
	(6090,24,345,42,1,NULL,NULL,NULL),
	(6091,24,534,42,0,NULL,NULL,NULL),
	(6092,24,535,42,1,NULL,NULL,NULL),
	(6093,24,451,42,1,NULL,NULL,NULL),
	(6094,74,75,42,1,3,5,1),
	(6095,74,129,42,1,NULL,NULL,NULL),
	(6096,74,345,42,1,NULL,NULL,NULL),
	(6097,74,534,42,0,NULL,NULL,NULL),
	(6098,74,535,42,1,NULL,NULL,NULL),
	(6099,74,208,42,0,NULL,NULL,NULL),
	(6100,29,126,42,0,1,2,0),
	(6101,29,129,42,1,NULL,NULL,NULL),
	(6102,29,345,42,1,NULL,NULL,NULL),
	(6103,29,533,42,1,NULL,NULL,NULL),
	(6104,29,535,42,1,NULL,NULL,NULL),
	(6105,29,451,42,1,NULL,NULL,NULL),
	(6106,27,75,42,1,3,5,1),
	(6107,27,129,42,1,NULL,NULL,NULL),
	(6108,27,168,42,0,NULL,NULL,NULL),
	(6109,27,533,42,1,NULL,NULL,NULL),
	(6110,27,535,42,1,NULL,NULL,NULL),
	(6111,27,208,42,0,NULL,NULL,NULL),
	(6112,73,126,42,0,2,3,0),
	(6113,73,5,42,0,NULL,NULL,NULL),
	(6114,73,168,42,0,NULL,NULL,NULL),
	(6115,73,533,42,1,NULL,NULL,NULL),
	(6116,73,536,42,0,NULL,NULL,NULL),
	(6117,73,451,42,1,NULL,NULL,NULL),
	(6118,35,126,42,0,1,2,0),
	(6119,35,5,42,0,NULL,NULL,NULL),
	(6120,35,168,42,0,NULL,NULL,NULL),
	(6121,35,533,42,1,NULL,NULL,NULL),
	(6122,35,536,42,0,NULL,NULL,NULL),
	(6123,35,208,42,0,NULL,NULL,NULL),
	(6124,79,126,42,0,1,3,0),
	(6125,79,5,42,0,NULL,NULL,NULL),
	(6126,79,345,42,1,NULL,NULL,NULL),
	(6127,79,533,42,1,NULL,NULL,NULL),
	(6128,79,536,42,0,NULL,NULL,NULL),
	(6129,79,451,42,1,NULL,NULL,NULL),
	(6130,60,75,42,1,2,2,0),
	(6131,60,129,42,1,NULL,NULL,NULL),
	(6132,60,345,42,1,NULL,NULL,NULL),
	(6133,60,534,42,0,NULL,NULL,NULL),
	(6134,60,536,42,0,NULL,NULL,NULL),
	(6135,60,451,42,1,NULL,NULL,NULL),
	(6136,46,126,42,0,2,3,0),
	(6137,46,129,42,1,NULL,NULL,NULL),
	(6138,46,168,42,0,NULL,NULL,NULL),
	(6139,46,533,42,1,NULL,NULL,NULL),
	(6140,46,535,42,1,NULL,NULL,NULL),
	(6141,46,451,42,1,NULL,NULL,NULL),
	(6146,7,361,43,0,3,5,0),
	(6147,7,179,43,1,NULL,NULL,NULL),
	(6148,7,543,43,1,NULL,NULL,NULL),
	(6149,7,544,43,1,NULL,NULL,NULL),
	(6150,24,97,43,1,2,3,0),
	(6151,24,179,43,1,NULL,NULL,NULL),
	(6152,24,543,43,1,NULL,NULL,NULL),
	(6153,24,544,43,1,NULL,NULL,NULL),
	(6154,79,97,43,1,3,5,1),
	(6155,79,179,43,1,NULL,NULL,NULL),
	(6156,79,543,43,1,NULL,NULL,NULL),
	(6157,79,544,43,1,NULL,NULL,NULL),
	(6158,1,97,43,1,1,3,0),
	(6159,1,179,43,1,NULL,NULL,NULL),
	(6160,1,216,43,0,NULL,NULL,NULL),
	(6161,1,544,43,1,NULL,NULL,NULL),
	(6162,44,97,43,1,2,3,0),
	(6163,44,179,43,1,NULL,NULL,NULL),
	(6164,44,543,43,1,NULL,NULL,NULL),
	(6165,44,544,43,1,NULL,NULL,NULL),
	(6166,39,97,43,1,2,1,0),
	(6167,39,179,43,1,NULL,NULL,NULL),
	(6168,39,216,43,0,NULL,NULL,NULL),
	(6169,39,318,43,0,NULL,NULL,NULL),
	(6170,6,97,43,1,3,5,1),
	(6171,6,179,43,1,NULL,NULL,NULL),
	(6172,6,216,43,0,NULL,NULL,NULL),
	(6173,6,544,43,1,NULL,NULL,NULL),
	(6174,46,361,43,0,3,5,0),
	(6175,46,179,43,1,NULL,NULL,NULL),
	(6176,46,543,43,1,NULL,NULL,NULL),
	(6177,46,544,43,1,NULL,NULL,NULL),
	(6178,27,97,43,1,3,5,1),
	(6179,27,179,43,1,NULL,NULL,NULL),
	(6180,27,216,43,0,NULL,NULL,NULL),
	(6181,27,318,43,0,NULL,NULL,NULL),
	(6182,30,97,43,1,3,5,1),
	(6183,30,179,43,1,NULL,NULL,NULL),
	(6184,30,216,43,0,NULL,NULL,NULL),
	(6185,30,318,43,0,NULL,NULL,NULL),
	(6186,35,97,43,1,3,5,1),
	(6187,35,179,43,1,NULL,NULL,NULL),
	(6188,35,216,43,0,NULL,NULL,NULL),
	(6189,35,318,43,0,NULL,NULL,NULL),
	(6190,3,361,43,0,1,2,0),
	(6191,3,179,43,1,NULL,NULL,NULL),
	(6192,3,216,43,0,NULL,NULL,NULL),
	(6193,3,544,43,1,NULL,NULL,NULL),
	(6194,16,97,43,1,3,5,1),
	(6195,16,179,43,1,NULL,NULL,NULL),
	(6196,16,543,43,1,NULL,NULL,NULL),
	(6197,16,544,43,1,NULL,NULL,NULL),
	(6198,74,97,43,1,1,3,0),
	(6199,74,179,43,1,NULL,NULL,NULL),
	(6200,74,543,43,1,NULL,NULL,NULL),
	(6201,74,544,43,1,NULL,NULL,NULL),
	(6202,72,97,43,1,1,5,1),
	(6203,72,179,43,1,NULL,NULL,NULL),
	(6204,72,216,43,0,NULL,NULL,NULL),
	(6205,72,318,43,0,NULL,NULL,NULL),
	(6206,33,97,43,1,2,3,0),
	(6207,33,179,43,1,NULL,NULL,NULL),
	(6208,33,216,43,0,NULL,NULL,NULL),
	(6209,33,544,43,1,NULL,NULL,NULL),
	(6214,73,97,43,1,2,2,0),
	(6215,73,542,43,0,NULL,NULL,NULL),
	(6216,73,216,43,0,NULL,NULL,NULL),
	(6217,73,544,43,1,NULL,NULL,NULL),
	(6218,38,97,43,1,3,5,1),
	(6219,38,179,43,1,NULL,NULL,NULL),
	(6220,38,543,43,1,NULL,NULL,NULL),
	(6221,38,544,43,1,NULL,NULL,NULL),
	(6222,29,97,43,1,3,5,1),
	(6223,29,179,43,1,NULL,NULL,NULL),
	(6224,29,216,43,0,NULL,NULL,NULL),
	(6225,29,544,43,1,NULL,NULL,NULL),
	(6226,79,377,44,0,3,5,0),
	(6227,79,203,44,1,NULL,NULL,NULL),
	(6228,79,546,44,1,NULL,NULL,NULL),
	(6229,79,236,44,0,NULL,NULL,NULL),
	(6230,7,377,44,0,3,5,0),
	(6231,7,203,44,1,NULL,NULL,NULL),
	(6232,7,546,44,1,NULL,NULL,NULL),
	(6233,7,236,44,0,NULL,NULL,NULL),
	(6234,24,377,44,0,3,5,0),
	(6235,24,65,44,0,NULL,NULL,NULL),
	(6236,24,546,44,1,NULL,NULL,NULL),
	(6237,24,236,44,0,NULL,NULL,NULL),
	(6238,72,377,44,0,2,3,0),
	(6239,72,65,44,0,NULL,NULL,NULL),
	(6240,72,546,44,1,NULL,NULL,NULL),
	(6241,72,236,44,0,NULL,NULL,NULL),
	(6242,72,154,46,1,1,2,1),
	(6243,72,135,46,0,NULL,NULL,NULL),
	(6244,72,198,46,0,NULL,NULL,NULL),
	(6245,72,351,46,1,NULL,NULL,NULL),
	(6246,72,67,46,1,NULL,NULL,NULL),
	(6247,44,377,44,0,3,5,0),
	(6248,44,203,44,1,NULL,NULL,NULL),
	(6249,44,546,44,1,NULL,NULL,NULL),
	(6250,44,236,44,0,NULL,NULL,NULL),
	(6263,39,377,44,0,1,1,0),
	(6264,39,203,44,1,NULL,NULL,NULL),
	(6265,39,546,44,1,NULL,NULL,NULL),
	(6266,39,236,44,0,NULL,NULL,NULL),
	(6267,27,377,44,0,1,2,0),
	(6268,27,65,44,0,NULL,NULL,NULL),
	(6269,27,546,44,1,NULL,NULL,NULL),
	(6270,27,236,44,0,NULL,NULL,NULL),
	(6275,30,419,44,1,3,5,1),
	(6276,30,203,44,1,NULL,NULL,NULL),
	(6277,30,546,44,1,NULL,NULL,NULL),
	(6278,30,236,44,0,NULL,NULL,NULL),
	(6279,35,419,44,1,1,4,0),
	(6280,35,65,44,0,NULL,NULL,NULL),
	(6281,35,546,44,1,NULL,NULL,NULL),
	(6282,35,142,44,1,NULL,NULL,NULL),
	(6283,6,377,44,0,3,5,0),
	(6284,6,65,44,0,NULL,NULL,NULL),
	(6285,6,546,44,1,NULL,NULL,NULL),
	(6286,6,236,44,0,NULL,NULL,NULL),
	(6287,1,377,44,0,1,3,0),
	(6288,1,65,44,0,NULL,NULL,NULL),
	(6289,1,546,44,1,NULL,NULL,NULL),
	(6290,1,236,44,0,NULL,NULL,NULL),
	(6295,73,419,44,1,2,3,1),
	(6296,73,203,44,1,NULL,NULL,NULL),
	(6297,73,546,44,1,NULL,NULL,NULL),
	(6298,73,236,44,0,NULL,NULL,NULL),
	(6299,3,377,44,0,3,5,0),
	(6300,3,203,44,1,NULL,NULL,NULL),
	(6301,3,546,44,1,NULL,NULL,NULL),
	(6302,3,236,44,0,NULL,NULL,NULL),
	(6303,46,377,44,0,2,2,0),
	(6304,46,203,44,1,NULL,NULL,NULL),
	(6305,46,546,44,1,NULL,NULL,NULL),
	(6306,46,142,44,1,NULL,NULL,NULL),
	(6307,46,242,46,0,1,2,0),
	(6308,46,63,46,1,NULL,NULL,NULL),
	(6309,46,57,46,1,NULL,NULL,NULL),
	(6310,46,351,46,1,NULL,NULL,NULL),
	(6311,46,67,46,1,NULL,NULL,NULL),
	(6312,16,419,44,1,2,2,1),
	(6313,16,65,44,0,NULL,NULL,NULL),
	(6314,16,546,44,1,NULL,NULL,NULL),
	(6315,16,236,44,0,NULL,NULL,NULL),
	(6316,16,242,46,0,3,5,0),
	(6317,16,63,46,1,NULL,NULL,NULL),
	(6318,16,198,46,0,NULL,NULL,NULL),
	(6319,16,48,46,0,NULL,NULL,NULL),
	(6320,16,67,46,1,NULL,NULL,NULL),
	(6321,33,242,46,0,1,2,0),
	(6322,33,135,46,0,NULL,NULL,NULL),
	(6323,33,198,46,0,NULL,NULL,NULL),
	(6324,33,351,46,1,NULL,NULL,NULL),
	(6325,33,67,46,1,NULL,NULL,NULL),
	(6326,33,419,44,1,3,5,1),
	(6327,33,65,44,0,NULL,NULL,NULL),
	(6328,33,546,44,1,NULL,NULL,NULL),
	(6329,33,236,44,0,NULL,NULL,NULL),
	(6330,6,242,46,0,3,5,0),
	(6331,6,135,46,0,NULL,NULL,NULL),
	(6332,6,198,46,0,NULL,NULL,NULL),
	(6333,6,351,46,1,NULL,NULL,NULL),
	(6334,6,67,46,1,NULL,NULL,NULL),
	(6335,38,377,44,0,3,5,0),
	(6336,38,203,44,1,NULL,NULL,NULL),
	(6337,38,546,44,1,NULL,NULL,NULL),
	(6338,38,236,44,0,NULL,NULL,NULL),
	(6339,29,377,44,0,1,3,0),
	(6340,29,203,44,1,NULL,NULL,NULL),
	(6341,29,546,44,1,NULL,NULL,NULL),
	(6342,29,236,44,0,NULL,NULL,NULL),
	(6358,44,242,46,0,1,2,0),
	(6359,44,135,46,0,NULL,NULL,NULL),
	(6360,44,57,46,1,NULL,NULL,NULL),
	(6361,44,48,46,0,NULL,NULL,NULL),
	(6362,44,67,46,1,NULL,NULL,NULL),
	(6367,60,419,44,1,2,2,1),
	(6368,60,65,44,0,NULL,NULL,NULL),
	(6369,60,546,44,1,NULL,NULL,NULL),
	(6370,60,236,44,0,NULL,NULL,NULL),
	(6391,72,257,45,1,1,5,1),
	(6392,72,559,45,0,NULL,NULL,NULL),
	(6393,72,191,45,1,NULL,NULL,NULL),
	(6394,72,553,45,0,NULL,NULL,NULL),
	(6395,72,271,45,0,NULL,NULL,NULL),
	(6401,35,242,46,0,3,5,0),
	(6402,35,63,46,1,NULL,NULL,NULL),
	(6403,35,198,46,0,NULL,NULL,NULL),
	(6404,35,351,46,1,NULL,NULL,NULL),
	(6405,35,125,46,0,NULL,NULL,NULL),
	(6406,38,243,45,0,1,2,0),
	(6407,38,559,45,0,NULL,NULL,NULL),
	(6408,38,191,45,1,NULL,NULL,NULL),
	(6409,38,202,45,0,NULL,NULL,NULL),
	(6410,38,38,45,1,NULL,NULL,NULL),
	(6411,38,561,45,1,NULL,NULL,NULL),
	(6412,74,419,44,1,3,5,1),
	(6413,74,65,44,0,NULL,NULL,NULL),
	(6414,74,546,44,1,NULL,NULL,NULL),
	(6415,74,142,44,1,NULL,NULL,NULL),
	(6416,29,257,45,1,3,5,0),
	(6417,29,559,45,0,NULL,NULL,NULL),
	(6418,29,191,45,1,NULL,NULL,NULL),
	(6419,29,202,45,0,NULL,NULL,NULL),
	(6420,29,38,45,1,NULL,NULL,NULL),
	(6421,29,561,45,1,NULL,NULL,NULL),
	(6422,29,154,46,1,1,4,1),
	(6423,29,135,46,0,NULL,NULL,NULL),
	(6424,29,198,46,0,NULL,NULL,NULL),
	(6425,29,48,46,0,NULL,NULL,NULL),
	(6426,29,67,46,1,NULL,NULL,NULL),
	(6427,74,257,45,1,3,5,0),
	(6428,74,560,45,1,NULL,NULL,NULL),
	(6429,74,191,45,1,NULL,NULL,NULL),
	(6430,74,202,45,0,NULL,NULL,NULL),
	(6431,74,38,45,1,NULL,NULL,NULL),
	(6432,74,561,45,1,NULL,NULL,NULL),
	(6439,24,257,45,1,3,5,0),
	(6440,24,560,45,1,NULL,NULL,NULL),
	(6441,24,191,45,1,NULL,NULL,NULL),
	(6442,24,202,45,0,NULL,NULL,NULL),
	(6443,24,38,45,1,NULL,NULL,NULL),
	(6444,24,561,45,1,NULL,NULL,NULL),
	(6445,16,257,45,1,3,5,0),
	(6446,16,560,45,1,NULL,NULL,NULL),
	(6447,16,56,45,0,NULL,NULL,NULL),
	(6448,16,145,45,1,NULL,NULL,NULL),
	(6449,16,555,45,0,NULL,NULL,NULL),
	(6450,16,562,45,0,NULL,NULL,NULL),
	(6457,60,257,45,1,1,2,1),
	(6458,60,559,45,0,NULL,NULL,NULL),
	(6459,60,56,45,0,NULL,NULL,NULL),
	(6460,60,202,45,0,NULL,NULL,NULL),
	(6461,60,38,45,1,NULL,NULL,NULL),
	(6462,60,561,45,1,NULL,NULL,NULL),
	(6463,60,242,46,0,1,3,0),
	(6464,60,63,46,1,NULL,NULL,NULL),
	(6465,60,198,46,0,NULL,NULL,NULL),
	(6466,60,351,46,1,NULL,NULL,NULL),
	(6467,60,67,46,1,NULL,NULL,NULL),
	(6468,44,243,45,0,3,5,0),
	(6469,44,560,45,1,NULL,NULL,NULL),
	(6470,44,191,45,1,NULL,NULL,NULL),
	(6471,44,145,45,1,NULL,NULL,NULL),
	(6472,44,555,45,0,NULL,NULL,NULL),
	(6473,44,561,45,1,NULL,NULL,NULL),
	(6474,6,257,45,1,3,5,0),
	(6475,6,559,45,0,NULL,NULL,NULL),
	(6476,6,191,45,1,NULL,NULL,NULL),
	(6477,6,202,45,0,NULL,NULL,NULL),
	(6478,6,38,45,1,NULL,NULL,NULL),
	(6479,6,561,45,1,NULL,NULL,NULL),
	(6480,30,243,45,0,3,5,0),
	(6481,30,560,45,1,NULL,NULL,NULL),
	(6482,30,191,45,1,NULL,NULL,NULL),
	(6483,30,145,45,1,NULL,NULL,NULL),
	(6484,30,38,45,1,NULL,NULL,NULL),
	(6485,30,562,45,0,NULL,NULL,NULL),
	(6486,7,257,45,1,3,5,0),
	(6487,7,560,45,1,NULL,NULL,NULL),
	(6488,7,191,45,1,NULL,NULL,NULL),
	(6489,7,145,45,1,NULL,NULL,NULL),
	(6490,7,38,45,1,NULL,NULL,NULL),
	(6491,7,561,45,1,NULL,NULL,NULL),
	(6492,1,257,45,1,3,5,0),
	(6493,1,559,45,0,NULL,NULL,NULL),
	(6494,1,56,45,0,NULL,NULL,NULL),
	(6495,1,202,45,0,NULL,NULL,NULL),
	(6496,1,38,45,1,NULL,NULL,NULL),
	(6497,1,561,45,1,NULL,NULL,NULL),
	(6498,3,257,45,1,3,5,0),
	(6499,3,560,45,1,NULL,NULL,NULL),
	(6500,3,191,45,1,NULL,NULL,NULL),
	(6501,3,145,45,1,NULL,NULL,NULL),
	(6502,3,38,45,1,NULL,NULL,NULL),
	(6503,3,561,45,1,NULL,NULL,NULL),
	(6504,24,154,46,1,1,3,1),
	(6505,24,135,46,0,NULL,NULL,NULL),
	(6506,24,57,46,1,NULL,NULL,NULL),
	(6507,24,48,46,0,NULL,NULL,NULL),
	(6508,24,67,46,1,NULL,NULL,NULL),
	(6509,39,257,45,1,3,5,0),
	(6510,39,560,45,1,NULL,NULL,NULL),
	(6511,39,56,45,0,NULL,NULL,NULL),
	(6512,39,202,45,0,NULL,NULL,NULL),
	(6513,39,555,45,0,NULL,NULL,NULL),
	(6514,39,561,45,1,NULL,NULL,NULL),
	(6520,79,243,45,0,3,5,0),
	(6521,79,560,45,1,NULL,NULL,NULL),
	(6522,79,191,45,1,NULL,NULL,NULL),
	(6523,79,145,45,1,NULL,NULL,NULL),
	(6524,79,555,45,0,NULL,NULL,NULL),
	(6525,79,561,45,1,NULL,NULL,NULL),
	(6532,35,243,45,0,3,5,0),
	(6533,35,559,45,0,NULL,NULL,NULL),
	(6534,35,56,45,0,NULL,NULL,NULL),
	(6535,35,202,45,0,NULL,NULL,NULL),
	(6536,35,555,45,0,NULL,NULL,NULL),
	(6537,35,561,45,1,NULL,NULL,NULL),
	(6538,27,257,45,1,3,5,0),
	(6539,27,559,45,0,NULL,NULL,NULL),
	(6540,27,56,45,0,NULL,NULL,NULL),
	(6541,27,202,45,0,NULL,NULL,NULL),
	(6542,27,38,45,1,NULL,NULL,NULL),
	(6543,27,561,45,1,NULL,NULL,NULL),
	(6549,27,242,46,0,1,3,0),
	(6550,27,63,46,1,NULL,NULL,NULL),
	(6551,27,198,46,0,NULL,NULL,NULL),
	(6552,27,351,46,1,NULL,NULL,NULL),
	(6553,27,67,46,1,NULL,NULL,NULL),
	(6554,30,154,46,1,3,5,0),
	(6555,30,63,46,1,NULL,NULL,NULL),
	(6556,30,198,46,0,NULL,NULL,NULL),
	(6557,30,351,46,1,NULL,NULL,NULL),
	(6558,30,67,46,1,NULL,NULL,NULL),
	(6559,33,243,45,0,1,3,0),
	(6560,33,560,45,1,NULL,NULL,NULL),
	(6561,33,191,45,1,NULL,NULL,NULL),
	(6562,33,145,45,1,NULL,NULL,NULL),
	(6563,33,555,45,0,NULL,NULL,NULL),
	(6564,33,562,45,0,NULL,NULL,NULL),
	(6565,3,154,46,1,1,2,1),
	(6566,3,63,46,1,NULL,NULL,NULL),
	(6567,3,198,46,0,NULL,NULL,NULL),
	(6568,3,351,46,1,NULL,NULL,NULL),
	(6569,3,67,46,1,NULL,NULL,NULL),
	(6570,1,154,46,1,1,4,1),
	(6571,1,135,46,0,NULL,NULL,NULL),
	(6572,1,198,46,0,NULL,NULL,NULL),
	(6573,1,48,46,0,NULL,NULL,NULL),
	(6574,1,67,46,1,NULL,NULL,NULL),
	(6575,46,257,45,1,1,3,1),
	(6576,46,560,45,1,NULL,NULL,NULL),
	(6577,46,191,45,1,NULL,NULL,NULL),
	(6578,46,145,45,1,NULL,NULL,NULL),
	(6579,46,38,45,1,NULL,NULL,NULL),
	(6580,46,561,45,1,NULL,NULL,NULL),
	(6581,73,242,46,0,1,2,0),
	(6582,73,135,46,0,NULL,NULL,NULL),
	(6583,73,57,46,1,NULL,NULL,NULL),
	(6584,73,351,46,1,NULL,NULL,NULL),
	(6585,73,67,46,1,NULL,NULL,NULL),
	(6591,74,242,46,0,3,5,0),
	(6592,74,63,46,1,NULL,NULL,NULL),
	(6593,74,57,46,1,NULL,NULL,NULL),
	(6594,74,48,46,0,NULL,NULL,NULL),
	(6595,74,67,46,1,NULL,NULL,NULL),
	(6596,7,154,46,1,1,2,1),
	(6597,7,63,46,1,NULL,NULL,NULL),
	(6598,7,198,46,0,NULL,NULL,NULL),
	(6599,7,48,46,0,NULL,NULL,NULL),
	(6600,7,67,46,1,NULL,NULL,NULL),
	(6601,38,154,46,1,1,1,2),
	(6602,38,135,46,0,NULL,NULL,NULL),
	(6603,38,198,46,0,NULL,NULL,NULL),
	(6604,38,351,46,1,NULL,NULL,NULL),
	(6605,38,67,46,1,NULL,NULL,NULL),
	(6606,79,154,46,1,1,3,1),
	(6607,79,135,46,0,NULL,NULL,NULL),
	(6608,79,57,46,1,NULL,NULL,NULL),
	(6609,79,48,46,0,NULL,NULL,NULL),
	(6610,79,67,46,1,NULL,NULL,NULL),
	(6611,39,154,46,1,1,1,2),
	(6612,39,135,46,0,NULL,NULL,NULL),
	(6613,39,57,46,1,NULL,NULL,NULL),
	(6614,39,48,46,0,NULL,NULL,NULL),
	(6615,39,67,46,1,NULL,NULL,NULL),
	(6616,44,55,47,0,2,2,0),
	(6617,44,268,47,0,NULL,NULL,NULL),
	(6618,44,270,47,1,NULL,NULL,NULL),
	(6619,44,568,47,1,NULL,NULL,NULL),
	(6620,16,55,47,0,3,5,0),
	(6621,16,268,47,0,NULL,NULL,NULL),
	(6622,16,270,47,1,NULL,NULL,NULL),
	(6623,16,568,47,1,NULL,NULL,NULL),
	(6624,30,55,47,0,1,2,0),
	(6625,30,268,47,0,NULL,NULL,NULL),
	(6626,30,45,47,0,NULL,NULL,NULL),
	(6627,30,563,47,0,NULL,NULL,NULL),
	(6628,79,105,47,1,3,5,0),
	(6629,79,268,47,0,NULL,NULL,NULL),
	(6630,79,45,47,0,NULL,NULL,NULL),
	(6631,79,563,47,0,NULL,NULL,NULL),
	(6636,3,55,47,0,1,2,0),
	(6637,3,199,47,1,NULL,NULL,NULL),
	(6638,3,270,47,1,NULL,NULL,NULL),
	(6639,3,568,47,1,NULL,NULL,NULL),
	(6644,73,105,47,1,2,1,1),
	(6645,73,199,47,1,NULL,NULL,NULL),
	(6646,73,45,47,0,NULL,NULL,NULL),
	(6647,73,563,47,0,NULL,NULL,NULL),
	(6648,6,105,47,1,3,5,0),
	(6649,6,268,47,0,NULL,NULL,NULL),
	(6650,6,270,47,1,NULL,NULL,NULL),
	(6651,6,563,47,0,NULL,NULL,NULL),
	(6652,35,55,47,0,1,1,0),
	(6653,35,268,47,0,NULL,NULL,NULL),
	(6654,35,45,47,0,NULL,NULL,NULL),
	(6655,35,563,47,0,NULL,NULL,NULL),
	(6660,27,55,47,0,3,5,0),
	(6661,27,268,47,0,NULL,NULL,NULL),
	(6662,27,270,47,1,NULL,NULL,NULL),
	(6663,27,568,47,1,NULL,NULL,NULL),
	(6664,1,55,47,0,1,4,0),
	(6665,1,268,47,0,NULL,NULL,NULL),
	(6666,1,270,47,1,NULL,NULL,NULL),
	(6667,1,563,47,0,NULL,NULL,NULL),
	(6668,33,105,47,1,1,2,1),
	(6669,33,199,47,1,NULL,NULL,NULL),
	(6670,33,270,47,1,NULL,NULL,NULL),
	(6671,33,563,47,0,NULL,NULL,NULL),
	(6672,72,105,47,1,1,3,1),
	(6673,72,268,47,0,NULL,NULL,NULL),
	(6674,72,45,47,0,NULL,NULL,NULL),
	(6675,72,563,47,0,NULL,NULL,NULL),
	(6680,39,55,47,0,1,2,0),
	(6681,39,199,47,1,NULL,NULL,NULL),
	(6682,39,45,47,0,NULL,NULL,NULL),
	(6683,39,568,47,1,NULL,NULL,NULL),
	(6684,24,105,47,1,3,5,0),
	(6685,24,268,47,0,NULL,NULL,NULL),
	(6686,24,270,47,1,NULL,NULL,NULL),
	(6687,24,563,47,0,NULL,NULL,NULL),
	(6688,38,55,47,0,1,2,0),
	(6689,38,199,47,1,NULL,NULL,NULL),
	(6690,38,45,47,0,NULL,NULL,NULL),
	(6691,38,568,47,1,NULL,NULL,NULL),
	(6692,7,105,47,1,1,4,1),
	(6693,7,199,47,1,NULL,NULL,NULL),
	(6694,7,45,47,0,NULL,NULL,NULL),
	(6695,7,568,47,1,NULL,NULL,NULL),
	(6696,60,105,47,1,3,5,0),
	(6697,60,268,47,0,NULL,NULL,NULL),
	(6698,60,45,47,0,NULL,NULL,NULL),
	(6699,60,563,47,0,NULL,NULL,NULL),
	(6700,29,105,47,1,3,5,0),
	(6701,29,268,47,0,NULL,NULL,NULL),
	(6702,29,45,47,0,NULL,NULL,NULL),
	(6703,29,563,47,0,NULL,NULL,NULL),
	(6704,46,55,47,0,3,5,0),
	(6705,46,199,47,1,NULL,NULL,NULL),
	(6706,46,270,47,1,NULL,NULL,NULL),
	(6707,46,568,47,1,NULL,NULL,NULL),
	(6712,74,105,47,1,2,5,0),
	(6713,74,199,47,1,NULL,NULL,NULL),
	(6714,74,45,47,0,NULL,NULL,NULL),
	(6715,74,563,47,0,NULL,NULL,NULL),
	(6716,24,3,48,0,3,5,0),
	(6717,24,269,48,1,NULL,NULL,NULL),
	(6718,24,317,48,1,NULL,NULL,NULL),
	(6719,24,428,48,1,NULL,NULL,NULL),
	(6720,24,162,48,1,NULL,NULL,NULL),
	(6721,72,3,48,0,1,4,0),
	(6722,72,269,48,1,NULL,NULL,NULL),
	(6723,72,73,48,0,NULL,NULL,NULL),
	(6724,72,155,48,0,NULL,NULL,NULL),
	(6725,72,162,48,1,NULL,NULL,NULL),
	(6726,39,3,48,0,2,2,0),
	(6727,39,269,48,1,NULL,NULL,NULL),
	(6728,39,317,48,1,NULL,NULL,NULL),
	(6729,39,428,48,1,NULL,NULL,NULL),
	(6730,39,510,48,0,NULL,NULL,NULL),
	(6731,7,2,48,1,3,5,1),
	(6732,7,269,48,1,NULL,NULL,NULL),
	(6733,7,73,48,0,NULL,NULL,NULL),
	(6734,7,428,48,1,NULL,NULL,NULL),
	(6735,7,162,48,1,NULL,NULL,NULL),
	(6736,30,3,48,0,1,4,0),
	(6737,30,269,48,1,NULL,NULL,NULL),
	(6738,30,317,48,1,NULL,NULL,NULL),
	(6739,30,428,48,1,NULL,NULL,NULL),
	(6740,30,162,48,1,NULL,NULL,NULL),
	(6741,44,2,48,1,1,2,0),
	(6742,44,269,48,1,NULL,NULL,NULL),
	(6743,44,317,48,1,NULL,NULL,NULL),
	(6744,44,428,48,1,NULL,NULL,NULL),
	(6745,44,510,48,0,NULL,NULL,NULL),
	(6746,79,2,48,1,1,3,0),
	(6747,79,269,48,1,NULL,NULL,NULL),
	(6748,79,317,48,1,NULL,NULL,NULL),
	(6749,79,428,48,1,NULL,NULL,NULL),
	(6750,79,510,48,0,NULL,NULL,NULL),
	(6751,3,3,48,0,2,2,0),
	(6752,3,113,48,0,NULL,NULL,NULL),
	(6753,3,73,48,0,NULL,NULL,NULL),
	(6754,3,428,48,1,NULL,NULL,NULL),
	(6755,3,162,48,1,NULL,NULL,NULL),
	(6756,46,3,48,0,1,2,0),
	(6757,46,269,48,1,NULL,NULL,NULL),
	(6758,46,317,48,1,NULL,NULL,NULL),
	(6759,46,428,48,1,NULL,NULL,NULL),
	(6760,46,510,48,0,NULL,NULL,NULL),
	(6761,1,2,48,1,1,4,0),
	(6762,1,113,48,0,NULL,NULL,NULL),
	(6763,1,317,48,1,NULL,NULL,NULL),
	(6764,1,428,48,1,NULL,NULL,NULL),
	(6765,1,510,48,0,NULL,NULL,NULL),
	(6766,73,3,48,0,2,2,0),
	(6767,73,113,48,0,NULL,NULL,NULL),
	(6768,73,317,48,1,NULL,NULL,NULL),
	(6769,73,155,48,0,NULL,NULL,NULL),
	(6770,73,162,48,1,NULL,NULL,NULL),
	(6771,6,2,48,1,3,5,1),
	(6772,6,269,48,1,NULL,NULL,NULL),
	(6773,6,317,48,1,NULL,NULL,NULL),
	(6774,6,428,48,1,NULL,NULL,NULL),
	(6775,6,510,48,0,NULL,NULL,NULL),
	(6776,27,3,48,0,3,5,0),
	(6777,27,269,48,1,NULL,NULL,NULL),
	(6778,27,73,48,0,NULL,NULL,NULL),
	(6779,27,155,48,0,NULL,NULL,NULL),
	(6780,27,162,48,1,NULL,NULL,NULL),
	(6781,33,3,48,0,3,5,0),
	(6782,33,113,48,0,NULL,NULL,NULL),
	(6783,33,317,48,1,NULL,NULL,NULL),
	(6784,33,428,48,1,NULL,NULL,NULL),
	(6785,33,510,48,0,NULL,NULL,NULL),
	(6786,35,3,48,0,1,4,0),
	(6787,35,269,48,1,NULL,NULL,NULL),
	(6788,35,73,48,0,NULL,NULL,NULL),
	(6789,35,155,48,0,NULL,NULL,NULL),
	(6790,35,162,48,1,NULL,NULL,NULL),
	(6791,60,2,48,1,1,1,0),
	(6792,60,113,48,0,NULL,NULL,NULL),
	(6793,60,73,48,0,NULL,NULL,NULL),
	(6794,60,428,48,1,NULL,NULL,NULL),
	(6795,60,162,48,1,NULL,NULL,NULL),
	(6796,38,2,48,1,1,3,0),
	(6797,38,113,48,0,NULL,NULL,NULL),
	(6798,38,317,48,1,NULL,NULL,NULL),
	(6799,38,428,48,1,NULL,NULL,NULL),
	(6800,38,162,48,1,NULL,NULL,NULL),
	(6801,29,3,48,0,3,5,0),
	(6802,29,113,48,0,NULL,NULL,NULL),
	(6803,29,73,48,0,NULL,NULL,NULL),
	(6804,29,155,48,0,NULL,NULL,NULL),
	(6805,29,162,48,1,NULL,NULL,NULL),
	(6806,16,3,48,0,2,4,0),
	(6807,16,113,48,0,NULL,NULL,NULL),
	(6808,16,73,48,0,NULL,NULL,NULL),
	(6809,16,428,48,1,NULL,NULL,NULL),
	(6810,16,510,48,0,NULL,NULL,NULL),
	(6811,6,485,49,0,3,5,0),
	(6812,6,264,49,0,NULL,NULL,NULL),
	(6813,6,52,49,1,NULL,NULL,NULL),
	(6814,6,99,49,0,NULL,NULL,NULL),
	(6815,7,573,49,1,3,5,1),
	(6816,7,264,49,0,NULL,NULL,NULL),
	(6817,7,52,49,1,NULL,NULL,NULL),
	(6818,7,356,49,1,NULL,NULL,NULL),
	(6819,35,573,49,1,1,2,0),
	(6820,35,264,49,0,NULL,NULL,NULL),
	(6821,35,140,49,0,NULL,NULL,NULL),
	(6822,35,99,49,0,NULL,NULL,NULL),
	(6823,44,485,49,0,1,3,0),
	(6824,44,264,49,0,NULL,NULL,NULL),
	(6825,44,52,49,1,NULL,NULL,NULL),
	(6826,44,356,49,1,NULL,NULL,NULL),
	(6827,16,573,49,1,3,5,1),
	(6828,16,264,49,0,NULL,NULL,NULL),
	(6829,16,52,49,1,NULL,NULL,NULL),
	(6830,16,99,49,0,NULL,NULL,NULL),
	(6831,1,573,49,1,3,5,1),
	(6832,1,264,49,0,NULL,NULL,NULL),
	(6833,1,140,49,0,NULL,NULL,NULL),
	(6834,1,356,49,1,NULL,NULL,NULL),
	(6835,79,573,49,1,1,3,0),
	(6836,79,264,49,0,NULL,NULL,NULL),
	(6837,79,52,49,1,NULL,NULL,NULL),
	(6838,79,356,49,1,NULL,NULL,NULL),
	(6839,27,485,49,0,3,5,0),
	(6840,27,264,49,0,NULL,NULL,NULL),
	(6841,27,52,49,1,NULL,NULL,NULL),
	(6842,27,99,49,0,NULL,NULL,NULL),
	(6843,30,485,49,0,3,5,0),
	(6844,30,264,49,0,NULL,NULL,NULL),
	(6845,30,52,49,1,NULL,NULL,NULL),
	(6846,30,99,49,0,NULL,NULL,NULL),
	(6847,38,485,49,0,1,4,0),
	(6848,38,223,49,1,NULL,NULL,NULL),
	(6849,38,52,49,1,NULL,NULL,NULL),
	(6850,38,99,49,0,NULL,NULL,NULL),
	(6851,72,485,49,0,1,4,0),
	(6852,72,264,49,0,NULL,NULL,NULL),
	(6853,72,52,49,1,NULL,NULL,NULL),
	(6854,72,99,49,0,NULL,NULL,NULL),
	(6855,39,573,49,1,3,5,1),
	(6856,39,264,49,0,NULL,NULL,NULL),
	(6857,39,52,49,1,NULL,NULL,NULL),
	(6858,39,99,49,0,NULL,NULL,NULL),
	(6859,60,573,49,1,2,3,0),
	(6860,60,264,49,0,NULL,NULL,NULL),
	(6861,60,52,49,1,NULL,NULL,NULL),
	(6862,60,356,49,1,NULL,NULL,NULL),
	(6863,73,485,49,0,1,2,0),
	(6864,73,223,49,1,NULL,NULL,NULL),
	(6865,73,140,49,0,NULL,NULL,NULL),
	(6866,73,99,49,0,NULL,NULL,NULL),
	(6867,46,485,49,0,1,2,0),
	(6868,46,264,49,0,NULL,NULL,NULL),
	(6869,46,140,49,0,NULL,NULL,NULL),
	(6870,46,99,49,0,NULL,NULL,NULL),
	(6871,3,573,49,1,3,5,1),
	(6872,3,264,49,0,NULL,NULL,NULL),
	(6873,3,52,49,1,NULL,NULL,NULL),
	(6874,3,356,49,1,NULL,NULL,NULL),
	(6879,33,485,49,0,1,2,0),
	(6880,33,264,49,0,NULL,NULL,NULL),
	(6881,33,52,49,1,NULL,NULL,NULL),
	(6882,33,99,49,0,NULL,NULL,NULL),
	(6887,29,573,49,1,3,5,1),
	(6888,29,264,49,0,NULL,NULL,NULL),
	(6889,29,52,49,1,NULL,NULL,NULL),
	(6890,29,99,49,0,NULL,NULL,NULL),
	(6891,24,573,49,1,1,4,0),
	(6892,24,264,49,0,NULL,NULL,NULL),
	(6893,24,52,49,1,NULL,NULL,NULL),
	(6894,24,356,49,1,NULL,NULL,NULL),
	(6895,3,62,50,1,1,1,2),
	(6896,3,200,50,1,NULL,NULL,NULL),
	(6897,3,211,50,0,NULL,NULL,NULL),
	(6898,3,546,50,0,NULL,NULL,NULL),
	(6907,7,62,50,1,1,1,2),
	(6908,7,200,50,1,NULL,NULL,NULL),
	(6909,7,482,50,1,NULL,NULL,NULL),
	(6910,7,546,50,0,NULL,NULL,NULL),
	(6911,46,62,50,1,1,2,1),
	(6912,46,512,50,0,NULL,NULL,NULL),
	(6913,46,482,50,1,NULL,NULL,NULL),
	(6914,46,546,50,0,NULL,NULL,NULL),
	(6915,44,62,50,1,1,3,1),
	(6916,44,200,50,1,NULL,NULL,NULL),
	(6917,44,482,50,1,NULL,NULL,NULL),
	(6918,44,546,50,0,NULL,NULL,NULL),
	(6919,79,111,50,0,1,3,0),
	(6920,79,512,50,0,NULL,NULL,NULL),
	(6921,79,482,50,1,NULL,NULL,NULL),
	(6922,79,546,50,0,NULL,NULL,NULL),
	(6927,39,62,50,1,1,1,2),
	(6928,39,512,50,0,NULL,NULL,NULL),
	(6929,39,482,50,1,NULL,NULL,NULL),
	(6930,39,546,50,0,NULL,NULL,NULL),
	(6931,30,62,50,1,1,1,2),
	(6932,30,200,50,1,NULL,NULL,NULL),
	(6933,30,211,50,0,NULL,NULL,NULL),
	(6934,30,546,50,0,NULL,NULL,NULL),
	(6935,27,111,50,0,1,2,0),
	(6936,27,512,50,0,NULL,NULL,NULL),
	(6937,27,211,50,0,NULL,NULL,NULL),
	(6938,27,546,50,0,NULL,NULL,NULL),
	(6939,16,62,50,1,1,1,2),
	(6940,16,512,50,0,NULL,NULL,NULL),
	(6941,16,482,50,1,NULL,NULL,NULL),
	(6942,16,546,50,0,NULL,NULL,NULL),
	(6943,6,62,50,1,1,1,2),
	(6944,6,512,50,0,NULL,NULL,NULL),
	(6945,6,482,50,1,NULL,NULL,NULL),
	(6946,6,546,50,0,NULL,NULL,NULL),
	(6947,72,62,50,1,1,1,2),
	(6948,72,200,50,1,NULL,NULL,NULL),
	(6949,72,211,50,0,NULL,NULL,NULL),
	(6950,72,546,50,0,NULL,NULL,NULL),
	(6951,38,111,50,0,2,3,0),
	(6952,38,200,50,1,NULL,NULL,NULL),
	(6953,38,482,50,1,NULL,NULL,NULL),
	(6954,38,546,50,0,NULL,NULL,NULL),
	(6955,1,62,50,1,1,2,1),
	(6956,1,512,50,0,NULL,NULL,NULL),
	(6957,1,211,50,0,NULL,NULL,NULL),
	(6958,1,546,50,0,NULL,NULL,NULL),
	(6959,35,62,50,1,1,1,2),
	(6960,35,200,50,1,NULL,NULL,NULL),
	(6961,35,211,50,0,NULL,NULL,NULL),
	(6962,35,546,50,0,NULL,NULL,NULL),
	(6963,24,62,50,1,1,2,1),
	(6964,24,200,50,1,NULL,NULL,NULL),
	(6965,24,482,50,1,NULL,NULL,NULL),
	(6966,24,546,50,0,NULL,NULL,NULL),
	(6967,60,62,50,1,1,1,2),
	(6968,60,200,50,1,NULL,NULL,NULL),
	(6969,60,211,50,0,NULL,NULL,NULL),
	(6970,60,546,50,0,NULL,NULL,NULL),
	(6971,29,111,50,0,3,5,0),
	(6972,29,512,50,0,NULL,NULL,NULL),
	(6973,29,482,50,1,NULL,NULL,NULL),
	(6974,29,546,50,0,NULL,NULL,NULL),
	(6975,7,1,51,0,3,5,0),
	(6976,7,36,51,1,NULL,NULL,NULL),
	(6977,7,9,51,1,NULL,NULL,NULL),
	(6978,7,260,51,1,NULL,NULL,NULL),
	(6979,7,578,51,1,NULL,NULL,NULL),
	(6980,7,310,51,0,NULL,NULL,NULL),
	(6981,46,302,51,1,1,2,1),
	(6982,46,119,51,0,NULL,NULL,NULL),
	(6983,46,9,51,1,NULL,NULL,NULL),
	(6984,46,260,51,1,NULL,NULL,NULL),
	(6985,46,579,51,0,NULL,NULL,NULL),
	(6986,46,184,51,1,NULL,NULL,NULL),
	(6993,44,1,51,0,1,2,0),
	(6994,44,119,51,0,NULL,NULL,NULL),
	(6995,44,9,51,1,NULL,NULL,NULL),
	(6996,44,260,51,1,NULL,NULL,NULL),
	(6997,44,578,51,1,NULL,NULL,NULL),
	(6998,44,184,51,1,NULL,NULL,NULL),
	(6999,6,1,51,0,1,1,0),
	(7000,6,36,51,1,NULL,NULL,NULL),
	(7001,6,9,51,1,NULL,NULL,NULL),
	(7002,6,260,51,1,NULL,NULL,NULL),
	(7003,6,578,51,1,NULL,NULL,NULL),
	(7004,6,310,51,0,NULL,NULL,NULL),
	(7005,79,1,51,0,1,3,0),
	(7006,79,119,51,0,NULL,NULL,NULL),
	(7007,79,9,51,1,NULL,NULL,NULL),
	(7008,79,260,51,1,NULL,NULL,NULL),
	(7009,79,578,51,1,NULL,NULL,NULL),
	(7010,79,310,51,0,NULL,NULL,NULL),
	(7011,30,1,51,0,1,3,0),
	(7012,30,119,51,0,NULL,NULL,NULL),
	(7013,30,9,51,1,NULL,NULL,NULL),
	(7014,30,260,51,1,NULL,NULL,NULL),
	(7015,30,578,51,1,NULL,NULL,NULL),
	(7016,30,310,51,0,NULL,NULL,NULL),
	(7017,27,1,51,0,1,2,0),
	(7018,27,36,51,1,NULL,NULL,NULL),
	(7019,27,9,51,1,NULL,NULL,NULL),
	(7020,27,260,51,1,NULL,NULL,NULL),
	(7021,27,578,51,1,NULL,NULL,NULL),
	(7022,27,310,51,0,NULL,NULL,NULL),
	(7023,60,1,51,0,1,2,0),
	(7024,60,36,51,1,NULL,NULL,NULL),
	(7025,60,9,51,1,NULL,NULL,NULL),
	(7026,60,260,51,1,NULL,NULL,NULL),
	(7027,60,578,51,1,NULL,NULL,NULL),
	(7028,60,184,51,1,NULL,NULL,NULL),
	(7029,35,1,51,0,1,1,0),
	(7030,35,36,51,1,NULL,NULL,NULL),
	(7031,35,9,51,1,NULL,NULL,NULL),
	(7032,35,260,51,1,NULL,NULL,NULL),
	(7033,35,579,51,0,NULL,NULL,NULL),
	(7034,35,184,51,1,NULL,NULL,NULL),
	(7041,39,1,51,0,1,2,0),
	(7042,39,119,51,0,NULL,NULL,NULL),
	(7043,39,9,51,1,NULL,NULL,NULL),
	(7044,39,260,51,1,NULL,NULL,NULL),
	(7045,39,579,51,0,NULL,NULL,NULL),
	(7046,39,184,51,1,NULL,NULL,NULL),
	(7053,72,302,51,1,1,3,1),
	(7054,72,36,51,1,NULL,NULL,NULL),
	(7055,72,9,51,1,NULL,NULL,NULL),
	(7056,72,260,51,1,NULL,NULL,NULL),
	(7057,72,579,51,0,NULL,NULL,NULL),
	(7058,72,184,51,1,NULL,NULL,NULL),
	(7059,16,1,51,0,3,5,0),
	(7060,16,119,51,0,NULL,NULL,NULL),
	(7061,16,9,51,1,NULL,NULL,NULL),
	(7062,16,260,51,1,NULL,NULL,NULL),
	(7063,16,578,51,1,NULL,NULL,NULL),
	(7064,16,184,51,1,NULL,NULL,NULL),
	(7065,1,1,51,0,1,2,0),
	(7066,1,36,51,1,NULL,NULL,NULL),
	(7067,1,9,51,1,NULL,NULL,NULL),
	(7068,1,260,51,1,NULL,NULL,NULL),
	(7069,1,578,51,1,NULL,NULL,NULL),
	(7070,1,184,51,1,NULL,NULL,NULL),
	(7071,38,1,51,0,3,5,0),
	(7072,38,36,51,1,NULL,NULL,NULL),
	(7073,38,9,51,1,NULL,NULL,NULL),
	(7074,38,260,51,1,NULL,NULL,NULL),
	(7075,38,578,51,1,NULL,NULL,NULL),
	(7076,38,310,51,0,NULL,NULL,NULL),
	(7083,24,302,51,1,3,5,0),
	(7084,24,119,51,0,NULL,NULL,NULL),
	(7085,24,9,51,1,NULL,NULL,NULL),
	(7086,24,260,51,1,NULL,NULL,NULL),
	(7087,24,578,51,1,NULL,NULL,NULL),
	(7088,24,184,51,1,NULL,NULL,NULL),
	(7089,3,1,51,0,1,2,0),
	(7090,3,119,51,0,NULL,NULL,NULL),
	(7091,3,9,51,1,NULL,NULL,NULL),
	(7092,3,260,51,1,NULL,NULL,NULL),
	(7093,3,578,51,1,NULL,NULL,NULL),
	(7094,3,184,51,1,NULL,NULL,NULL),
	(7095,29,1,51,0,1,3,0),
	(7096,29,36,51,1,NULL,NULL,NULL),
	(7097,29,9,51,1,NULL,NULL,NULL),
	(7098,29,260,51,1,NULL,NULL,NULL),
	(7099,29,578,51,1,NULL,NULL,NULL),
	(7100,29,310,51,0,NULL,NULL,NULL),
	(7101,7,55,52,1,1,4,0),
	(7102,7,325,52,1,NULL,NULL,NULL),
	(7103,7,580,52,1,NULL,NULL,NULL),
	(7104,7,160,52,1,NULL,NULL,NULL),
	(7105,7,375,52,1,NULL,NULL,NULL),
	(7106,7,386,52,0,NULL,NULL,NULL),
	(7107,59,55,52,1,1,3,0),
	(7108,59,325,52,1,NULL,NULL,NULL),
	(7109,59,580,52,1,NULL,NULL,NULL),
	(7110,59,38,52,0,NULL,NULL,NULL),
	(7111,59,389,52,0,NULL,NULL,NULL),
	(7112,59,386,52,0,NULL,NULL,NULL),
	(7113,16,55,52,1,3,5,0),
	(7114,16,325,52,1,NULL,NULL,NULL),
	(7115,16,580,52,1,NULL,NULL,NULL),
	(7116,16,160,52,1,NULL,NULL,NULL),
	(7117,16,375,52,1,NULL,NULL,NULL),
	(7118,16,386,52,0,NULL,NULL,NULL),
	(7125,11,55,52,1,3,5,0),
	(7126,11,325,52,1,NULL,NULL,NULL),
	(7127,11,580,52,1,NULL,NULL,NULL),
	(7128,11,160,52,1,NULL,NULL,NULL),
	(7129,11,375,52,1,NULL,NULL,NULL),
	(7130,11,89,52,1,NULL,NULL,NULL),
	(7131,39,55,52,1,1,3,0),
	(7132,39,291,52,0,NULL,NULL,NULL),
	(7133,39,584,52,0,NULL,NULL,NULL),
	(7134,39,160,52,1,NULL,NULL,NULL),
	(7135,39,375,52,1,NULL,NULL,NULL),
	(7136,39,386,52,0,NULL,NULL,NULL),
	(7137,44,55,52,1,2,2,1),
	(7138,44,325,52,1,NULL,NULL,NULL),
	(7139,44,580,52,1,NULL,NULL,NULL),
	(7140,44,160,52,1,NULL,NULL,NULL),
	(7141,44,375,52,1,NULL,NULL,NULL),
	(7142,44,386,52,0,NULL,NULL,NULL),
	(7143,30,55,52,1,1,3,0),
	(7144,30,325,52,1,NULL,NULL,NULL),
	(7145,30,580,52,1,NULL,NULL,NULL),
	(7146,30,160,52,1,NULL,NULL,NULL),
	(7147,30,375,52,1,NULL,NULL,NULL),
	(7148,30,89,52,1,NULL,NULL,NULL),
	(7149,35,55,52,1,1,2,0),
	(7150,35,325,52,1,NULL,NULL,NULL),
	(7151,35,580,52,1,NULL,NULL,NULL),
	(7152,35,160,52,1,NULL,NULL,NULL),
	(7153,35,375,52,1,NULL,NULL,NULL),
	(7154,35,89,52,1,NULL,NULL,NULL),
	(7155,55,55,52,1,3,5,0),
	(7156,55,325,52,1,NULL,NULL,NULL),
	(7157,55,580,52,1,NULL,NULL,NULL),
	(7158,55,38,52,0,NULL,NULL,NULL),
	(7159,55,389,52,0,NULL,NULL,NULL),
	(7160,55,386,52,0,NULL,NULL,NULL),
	(7161,60,55,52,1,1,2,0),
	(7162,60,325,52,1,NULL,NULL,NULL),
	(7163,60,580,52,1,NULL,NULL,NULL),
	(7164,60,160,52,1,NULL,NULL,NULL),
	(7165,60,389,52,0,NULL,NULL,NULL),
	(7166,60,386,52,0,NULL,NULL,NULL),
	(7173,82,354,52,0,2,2,0),
	(7174,82,291,52,0,NULL,NULL,NULL),
	(7175,82,580,52,1,NULL,NULL,NULL),
	(7176,82,160,52,1,NULL,NULL,NULL),
	(7177,82,375,52,1,NULL,NULL,NULL),
	(7178,82,386,52,0,NULL,NULL,NULL),
	(7185,79,55,52,1,1,3,0),
	(7186,79,325,52,1,NULL,NULL,NULL),
	(7187,79,584,52,0,NULL,NULL,NULL),
	(7188,79,160,52,1,NULL,NULL,NULL),
	(7189,79,389,52,0,NULL,NULL,NULL),
	(7190,79,89,52,1,NULL,NULL,NULL),
	(7191,46,354,52,0,1,2,0),
	(7192,46,325,52,1,NULL,NULL,NULL),
	(7193,46,580,52,1,NULL,NULL,NULL),
	(7194,46,38,52,0,NULL,NULL,NULL),
	(7195,46,389,52,0,NULL,NULL,NULL),
	(7196,46,89,52,1,NULL,NULL,NULL),
	(7197,1,55,52,1,1,3,0),
	(7198,1,325,52,1,NULL,NULL,NULL),
	(7199,1,580,52,1,NULL,NULL,NULL),
	(7200,1,160,52,1,NULL,NULL,NULL),
	(7201,1,375,52,1,NULL,NULL,NULL),
	(7202,1,386,52,0,NULL,NULL,NULL),
	(7203,38,55,52,1,1,3,0),
	(7204,38,325,52,1,NULL,NULL,NULL),
	(7205,38,580,52,1,NULL,NULL,NULL),
	(7206,38,160,52,1,NULL,NULL,NULL),
	(7207,38,375,52,1,NULL,NULL,NULL),
	(7208,38,89,52,1,NULL,NULL,NULL),
	(7209,3,55,52,1,2,2,1),
	(7210,3,325,52,1,NULL,NULL,NULL),
	(7211,3,580,52,1,NULL,NULL,NULL),
	(7212,3,160,52,1,NULL,NULL,NULL),
	(7213,3,375,52,1,NULL,NULL,NULL),
	(7214,3,386,52,0,NULL,NULL,NULL),
	(7215,6,55,52,1,1,1,1),
	(7216,6,325,52,1,NULL,NULL,NULL),
	(7217,6,580,52,1,NULL,NULL,NULL),
	(7218,6,160,52,1,NULL,NULL,NULL),
	(7219,6,375,52,1,NULL,NULL,NULL),
	(7220,6,89,52,1,NULL,NULL,NULL),
	(7221,24,354,52,0,1,2,0),
	(7222,24,325,52,1,NULL,NULL,NULL),
	(7223,24,580,52,1,NULL,NULL,NULL),
	(7224,24,160,52,1,NULL,NULL,NULL),
	(7225,24,375,52,1,NULL,NULL,NULL),
	(7226,24,386,52,0,NULL,NULL,NULL),
	(7227,83,55,52,1,1,3,0),
	(7228,83,325,52,1,NULL,NULL,NULL),
	(7229,83,580,52,1,NULL,NULL,NULL),
	(7230,83,160,52,1,NULL,NULL,NULL),
	(7231,83,375,52,1,NULL,NULL,NULL),
	(7232,83,386,52,0,NULL,NULL,NULL),
	(7233,72,55,52,1,1,3,0),
	(7234,72,291,52,0,NULL,NULL,NULL),
	(7235,72,580,52,1,NULL,NULL,NULL),
	(7236,72,160,52,1,NULL,NULL,NULL),
	(7237,72,389,52,0,NULL,NULL,NULL),
	(7238,72,89,52,1,NULL,NULL,NULL),
	(7239,72,282,53,0,1,3,0),
	(7240,72,186,53,0,NULL,NULL,NULL),
	(7241,72,585,53,1,NULL,NULL,NULL),
	(7242,72,46,53,1,NULL,NULL,NULL),
	(7243,3,282,53,0,1,2,0),
	(7244,3,186,53,0,NULL,NULL,NULL),
	(7245,3,585,53,1,NULL,NULL,NULL),
	(7246,3,87,53,0,NULL,NULL,NULL),
	(7247,11,282,53,0,1,2,0),
	(7248,11,91,53,1,NULL,NULL,NULL),
	(7249,11,585,53,1,NULL,NULL,NULL),
	(7250,11,87,53,0,NULL,NULL,NULL),
	(7251,1,282,53,0,1,4,0),
	(7252,1,91,53,1,NULL,NULL,NULL),
	(7253,1,585,53,1,NULL,NULL,NULL),
	(7254,1,46,53,1,NULL,NULL,NULL),
	(7255,44,282,53,0,1,2,0),
	(7256,44,91,53,1,NULL,NULL,NULL),
	(7257,44,585,53,1,NULL,NULL,NULL),
	(7258,44,87,53,0,NULL,NULL,NULL),
	(7259,30,177,53,1,1,5,1),
	(7260,30,91,53,1,NULL,NULL,NULL),
	(7261,30,585,53,1,NULL,NULL,NULL),
	(7262,30,87,53,0,NULL,NULL,NULL),
	(7263,60,282,53,0,1,1,0),
	(7264,60,91,53,1,NULL,NULL,NULL),
	(7265,60,585,53,1,NULL,NULL,NULL),
	(7266,60,46,53,1,NULL,NULL,NULL),
	(7267,55,282,53,0,1,2,0),
	(7268,55,91,53,1,NULL,NULL,NULL),
	(7269,55,515,53,0,NULL,NULL,NULL),
	(7270,55,46,53,1,NULL,NULL,NULL),
	(7271,38,177,53,1,1,3,0),
	(7272,38,91,53,1,NULL,NULL,NULL),
	(7273,38,585,53,1,NULL,NULL,NULL),
	(7274,38,87,53,0,NULL,NULL,NULL),
	(7275,79,282,53,0,1,2,0),
	(7276,79,186,53,0,NULL,NULL,NULL),
	(7277,79,585,53,1,NULL,NULL,NULL),
	(7278,79,87,53,0,NULL,NULL,NULL),
	(7279,46,177,53,1,1,2,0),
	(7280,46,186,53,0,NULL,NULL,NULL),
	(7281,46,585,53,1,NULL,NULL,NULL),
	(7282,46,87,53,0,NULL,NULL,NULL),
	(7283,16,282,53,0,1,2,0),
	(7284,16,91,53,1,NULL,NULL,NULL),
	(7285,16,585,53,1,NULL,NULL,NULL),
	(7286,16,87,53,0,NULL,NULL,NULL),
	(7287,6,282,53,0,1,1,0),
	(7288,6,91,53,1,NULL,NULL,NULL),
	(7289,6,585,53,1,NULL,NULL,NULL),
	(7290,6,87,53,0,NULL,NULL,NULL),
	(7291,35,282,53,0,1,1,0),
	(7292,35,91,53,1,NULL,NULL,NULL),
	(7293,35,515,53,0,NULL,NULL,NULL),
	(7294,35,46,53,1,NULL,NULL,NULL),
	(7295,59,282,53,0,2,3,0),
	(7296,59,91,53,1,NULL,NULL,NULL),
	(7297,59,515,53,0,NULL,NULL,NULL),
	(7298,59,87,53,0,NULL,NULL,NULL),
	(7299,7,282,53,0,3,5,0),
	(7300,7,91,53,1,NULL,NULL,NULL),
	(7301,7,585,53,1,NULL,NULL,NULL),
	(7302,7,87,53,0,NULL,NULL,NULL),
	(7303,39,282,53,0,1,3,0),
	(7304,39,91,53,1,NULL,NULL,NULL),
	(7305,39,585,53,1,NULL,NULL,NULL),
	(7306,39,87,53,0,NULL,NULL,NULL),
	(7311,24,282,53,0,3,5,0),
	(7312,24,91,53,1,NULL,NULL,NULL),
	(7313,24,585,53,1,NULL,NULL,NULL),
	(7314,24,46,53,1,NULL,NULL,NULL),
	(7315,82,282,53,0,2,2,0),
	(7316,82,91,53,1,NULL,NULL,NULL),
	(7317,82,515,53,0,NULL,NULL,NULL),
	(7318,82,87,53,0,NULL,NULL,NULL),
	(7319,83,282,53,0,3,5,0),
	(7320,83,91,53,1,NULL,NULL,NULL),
	(7321,83,585,53,1,NULL,NULL,NULL),
	(7322,83,87,53,0,NULL,NULL,NULL),
	(7328,11,154,54,0,1,2,0),
	(7329,11,343,54,0,NULL,NULL,NULL),
	(7330,11,229,54,1,NULL,NULL,NULL),
	(7331,11,378,54,1,NULL,NULL,NULL),
	(7332,11,227,54,1,NULL,NULL,NULL),
	(7333,79,154,54,0,1,1,0),
	(7334,79,343,54,0,NULL,NULL,NULL),
	(7335,79,229,54,1,NULL,NULL,NULL),
	(7336,79,378,54,1,NULL,NULL,NULL),
	(7337,79,227,54,1,NULL,NULL,NULL),
	(7338,24,154,54,0,1,2,0),
	(7339,24,343,54,0,NULL,NULL,NULL),
	(7340,24,229,54,1,NULL,NULL,NULL),
	(7341,24,378,54,1,NULL,NULL,NULL),
	(7342,24,227,54,1,NULL,NULL,NULL),
	(7343,35,154,54,0,1,1,0),
	(7344,35,343,54,0,NULL,NULL,NULL),
	(7345,35,229,54,1,NULL,NULL,NULL),
	(7346,35,489,54,0,NULL,NULL,NULL),
	(7347,35,227,54,1,NULL,NULL,NULL),
	(7348,30,154,54,0,1,2,0),
	(7349,30,343,54,0,NULL,NULL,NULL),
	(7350,30,229,54,1,NULL,NULL,NULL),
	(7351,30,378,54,1,NULL,NULL,NULL),
	(7352,30,565,54,0,NULL,NULL,NULL),
	(7353,55,270,54,1,1,3,0),
	(7354,55,343,54,0,NULL,NULL,NULL),
	(7355,55,18,54,0,NULL,NULL,NULL),
	(7356,55,489,54,0,NULL,NULL,NULL),
	(7357,55,227,54,1,NULL,NULL,NULL),
	(7368,60,154,54,0,1,2,0),
	(7369,60,343,54,0,NULL,NULL,NULL),
	(7370,60,229,54,1,NULL,NULL,NULL),
	(7371,60,378,54,1,NULL,NULL,NULL),
	(7372,60,227,54,1,NULL,NULL,NULL),
	(7373,1,154,54,0,1,1,0),
	(7374,1,343,54,0,NULL,NULL,NULL),
	(7375,1,18,54,0,NULL,NULL,NULL),
	(7376,1,378,54,1,NULL,NULL,NULL),
	(7377,1,227,54,1,NULL,NULL,NULL),
	(7378,59,270,54,1,1,3,0),
	(7379,59,343,54,0,NULL,NULL,NULL),
	(7380,59,18,54,0,NULL,NULL,NULL),
	(7381,59,378,54,1,NULL,NULL,NULL),
	(7382,59,227,54,1,NULL,NULL,NULL),
	(7383,44,270,54,1,2,2,2),
	(7384,44,343,54,0,NULL,NULL,NULL),
	(7385,44,229,54,1,NULL,NULL,NULL),
	(7386,44,378,54,1,NULL,NULL,NULL),
	(7387,44,227,54,1,NULL,NULL,NULL),
	(7388,46,154,54,0,1,2,0),
	(7389,46,343,54,0,NULL,NULL,NULL),
	(7390,46,229,54,1,NULL,NULL,NULL),
	(7391,46,378,54,1,NULL,NULL,NULL),
	(7392,46,227,54,1,NULL,NULL,NULL),
	(7393,16,154,54,0,1,1,0),
	(7394,16,343,54,0,NULL,NULL,NULL),
	(7395,16,229,54,1,NULL,NULL,NULL),
	(7396,16,378,54,1,NULL,NULL,NULL),
	(7397,16,227,54,1,NULL,NULL,NULL),
	(7403,82,154,54,0,1,2,0),
	(7404,82,343,54,0,NULL,NULL,NULL),
	(7405,82,18,54,0,NULL,NULL,NULL),
	(7406,82,378,54,1,NULL,NULL,NULL),
	(7407,82,565,54,0,NULL,NULL,NULL),
	(7413,3,154,54,0,1,2,0),
	(7414,3,343,54,0,NULL,NULL,NULL),
	(7415,3,229,54,1,NULL,NULL,NULL),
	(7416,3,378,54,1,NULL,NULL,NULL),
	(7417,3,565,54,0,NULL,NULL,NULL),
	(7423,6,154,54,0,3,5,0),
	(7424,6,343,54,0,NULL,NULL,NULL),
	(7425,6,229,54,1,NULL,NULL,NULL),
	(7426,6,378,54,1,NULL,NULL,NULL),
	(7427,6,227,54,1,NULL,NULL,NULL),
	(7428,38,154,54,0,1,3,0),
	(7429,38,53,54,1,NULL,NULL,NULL),
	(7430,38,229,54,1,NULL,NULL,NULL),
	(7431,38,378,54,1,NULL,NULL,NULL),
	(7432,38,227,54,1,NULL,NULL,NULL),
	(7438,39,154,54,0,1,1,0),
	(7439,39,343,54,0,NULL,NULL,NULL),
	(7440,39,229,54,1,NULL,NULL,NULL),
	(7441,39,489,54,0,NULL,NULL,NULL),
	(7442,39,227,54,1,NULL,NULL,NULL),
	(7443,72,154,54,0,1,2,0),
	(7444,72,343,54,0,NULL,NULL,NULL),
	(7445,72,229,54,1,NULL,NULL,NULL),
	(7446,72,378,54,1,NULL,NULL,NULL),
	(7447,72,227,54,1,NULL,NULL,NULL),
	(7458,83,154,54,0,1,3,0),
	(7459,83,343,54,0,NULL,NULL,NULL),
	(7460,83,18,54,0,NULL,NULL,NULL),
	(7461,83,378,54,1,NULL,NULL,NULL),
	(7462,83,227,54,1,NULL,NULL,NULL),
	(7463,7,154,54,0,1,1,0),
	(7464,7,53,54,1,NULL,NULL,NULL),
	(7465,7,18,54,0,NULL,NULL,NULL),
	(7466,7,378,54,1,NULL,NULL,NULL),
	(7467,7,565,54,0,NULL,NULL,NULL),
	(7498,6,214,55,1,3,5,0),
	(7499,6,75,55,1,NULL,NULL,NULL),
	(7500,6,397,55,1,NULL,NULL,NULL),
	(7501,6,272,55,0,NULL,NULL,NULL),
	(7502,6,117,55,0,NULL,NULL,NULL),
	(7503,6,591,55,0,NULL,NULL,NULL),
	(7504,72,290,55,0,2,2,0),
	(7505,72,8,55,0,NULL,NULL,NULL),
	(7506,72,397,55,1,NULL,NULL,NULL),
	(7507,72,272,55,0,NULL,NULL,NULL),
	(7508,72,117,55,0,NULL,NULL,NULL),
	(7509,72,401,55,1,NULL,NULL,NULL),
	(7510,44,214,55,1,1,3,1),
	(7511,44,75,55,1,NULL,NULL,NULL),
	(7512,44,397,55,1,NULL,NULL,NULL),
	(7513,44,272,55,0,NULL,NULL,NULL),
	(7514,44,385,55,1,NULL,NULL,NULL),
	(7515,44,591,55,0,NULL,NULL,NULL),
	(7516,35,214,55,1,1,1,2),
	(7517,35,8,55,0,NULL,NULL,NULL),
	(7518,35,397,55,1,NULL,NULL,NULL),
	(7519,35,272,55,0,NULL,NULL,NULL),
	(7520,35,117,55,0,NULL,NULL,NULL),
	(7521,35,401,55,1,NULL,NULL,NULL),
	(7528,16,290,55,0,2,1,0),
	(7529,16,8,55,0,NULL,NULL,NULL),
	(7530,16,397,55,1,NULL,NULL,NULL),
	(7531,16,328,55,1,NULL,NULL,NULL),
	(7532,16,117,55,0,NULL,NULL,NULL),
	(7533,16,591,55,0,NULL,NULL,NULL),
	(7534,1,290,55,0,1,2,0),
	(7535,1,8,55,0,NULL,NULL,NULL),
	(7536,1,397,55,1,NULL,NULL,NULL),
	(7537,1,328,55,1,NULL,NULL,NULL),
	(7538,1,117,55,0,NULL,NULL,NULL),
	(7539,1,401,55,1,NULL,NULL,NULL),
	(7546,3,290,55,0,1,1,0),
	(7547,3,75,55,1,NULL,NULL,NULL),
	(7548,3,397,55,1,NULL,NULL,NULL),
	(7549,3,272,55,0,NULL,NULL,NULL),
	(7550,3,385,55,1,NULL,NULL,NULL),
	(7551,3,401,55,1,NULL,NULL,NULL),
	(7552,46,290,55,0,1,2,0),
	(7553,46,8,55,0,NULL,NULL,NULL),
	(7554,46,438,55,0,NULL,NULL,NULL),
	(7555,46,272,55,0,NULL,NULL,NULL),
	(7556,46,117,55,0,NULL,NULL,NULL),
	(7557,46,401,55,1,NULL,NULL,NULL),
	(7558,38,214,55,1,1,1,2),
	(7559,38,75,55,1,NULL,NULL,NULL),
	(7560,38,438,55,0,NULL,NULL,NULL),
	(7561,38,328,55,1,NULL,NULL,NULL),
	(7562,38,117,55,0,NULL,NULL,NULL),
	(7563,38,591,55,0,NULL,NULL,NULL),
	(7564,24,214,55,1,1,1,2),
	(7565,24,75,55,1,NULL,NULL,NULL),
	(7566,24,438,55,0,NULL,NULL,NULL),
	(7567,24,272,55,0,NULL,NULL,NULL),
	(7568,24,117,55,0,NULL,NULL,NULL),
	(7569,24,591,55,0,NULL,NULL,NULL),
	(7570,55,290,55,0,1,1,0),
	(7571,55,75,55,1,NULL,NULL,NULL),
	(7572,55,438,55,0,NULL,NULL,NULL),
	(7573,55,272,55,0,NULL,NULL,NULL),
	(7574,55,385,55,1,NULL,NULL,NULL),
	(7575,55,401,55,1,NULL,NULL,NULL),
	(7576,11,214,55,1,1,2,1),
	(7577,11,75,55,1,NULL,NULL,NULL),
	(7578,11,438,55,0,NULL,NULL,NULL),
	(7579,11,328,55,1,NULL,NULL,NULL),
	(7580,11,117,55,0,NULL,NULL,NULL),
	(7581,11,401,55,1,NULL,NULL,NULL),
	(7582,60,214,55,1,1,1,2),
	(7583,60,75,55,1,NULL,NULL,NULL),
	(7584,60,397,55,1,NULL,NULL,NULL),
	(7585,60,272,55,0,NULL,NULL,NULL),
	(7586,60,117,55,0,NULL,NULL,NULL),
	(7587,60,401,55,1,NULL,NULL,NULL),
	(7588,79,214,55,1,3,5,0),
	(7589,79,8,55,0,NULL,NULL,NULL),
	(7590,79,397,55,1,NULL,NULL,NULL),
	(7591,79,272,55,0,NULL,NULL,NULL),
	(7592,79,117,55,0,NULL,NULL,NULL),
	(7593,79,401,55,1,NULL,NULL,NULL),
	(7594,7,214,55,1,1,2,1),
	(7595,7,75,55,1,NULL,NULL,NULL),
	(7596,7,438,55,0,NULL,NULL,NULL),
	(7597,7,272,55,0,NULL,NULL,NULL),
	(7598,7,117,55,0,NULL,NULL,NULL),
	(7599,7,591,55,0,NULL,NULL,NULL),
	(7600,82,214,55,1,1,1,2),
	(7601,82,8,55,0,NULL,NULL,NULL),
	(7602,82,397,55,1,NULL,NULL,NULL),
	(7603,82,328,55,1,NULL,NULL,NULL),
	(7604,82,117,55,0,NULL,NULL,NULL),
	(7605,82,591,55,0,NULL,NULL,NULL),
	(7606,30,214,55,1,1,2,1),
	(7607,30,8,55,0,NULL,NULL,NULL),
	(7608,30,397,55,1,NULL,NULL,NULL),
	(7609,30,272,55,0,NULL,NULL,NULL),
	(7610,30,117,55,0,NULL,NULL,NULL),
	(7611,30,401,55,1,NULL,NULL,NULL),
	(7612,83,214,55,1,1,5,1),
	(7613,83,8,55,0,NULL,NULL,NULL),
	(7614,83,397,55,1,NULL,NULL,NULL),
	(7615,83,272,55,0,NULL,NULL,NULL),
	(7616,83,117,55,0,NULL,NULL,NULL),
	(7617,83,401,55,1,NULL,NULL,NULL),
	(7624,39,290,55,0,2,1,0),
	(7625,39,75,55,1,NULL,NULL,NULL),
	(7626,39,438,55,0,NULL,NULL,NULL),
	(7627,39,328,55,1,NULL,NULL,NULL),
	(7628,39,385,55,1,NULL,NULL,NULL),
	(7629,39,401,55,1,NULL,NULL,NULL),
	(7630,44,200,56,0,1,2,0),
	(7631,44,201,56,1,NULL,NULL,NULL),
	(7632,44,594,56,0,NULL,NULL,NULL),
	(7633,44,595,56,0,NULL,NULL,NULL),
	(7634,44,230,56,1,NULL,NULL,NULL),
	(7635,44,598,56,0,NULL,NULL,NULL),
	(7636,72,200,56,0,1,3,0),
	(7637,72,201,56,1,NULL,NULL,NULL),
	(7638,72,593,56,1,NULL,NULL,NULL),
	(7639,72,595,56,0,NULL,NULL,NULL),
	(7640,72,230,56,1,NULL,NULL,NULL),
	(7641,72,371,56,1,NULL,NULL,NULL),
	(7642,30,596,56,1,3,5,1),
	(7643,30,271,56,0,NULL,NULL,NULL),
	(7644,30,593,56,1,NULL,NULL,NULL),
	(7645,30,595,56,0,NULL,NULL,NULL),
	(7646,30,230,56,1,NULL,NULL,NULL),
	(7647,30,371,56,1,NULL,NULL,NULL),
	(7648,35,596,56,1,1,2,0),
	(7649,35,271,56,0,NULL,NULL,NULL),
	(7650,35,593,56,1,NULL,NULL,NULL),
	(7651,35,595,56,0,NULL,NULL,NULL),
	(7652,35,597,56,0,NULL,NULL,NULL),
	(7653,35,598,56,0,NULL,NULL,NULL),
	(7654,55,596,56,1,3,5,1),
	(7655,55,201,56,1,NULL,NULL,NULL),
	(7656,55,593,56,1,NULL,NULL,NULL),
	(7657,55,505,56,1,NULL,NULL,NULL),
	(7658,55,597,56,0,NULL,NULL,NULL),
	(7659,55,371,56,1,NULL,NULL,NULL),
	(7660,11,200,56,0,1,2,0),
	(7661,11,271,56,0,NULL,NULL,NULL),
	(7662,11,593,56,1,NULL,NULL,NULL),
	(7663,11,505,56,1,NULL,NULL,NULL),
	(7664,11,597,56,0,NULL,NULL,NULL),
	(7665,11,371,56,1,NULL,NULL,NULL),
	(7666,1,200,56,0,1,1,0),
	(7667,1,201,56,1,NULL,NULL,NULL),
	(7668,1,593,56,1,NULL,NULL,NULL),
	(7669,1,505,56,1,NULL,NULL,NULL),
	(7670,1,230,56,1,NULL,NULL,NULL),
	(7671,1,371,56,1,NULL,NULL,NULL),
	(7672,60,596,56,1,1,2,0),
	(7673,60,201,56,1,NULL,NULL,NULL),
	(7674,60,593,56,1,NULL,NULL,NULL),
	(7675,60,595,56,0,NULL,NULL,NULL),
	(7676,60,230,56,1,NULL,NULL,NULL),
	(7677,60,371,56,1,NULL,NULL,NULL),
	(7678,59,596,56,1,1,3,0),
	(7679,59,201,56,1,NULL,NULL,NULL),
	(7680,59,594,56,0,NULL,NULL,NULL),
	(7681,59,505,56,1,NULL,NULL,NULL),
	(7682,59,597,56,0,NULL,NULL,NULL),
	(7683,59,371,56,1,NULL,NULL,NULL),
	(7684,79,596,56,1,1,4,0),
	(7685,79,271,56,0,NULL,NULL,NULL),
	(7686,79,593,56,1,NULL,NULL,NULL),
	(7687,79,595,56,0,NULL,NULL,NULL),
	(7688,79,597,56,0,NULL,NULL,NULL),
	(7689,79,598,56,0,NULL,NULL,NULL),
	(7696,6,596,56,1,1,1,0),
	(7697,6,201,56,1,NULL,NULL,NULL),
	(7698,6,594,56,0,NULL,NULL,NULL),
	(7699,6,595,56,0,NULL,NULL,NULL),
	(7700,6,230,56,1,NULL,NULL,NULL),
	(7701,6,371,56,1,NULL,NULL,NULL),
	(7702,38,200,56,0,3,5,0),
	(7703,38,201,56,1,NULL,NULL,NULL),
	(7704,38,594,56,0,NULL,NULL,NULL),
	(7705,38,595,56,0,NULL,NULL,NULL),
	(7706,38,230,56,1,NULL,NULL,NULL),
	(7707,38,371,56,1,NULL,NULL,NULL),
	(7708,7,200,56,0,1,3,0),
	(7709,7,271,56,0,NULL,NULL,NULL),
	(7710,7,593,56,1,NULL,NULL,NULL),
	(7711,7,505,56,1,NULL,NULL,NULL),
	(7712,7,230,56,1,NULL,NULL,NULL),
	(7713,7,598,56,0,NULL,NULL,NULL),
	(7714,46,200,56,0,1,2,0),
	(7715,46,201,56,1,NULL,NULL,NULL),
	(7716,46,594,56,0,NULL,NULL,NULL),
	(7717,46,595,56,0,NULL,NULL,NULL),
	(7718,46,230,56,1,NULL,NULL,NULL),
	(7719,46,598,56,0,NULL,NULL,NULL),
	(7720,39,596,56,1,1,2,0),
	(7721,39,201,56,1,NULL,NULL,NULL),
	(7722,39,594,56,0,NULL,NULL,NULL),
	(7723,39,595,56,0,NULL,NULL,NULL),
	(7724,39,230,56,1,NULL,NULL,NULL),
	(7725,39,371,56,1,NULL,NULL,NULL),
	(7732,3,200,56,0,1,1,0),
	(7733,3,201,56,1,NULL,NULL,NULL),
	(7734,3,593,56,1,NULL,NULL,NULL),
	(7735,3,595,56,0,NULL,NULL,NULL),
	(7736,3,230,56,1,NULL,NULL,NULL),
	(7737,3,371,56,1,NULL,NULL,NULL),
	(7738,82,596,56,1,1,2,0),
	(7739,82,201,56,1,NULL,NULL,NULL),
	(7740,82,594,56,0,NULL,NULL,NULL),
	(7741,82,505,56,1,NULL,NULL,NULL),
	(7742,82,230,56,1,NULL,NULL,NULL),
	(7743,82,371,56,1,NULL,NULL,NULL),
	(7744,24,596,56,1,1,4,0),
	(7745,24,201,56,1,NULL,NULL,NULL),
	(7746,24,594,56,0,NULL,NULL,NULL),
	(7747,24,595,56,0,NULL,NULL,NULL),
	(7748,24,230,56,1,NULL,NULL,NULL),
	(7749,24,371,56,1,NULL,NULL,NULL),
	(7750,83,200,56,0,1,4,0),
	(7751,83,201,56,1,NULL,NULL,NULL),
	(7752,83,594,56,0,NULL,NULL,NULL),
	(7753,83,505,56,1,NULL,NULL,NULL),
	(7754,83,597,56,0,NULL,NULL,NULL),
	(7755,83,371,56,1,NULL,NULL,NULL),
	(7776,7,60,57,1,1,3,1),
	(7777,7,419,57,1,NULL,NULL,NULL),
	(7778,7,301,57,1,NULL,NULL,NULL),
	(7779,7,130,57,0,NULL,NULL,NULL),
	(7784,16,60,57,1,1,1,2),
	(7785,16,419,57,1,NULL,NULL,NULL),
	(7786,16,301,57,1,NULL,NULL,NULL),
	(7787,16,124,57,1,NULL,NULL,NULL),
	(7788,44,518,57,0,3,5,0),
	(7789,44,419,57,1,NULL,NULL,NULL),
	(7790,44,301,57,1,NULL,NULL,NULL),
	(7791,44,124,57,1,NULL,NULL,NULL),
	(7792,59,60,57,1,3,5,0),
	(7793,59,419,57,1,NULL,NULL,NULL),
	(7794,59,301,57,1,NULL,NULL,NULL),
	(7795,59,124,57,1,NULL,NULL,NULL),
	(7796,1,518,57,0,3,5,0),
	(7797,1,419,57,1,NULL,NULL,NULL),
	(7798,1,301,57,1,NULL,NULL,NULL),
	(7799,1,124,57,1,NULL,NULL,NULL),
	(7808,3,60,57,1,1,2,1),
	(7809,3,436,57,0,NULL,NULL,NULL),
	(7810,3,301,57,1,NULL,NULL,NULL),
	(7811,3,124,57,1,NULL,NULL,NULL),
	(7812,46,60,57,1,1,2,1),
	(7813,46,436,57,0,NULL,NULL,NULL),
	(7814,46,301,57,1,NULL,NULL,NULL),
	(7815,46,130,57,0,NULL,NULL,NULL),
	(7820,72,60,57,1,1,3,1),
	(7821,72,419,57,1,NULL,NULL,NULL),
	(7822,72,301,57,1,NULL,NULL,NULL),
	(7823,72,124,57,1,NULL,NULL,NULL),
	(7824,82,60,57,1,1,3,1),
	(7825,82,419,57,1,NULL,NULL,NULL),
	(7826,82,301,57,1,NULL,NULL,NULL),
	(7827,82,124,57,1,NULL,NULL,NULL),
	(7864,60,60,57,1,1,2,1),
	(7865,60,419,57,1,NULL,NULL,NULL),
	(7866,60,301,57,1,NULL,NULL,NULL),
	(7867,60,130,57,0,NULL,NULL,NULL),
	(7868,83,518,57,0,3,5,0),
	(7869,83,419,57,1,NULL,NULL,NULL),
	(7870,83,301,57,1,NULL,NULL,NULL),
	(7871,83,124,57,1,NULL,NULL,NULL),
	(7880,6,60,57,1,3,5,0),
	(7881,6,419,57,1,NULL,NULL,NULL),
	(7882,6,301,57,1,NULL,NULL,NULL),
	(7883,6,124,57,1,NULL,NULL,NULL),
	(7884,35,518,57,0,3,5,0),
	(7885,35,419,57,1,NULL,NULL,NULL),
	(7886,35,301,57,1,NULL,NULL,NULL),
	(7887,35,124,57,1,NULL,NULL,NULL),
	(7892,38,60,57,1,3,5,0),
	(7893,38,419,57,1,NULL,NULL,NULL),
	(7894,38,301,57,1,NULL,NULL,NULL),
	(7895,38,124,57,1,NULL,NULL,NULL),
	(7896,30,60,57,1,3,5,0),
	(7897,30,419,57,1,NULL,NULL,NULL),
	(7898,30,301,57,1,NULL,NULL,NULL),
	(7899,30,124,57,1,NULL,NULL,NULL),
	(7900,11,60,57,1,3,5,0),
	(7901,11,419,57,1,NULL,NULL,NULL),
	(7902,11,301,57,1,NULL,NULL,NULL),
	(7903,11,124,57,1,NULL,NULL,NULL),
	(7904,79,518,57,0,1,3,0),
	(7905,79,419,57,1,NULL,NULL,NULL),
	(7906,79,601,57,0,NULL,NULL,NULL),
	(7907,79,124,57,1,NULL,NULL,NULL),
	(7908,55,60,57,1,1,2,1),
	(7909,55,419,57,1,NULL,NULL,NULL),
	(7910,55,301,57,1,NULL,NULL,NULL),
	(7911,55,124,57,1,NULL,NULL,NULL),
	(7920,24,60,57,1,1,2,1),
	(7921,24,436,57,0,NULL,NULL,NULL),
	(7922,24,301,57,1,NULL,NULL,NULL),
	(7923,24,124,57,1,NULL,NULL,NULL),
	(7924,39,60,57,1,1,2,1),
	(7925,39,419,57,1,NULL,NULL,NULL),
	(7926,39,301,57,1,NULL,NULL,NULL),
	(7927,39,124,57,1,NULL,NULL,NULL),
	(7953,11,59,58,1,1,2,0),
	(7954,11,108,58,1,NULL,NULL,NULL),
	(7955,11,264,58,0,NULL,NULL,NULL),
	(7956,11,122,58,1,NULL,NULL,NULL),
	(7957,11,435,58,1,NULL,NULL,NULL),
	(7958,72,59,58,1,1,2,0),
	(7959,72,108,58,1,NULL,NULL,NULL),
	(7960,72,56,58,1,NULL,NULL,NULL),
	(7961,72,122,58,1,NULL,NULL,NULL),
	(7962,72,68,58,0,NULL,NULL,NULL),
	(7963,16,59,58,1,1,1,0),
	(7964,16,108,58,1,NULL,NULL,NULL),
	(7965,16,264,58,0,NULL,NULL,NULL),
	(7966,16,122,58,1,NULL,NULL,NULL),
	(7967,16,435,58,1,NULL,NULL,NULL),
	(7968,44,59,58,1,1,1,0),
	(7969,44,345,58,0,NULL,NULL,NULL),
	(7970,44,264,58,0,NULL,NULL,NULL),
	(7971,44,122,58,1,NULL,NULL,NULL),
	(7972,44,435,58,1,NULL,NULL,NULL),
	(7973,55,59,58,1,1,1,0),
	(7974,55,108,58,1,NULL,NULL,NULL),
	(7975,55,264,58,0,NULL,NULL,NULL),
	(7976,55,122,58,1,NULL,NULL,NULL),
	(7977,55,68,58,0,NULL,NULL,NULL),
	(7988,6,59,58,1,1,1,0),
	(7989,6,108,58,1,NULL,NULL,NULL),
	(7990,6,264,58,0,NULL,NULL,NULL),
	(7991,6,122,58,1,NULL,NULL,NULL),
	(7992,6,435,58,1,NULL,NULL,NULL),
	(7993,1,59,58,1,1,2,0),
	(7994,1,108,58,1,NULL,NULL,NULL),
	(7995,1,264,58,0,NULL,NULL,NULL),
	(7996,1,122,58,1,NULL,NULL,NULL),
	(7997,1,435,58,1,NULL,NULL,NULL),
	(7998,46,59,58,1,3,5,1),
	(7999,46,108,58,1,NULL,NULL,NULL),
	(8000,46,56,58,1,NULL,NULL,NULL),
	(8001,46,122,58,1,NULL,NULL,NULL),
	(8002,46,435,58,1,NULL,NULL,NULL),
	(8003,38,59,58,1,2,2,0),
	(8004,38,108,58,1,NULL,NULL,NULL),
	(8005,38,264,58,0,NULL,NULL,NULL),
	(8006,38,122,58,1,NULL,NULL,NULL),
	(8007,38,68,58,0,NULL,NULL,NULL),
	(8008,83,59,58,1,1,3,0),
	(8009,83,108,58,1,NULL,NULL,NULL),
	(8010,83,56,58,1,NULL,NULL,NULL),
	(8011,83,122,58,1,NULL,NULL,NULL),
	(8012,83,435,58,1,NULL,NULL,NULL),
	(8013,35,59,58,1,1,1,0),
	(8014,35,108,58,1,NULL,NULL,NULL),
	(8015,35,56,58,1,NULL,NULL,NULL),
	(8016,35,288,58,0,NULL,NULL,NULL),
	(8017,35,435,58,1,NULL,NULL,NULL),
	(8018,30,59,58,1,3,5,1),
	(8019,30,108,58,1,NULL,NULL,NULL),
	(8020,30,264,58,0,NULL,NULL,NULL),
	(8021,30,122,58,1,NULL,NULL,NULL),
	(8022,30,435,58,1,NULL,NULL,NULL),
	(8063,7,59,58,1,2,2,0),
	(8064,7,108,58,1,NULL,NULL,NULL),
	(8065,7,56,58,1,NULL,NULL,NULL),
	(8066,7,122,58,1,NULL,NULL,NULL),
	(8067,7,435,58,1,NULL,NULL,NULL),
	(8068,59,59,58,1,1,2,0),
	(8069,59,345,58,0,NULL,NULL,NULL),
	(8070,59,264,58,0,NULL,NULL,NULL),
	(8071,59,122,58,1,NULL,NULL,NULL),
	(8072,59,435,58,1,NULL,NULL,NULL),
	(8073,79,59,58,1,1,2,0),
	(8074,79,108,58,1,NULL,NULL,NULL),
	(8075,79,264,58,0,NULL,NULL,NULL),
	(8076,79,122,58,1,NULL,NULL,NULL),
	(8077,79,435,58,1,NULL,NULL,NULL),
	(8078,82,59,58,1,1,2,0),
	(8079,82,108,58,1,NULL,NULL,NULL),
	(8080,82,264,58,0,NULL,NULL,NULL),
	(8081,82,288,58,0,NULL,NULL,NULL),
	(8082,82,435,58,1,NULL,NULL,NULL),
	(8088,3,59,58,1,2,2,0),
	(8089,3,108,58,1,NULL,NULL,NULL),
	(8090,3,56,58,1,NULL,NULL,NULL),
	(8091,3,122,58,1,NULL,NULL,NULL),
	(8092,3,435,58,1,NULL,NULL,NULL),
	(8093,60,59,58,1,1,3,0),
	(8094,60,108,58,1,NULL,NULL,NULL),
	(8095,60,264,58,0,NULL,NULL,NULL),
	(8096,60,122,58,1,NULL,NULL,NULL),
	(8097,60,68,58,0,NULL,NULL,NULL),
	(8098,24,59,58,1,2,3,0),
	(8099,24,108,58,1,NULL,NULL,NULL),
	(8100,24,264,58,0,NULL,NULL,NULL),
	(8101,24,122,58,1,NULL,NULL,NULL),
	(8102,24,435,58,1,NULL,NULL,NULL),
	(8103,39,59,58,1,2,3,0),
	(8104,39,108,58,1,NULL,NULL,NULL),
	(8105,39,264,58,0,NULL,NULL,NULL),
	(8106,39,122,58,1,NULL,NULL,NULL),
	(8107,39,68,58,0,NULL,NULL,NULL),
	(8108,16,113,59,0,1,1,0),
	(8109,16,139,59,1,NULL,NULL,NULL),
	(8110,16,317,59,0,NULL,NULL,NULL),
	(8111,16,349,59,1,NULL,NULL,NULL),
	(8112,16,10,59,1,NULL,NULL,NULL),
	(8113,16,568,59,1,NULL,NULL,NULL),
	(8114,6,199,59,1,1,1,1),
	(8115,6,139,59,1,NULL,NULL,NULL),
	(8116,6,317,59,0,NULL,NULL,NULL),
	(8117,6,349,59,1,NULL,NULL,NULL),
	(8118,6,10,59,1,NULL,NULL,NULL),
	(8119,6,568,59,1,NULL,NULL,NULL),
	(8120,7,199,59,1,1,1,1),
	(8121,7,206,59,0,NULL,NULL,NULL),
	(8122,7,48,59,1,NULL,NULL,NULL),
	(8123,7,349,59,1,NULL,NULL,NULL),
	(8124,7,10,59,1,NULL,NULL,NULL),
	(8125,7,568,59,1,NULL,NULL,NULL),
	(8126,11,199,59,1,1,2,2),
	(8127,11,206,59,0,NULL,NULL,NULL),
	(8128,11,317,59,0,NULL,NULL,NULL),
	(8129,11,349,59,1,NULL,NULL,NULL),
	(8130,11,10,59,1,NULL,NULL,NULL),
	(8131,11,568,59,1,NULL,NULL,NULL),
	(8132,44,199,59,1,1,2,2),
	(8133,44,139,59,1,NULL,NULL,NULL),
	(8134,44,317,59,0,NULL,NULL,NULL),
	(8135,44,607,59,0,NULL,NULL,NULL),
	(8136,44,10,59,1,NULL,NULL,NULL),
	(8137,44,568,59,1,NULL,NULL,NULL),
	(8144,72,113,59,0,1,2,0),
	(8145,72,206,59,0,NULL,NULL,NULL),
	(8146,72,48,59,1,NULL,NULL,NULL),
	(8147,72,607,59,0,NULL,NULL,NULL),
	(8148,72,10,59,1,NULL,NULL,NULL),
	(8149,72,568,59,1,NULL,NULL,NULL),
	(8150,59,199,59,1,1,1,1),
	(8151,59,206,59,0,NULL,NULL,NULL),
	(8152,59,317,59,0,NULL,NULL,NULL),
	(8153,59,607,59,0,NULL,NULL,NULL),
	(8154,59,10,59,1,NULL,NULL,NULL),
	(8155,59,603,59,0,NULL,NULL,NULL),
	(8156,46,199,59,1,1,1,1),
	(8157,46,139,59,1,NULL,NULL,NULL),
	(8158,46,317,59,0,NULL,NULL,NULL),
	(8159,46,607,59,0,NULL,NULL,NULL),
	(8160,46,10,59,1,NULL,NULL,NULL),
	(8161,46,568,59,1,NULL,NULL,NULL),
	(8162,3,199,59,1,1,1,1),
	(8163,3,206,59,0,NULL,NULL,NULL),
	(8164,3,317,59,0,NULL,NULL,NULL),
	(8165,3,349,59,1,NULL,NULL,NULL),
	(8166,3,10,59,1,NULL,NULL,NULL),
	(8167,3,568,59,1,NULL,NULL,NULL),
	(8168,1,199,59,1,1,3,1),
	(8169,1,206,59,0,NULL,NULL,NULL),
	(8170,1,317,59,0,NULL,NULL,NULL),
	(8171,1,349,59,1,NULL,NULL,NULL),
	(8172,1,10,59,1,NULL,NULL,NULL),
	(8173,1,568,59,1,NULL,NULL,NULL),
	(8174,83,199,59,1,1,3,1),
	(8175,83,206,59,0,NULL,NULL,NULL),
	(8176,83,48,59,1,NULL,NULL,NULL),
	(8177,83,349,59,1,NULL,NULL,NULL),
	(8178,83,424,59,0,NULL,NULL,NULL),
	(8179,83,568,59,1,NULL,NULL,NULL),
	(8180,55,199,59,1,1,3,1),
	(8181,55,139,59,1,NULL,NULL,NULL),
	(8182,55,48,59,1,NULL,NULL,NULL),
	(8183,55,349,59,1,NULL,NULL,NULL),
	(8184,55,10,59,1,NULL,NULL,NULL),
	(8185,55,568,59,1,NULL,NULL,NULL),
	(8186,35,199,59,1,1,1,1),
	(8187,35,206,59,0,NULL,NULL,NULL),
	(8188,35,48,59,1,NULL,NULL,NULL),
	(8189,35,349,59,1,NULL,NULL,NULL),
	(8190,35,10,59,1,NULL,NULL,NULL),
	(8191,35,568,59,1,NULL,NULL,NULL),
	(8192,30,199,59,1,1,3,1),
	(8193,30,139,59,1,NULL,NULL,NULL),
	(8194,30,317,59,0,NULL,NULL,NULL),
	(8195,30,349,59,1,NULL,NULL,NULL),
	(8196,30,10,59,1,NULL,NULL,NULL),
	(8197,30,568,59,1,NULL,NULL,NULL),
	(8198,38,199,59,1,1,1,1),
	(8199,38,206,59,0,NULL,NULL,NULL),
	(8200,38,317,59,0,NULL,NULL,NULL),
	(8201,38,349,59,1,NULL,NULL,NULL),
	(8202,38,10,59,1,NULL,NULL,NULL),
	(8203,38,568,59,1,NULL,NULL,NULL),
	(8204,82,199,59,1,1,1,1),
	(8205,82,139,59,1,NULL,NULL,NULL),
	(8206,82,48,59,1,NULL,NULL,NULL),
	(8207,82,349,59,1,NULL,NULL,NULL),
	(8208,82,10,59,1,NULL,NULL,NULL),
	(8209,82,603,59,0,NULL,NULL,NULL),
	(8216,24,199,59,1,1,1,1),
	(8217,24,139,59,1,NULL,NULL,NULL),
	(8218,24,317,59,0,NULL,NULL,NULL),
	(8219,24,349,59,1,NULL,NULL,NULL),
	(8220,24,10,59,1,NULL,NULL,NULL),
	(8221,24,568,59,1,NULL,NULL,NULL),
	(8222,79,199,59,1,1,3,1),
	(8223,79,206,59,0,NULL,NULL,NULL),
	(8224,79,317,59,0,NULL,NULL,NULL),
	(8225,79,349,59,1,NULL,NULL,NULL),
	(8226,79,10,59,1,NULL,NULL,NULL),
	(8227,79,568,59,1,NULL,NULL,NULL),
	(8228,60,199,59,1,1,2,2),
	(8229,60,206,59,0,NULL,NULL,NULL),
	(8230,60,48,59,1,NULL,NULL,NULL),
	(8231,60,349,59,1,NULL,NULL,NULL),
	(8232,60,10,59,1,NULL,NULL,NULL),
	(8233,60,568,59,1,NULL,NULL,NULL),
	(8244,16,51,60,0,2,2,0),
	(8245,16,198,60,1,NULL,NULL,NULL),
	(8246,16,612,60,1,NULL,NULL,NULL),
	(8247,16,378,60,0,NULL,NULL,NULL),
	(8248,16,246,60,0,NULL,NULL,NULL),
	(8259,11,51,60,0,2,2,0),
	(8260,11,198,60,1,NULL,NULL,NULL),
	(8261,11,612,60,1,NULL,NULL,NULL),
	(8262,11,378,60,0,NULL,NULL,NULL),
	(8263,11,246,60,0,NULL,NULL,NULL),
	(8269,44,51,60,0,2,3,0),
	(8270,44,198,60,1,NULL,NULL,NULL),
	(8271,44,612,60,1,NULL,NULL,NULL),
	(8272,44,378,60,0,NULL,NULL,NULL),
	(8273,44,246,60,0,NULL,NULL,NULL),
	(8274,1,51,60,0,2,2,0),
	(8275,1,198,60,1,NULL,NULL,NULL),
	(8276,1,612,60,1,NULL,NULL,NULL),
	(8277,1,378,60,0,NULL,NULL,NULL),
	(8278,1,246,60,0,NULL,NULL,NULL),
	(8279,59,51,60,0,1,3,0),
	(8280,59,289,60,0,NULL,NULL,NULL),
	(8281,59,612,60,1,NULL,NULL,NULL),
	(8282,59,378,60,0,NULL,NULL,NULL),
	(8283,59,246,60,0,NULL,NULL,NULL),
	(8284,38,51,60,0,2,1,0),
	(8285,38,198,60,1,NULL,NULL,NULL),
	(8286,38,612,60,1,NULL,NULL,NULL),
	(8287,38,378,60,0,NULL,NULL,NULL),
	(8288,38,246,60,0,NULL,NULL,NULL),
	(8289,83,51,60,0,1,4,0),
	(8290,83,198,60,1,NULL,NULL,NULL),
	(8291,83,612,60,1,NULL,NULL,NULL),
	(8292,83,11,60,1,NULL,NULL,NULL),
	(8293,83,246,60,0,NULL,NULL,NULL),
	(8309,39,51,60,0,2,2,0),
	(8310,39,198,60,1,NULL,NULL,NULL),
	(8311,39,612,60,1,NULL,NULL,NULL),
	(8312,39,11,60,1,NULL,NULL,NULL),
	(8313,39,576,60,1,NULL,NULL,NULL),
	(8319,55,51,60,0,3,5,0),
	(8320,55,289,60,0,NULL,NULL,NULL),
	(8321,55,612,60,1,NULL,NULL,NULL),
	(8322,55,11,60,1,NULL,NULL,NULL),
	(8323,55,246,60,0,NULL,NULL,NULL),
	(8324,35,51,60,0,1,3,0),
	(8325,35,289,60,0,NULL,NULL,NULL),
	(8326,35,612,60,1,NULL,NULL,NULL),
	(8327,35,11,60,1,NULL,NULL,NULL),
	(8328,35,576,60,1,NULL,NULL,NULL),
	(8329,79,51,60,0,1,5,0),
	(8330,79,198,60,1,NULL,NULL,NULL),
	(8331,79,612,60,1,NULL,NULL,NULL),
	(8332,79,11,60,1,NULL,NULL,NULL),
	(8333,79,576,60,1,NULL,NULL,NULL),
	(8334,6,51,60,0,1,1,0),
	(8335,6,198,60,1,NULL,NULL,NULL),
	(8336,6,612,60,1,NULL,NULL,NULL),
	(8337,6,378,60,0,NULL,NULL,NULL),
	(8338,6,246,60,0,NULL,NULL,NULL),
	(8339,30,51,60,0,3,5,0),
	(8340,30,198,60,1,NULL,NULL,NULL),
	(8341,30,612,60,1,NULL,NULL,NULL),
	(8342,30,378,60,0,NULL,NULL,NULL),
	(8343,30,246,60,0,NULL,NULL,NULL),
	(8344,3,51,60,0,2,2,0),
	(8345,3,289,60,0,NULL,NULL,NULL),
	(8346,3,612,60,1,NULL,NULL,NULL),
	(8347,3,11,60,1,NULL,NULL,NULL),
	(8348,3,246,60,0,NULL,NULL,NULL),
	(8349,46,269,60,1,1,2,1),
	(8350,46,289,60,0,NULL,NULL,NULL),
	(8351,46,612,60,1,NULL,NULL,NULL),
	(8352,46,378,60,0,NULL,NULL,NULL),
	(8353,46,246,60,0,NULL,NULL,NULL),
	(8354,82,51,60,0,2,3,0),
	(8355,82,289,60,0,NULL,NULL,NULL),
	(8356,82,612,60,1,NULL,NULL,NULL),
	(8357,82,378,60,0,NULL,NULL,NULL),
	(8358,82,246,60,0,NULL,NULL,NULL),
	(8359,72,51,60,0,2,3,0),
	(8360,72,198,60,1,NULL,NULL,NULL),
	(8361,72,612,60,1,NULL,NULL,NULL),
	(8362,72,378,60,0,NULL,NULL,NULL),
	(8363,72,246,60,0,NULL,NULL,NULL),
	(8364,60,51,60,0,2,3,0),
	(8365,60,198,60,1,NULL,NULL,NULL),
	(8366,60,612,60,1,NULL,NULL,NULL),
	(8367,60,11,60,1,NULL,NULL,NULL),
	(8368,60,246,60,0,NULL,NULL,NULL),
	(8369,7,51,60,0,2,3,0),
	(8370,7,198,60,1,NULL,NULL,NULL),
	(8371,7,612,60,1,NULL,NULL,NULL),
	(8372,7,11,60,1,NULL,NULL,NULL),
	(8373,7,246,60,0,NULL,NULL,NULL),
	(8374,24,51,60,0,2,4,0),
	(8375,24,198,60,1,NULL,NULL,NULL),
	(8376,24,612,60,1,NULL,NULL,NULL),
	(8377,24,378,60,0,NULL,NULL,NULL),
	(8378,24,246,60,0,NULL,NULL,NULL),
	(8379,24,580,61,1,1,3,1),
	(8380,24,82,61,0,NULL,NULL,NULL),
	(8381,24,232,61,0,NULL,NULL,NULL),
	(8382,24,499,61,0,NULL,NULL,NULL),
	(8383,24,73,61,1,NULL,NULL,NULL),
	(8384,24,487,61,1,NULL,NULL,NULL),
	(8385,44,387,61,0,1,2,0),
	(8386,44,82,61,0,NULL,NULL,NULL),
	(8387,44,232,61,0,NULL,NULL,NULL),
	(8388,44,375,61,1,NULL,NULL,NULL),
	(8389,44,361,61,0,NULL,NULL,NULL),
	(8390,44,279,61,0,NULL,NULL,NULL),
	(8391,1,387,61,0,1,1,0),
	(8392,1,125,61,1,NULL,NULL,NULL),
	(8393,1,232,61,0,NULL,NULL,NULL),
	(8394,1,375,61,1,NULL,NULL,NULL),
	(8395,1,361,61,0,NULL,NULL,NULL),
	(8396,1,279,61,0,NULL,NULL,NULL),
	(8397,72,580,61,1,1,3,1),
	(8398,72,82,61,0,NULL,NULL,NULL),
	(8399,72,146,61,1,NULL,NULL,NULL),
	(8400,72,375,61,1,NULL,NULL,NULL),
	(8401,72,73,61,1,NULL,NULL,NULL),
	(8402,72,279,61,0,NULL,NULL,NULL),
	(8403,79,387,61,0,3,5,0),
	(8404,79,82,61,0,NULL,NULL,NULL),
	(8405,79,146,61,1,NULL,NULL,NULL),
	(8406,79,499,61,0,NULL,NULL,NULL),
	(8407,79,361,61,0,NULL,NULL,NULL),
	(8408,79,487,61,1,NULL,NULL,NULL),
	(8409,16,387,61,0,3,5,0),
	(8410,16,82,61,0,NULL,NULL,NULL),
	(8411,16,232,61,0,NULL,NULL,NULL),
	(8412,16,499,61,0,NULL,NULL,NULL),
	(8413,16,73,61,1,NULL,NULL,NULL),
	(8414,16,487,61,1,NULL,NULL,NULL),
	(8415,11,387,61,0,1,2,0),
	(8416,11,82,61,0,NULL,NULL,NULL),
	(8417,11,232,61,0,NULL,NULL,NULL),
	(8418,11,499,61,0,NULL,NULL,NULL),
	(8419,11,361,61,0,NULL,NULL,NULL),
	(8420,11,487,61,1,NULL,NULL,NULL),
	(8421,59,387,61,0,2,3,0),
	(8422,59,82,61,0,NULL,NULL,NULL),
	(8423,59,146,61,1,NULL,NULL,NULL),
	(8424,59,375,61,1,NULL,NULL,NULL),
	(8425,59,73,61,1,NULL,NULL,NULL),
	(8426,59,279,61,0,NULL,NULL,NULL),
	(8427,7,387,61,0,1,3,0),
	(8428,7,125,61,1,NULL,NULL,NULL),
	(8429,7,146,61,1,NULL,NULL,NULL),
	(8430,7,375,61,1,NULL,NULL,NULL),
	(8431,7,361,61,0,NULL,NULL,NULL),
	(8432,7,279,61,0,NULL,NULL,NULL),
	(8433,83,387,61,0,1,3,0),
	(8434,83,82,61,0,NULL,NULL,NULL),
	(8435,83,232,61,0,NULL,NULL,NULL),
	(8436,83,499,61,0,NULL,NULL,NULL),
	(8437,83,361,61,0,NULL,NULL,NULL),
	(8438,83,487,61,1,NULL,NULL,NULL),
	(8439,55,580,61,1,1,1,2),
	(8440,55,82,61,0,NULL,NULL,NULL),
	(8441,55,232,61,0,NULL,NULL,NULL),
	(8442,55,375,61,1,NULL,NULL,NULL),
	(8443,55,361,61,0,NULL,NULL,NULL),
	(8444,55,279,61,0,NULL,NULL,NULL),
	(8445,46,387,61,0,1,2,0),
	(8446,46,82,61,0,NULL,NULL,NULL),
	(8447,46,232,61,0,NULL,NULL,NULL),
	(8448,46,499,61,0,NULL,NULL,NULL),
	(8449,46,73,61,1,NULL,NULL,NULL),
	(8450,46,487,61,1,NULL,NULL,NULL),
	(8451,39,387,61,0,1,2,0),
	(8452,39,82,61,0,NULL,NULL,NULL),
	(8453,39,146,61,1,NULL,NULL,NULL),
	(8454,39,499,61,0,NULL,NULL,NULL),
	(8455,39,73,61,1,NULL,NULL,NULL),
	(8456,39,487,61,1,NULL,NULL,NULL),
	(8457,60,387,61,0,2,3,0),
	(8458,60,82,61,0,NULL,NULL,NULL),
	(8459,60,146,61,1,NULL,NULL,NULL),
	(8460,60,375,61,1,NULL,NULL,NULL),
	(8461,60,73,61,1,NULL,NULL,NULL),
	(8462,60,487,61,1,NULL,NULL,NULL),
	(8463,30,387,61,0,2,3,0),
	(8464,30,82,61,0,NULL,NULL,NULL),
	(8465,30,232,61,0,NULL,NULL,NULL),
	(8466,30,499,61,0,NULL,NULL,NULL),
	(8467,30,361,61,0,NULL,NULL,NULL),
	(8468,30,487,61,1,NULL,NULL,NULL),
	(8469,35,387,61,0,1,1,0),
	(8470,35,82,61,0,NULL,NULL,NULL),
	(8471,35,146,61,1,NULL,NULL,NULL),
	(8472,35,375,61,1,NULL,NULL,NULL),
	(8473,35,361,61,0,NULL,NULL,NULL),
	(8474,35,487,61,1,NULL,NULL,NULL),
	(8475,38,387,61,0,1,2,0),
	(8476,38,125,61,1,NULL,NULL,NULL),
	(8477,38,232,61,0,NULL,NULL,NULL),
	(8478,38,375,61,1,NULL,NULL,NULL),
	(8479,38,73,61,1,NULL,NULL,NULL),
	(8480,38,487,61,1,NULL,NULL,NULL),
	(8481,82,387,61,0,1,3,0),
	(8482,82,82,61,0,NULL,NULL,NULL),
	(8483,82,146,61,1,NULL,NULL,NULL),
	(8484,82,375,61,1,NULL,NULL,NULL),
	(8485,82,361,61,0,NULL,NULL,NULL),
	(8486,82,487,61,1,NULL,NULL,NULL),
	(8487,3,580,61,1,1,1,2),
	(8488,3,125,61,1,NULL,NULL,NULL),
	(8489,3,232,61,0,NULL,NULL,NULL),
	(8490,3,375,61,1,NULL,NULL,NULL),
	(8491,3,361,61,0,NULL,NULL,NULL),
	(8492,3,487,61,1,NULL,NULL,NULL),
	(8499,6,580,61,1,3,5,0),
	(8500,6,82,61,0,NULL,NULL,NULL),
	(8501,6,146,61,1,NULL,NULL,NULL),
	(8502,6,499,61,0,NULL,NULL,NULL),
	(8503,6,361,61,0,NULL,NULL,NULL),
	(8504,6,487,61,1,NULL,NULL,NULL);

/*!40000 ALTER TABLE `Pick` ENABLE KEYS */;
UNLOCK TABLES;


# Dump of table Result
# ------------------------------------------------------------

DROP TABLE IF EXISTS `Result`;

CREATE TABLE `Result` (
  `id` smallint(6) unsigned NOT NULL AUTO_INCREMENT,
  `fighterId` smallint(4) unsigned NOT NULL,
  `eventId` smallint(4) unsigned NOT NULL,
  `finishTypeId` smallint(4) unsigned DEFAULT NULL,
  `roundId` smallint(4) unsigned DEFAULT NULL,
  PRIMARY KEY (`id`),
  KEY `fighterId` (`fighterId`),
  KEY `eventId` (`eventId`),
  KEY `finishTypeId` (`finishTypeId`),
  KEY `roundId` (`roundId`),
  CONSTRAINT `fk_result_event_id` FOREIGN KEY (`eventId`) REFERENCES `Event` (`id`) ON DELETE NO ACTION ON UPDATE NO ACTION,
  CONSTRAINT `fk_result_fighter_id` FOREIGN KEY (`fighterId`) REFERENCES `Fighter` (`id`) ON DELETE NO ACTION ON UPDATE NO ACTION,
  CONSTRAINT `fk_result_finish_type_id` FOREIGN KEY (`finishTypeId`) REFERENCES `FinishType` (`id`) ON DELETE NO ACTION ON UPDATE NO ACTION,
  CONSTRAINT `fk_result_round_id` FOREIGN KEY (`roundId`) REFERENCES `Round` (`id`) ON DELETE NO ACTION ON UPDATE NO ACTION
) ENGINE=InnoDB DEFAULT CHARSET=latin1;

LOCK TABLES `Result` WRITE;
/*!40000 ALTER TABLE `Result` DISABLE KEYS */;

INSERT INTO `Result` (`id`, `fighterId`, `eventId`, `finishTypeId`, `roundId`)
VALUES
	(1,256,1,NULL,NULL),
	(2,253,1,NULL,NULL),
	(3,129,1,NULL,NULL),
	(4,126,1,NULL,NULL),
	(5,51,1,1,2),
	(6,262,2,NULL,NULL),
	(7,260,2,NULL,NULL),
	(8,259,2,NULL,NULL),
	(9,258,2,NULL,NULL),
	(10,56,2,NULL,NULL),
	(11,257,2,2,5),
	(12,191,3,NULL,NULL),
	(13,266,3,NULL,NULL),
	(14,52,3,NULL,NULL),
	(15,264,3,2,2),
	(16,2,3,3,5),
	(17,140,4,1,1),
	(18,199,4,1,1),
	(19,105,4,3,3),
	(20,268,4,3,5),
	(21,276,5,1,2),
	(22,71,5,2,1),
	(23,275,5,1,3),
	(24,273,5,3,5),
	(25,82,5,2,3),
	(26,136,5,1,1),
	(27,8,6,3,3),
	(28,221,6,3,3),
	(29,58,6,3,3),
	(30,55,6,3,3),
	(31,59,6,3,5),
	(32,207,7,3,5),
	(33,141,7,1,1),
	(34,55,7,3,3),
	(35,154,7,1,2),
	(36,318,9,1,1),
	(37,111,9,3,3),
	(38,91,9,1,1),
	(39,62,9,1,1),
	(40,286,10,1,2),
	(41,186,10,2,2),
	(42,251,10,1,2),
	(43,4,10,3,3),
	(44,282,10,3,5),
	(45,331,11,2,3),
	(46,330,11,3,3),
	(47,328,11,3,3),
	(48,75,11,2,3),
	(49,330,11,3,3),
	(50,67,11,3,3),
	(51,97,11,2,4),
	(52,209,12,3,3),
	(53,335,12,3,3),
	(54,334,12,3,3),
	(55,174,12,1,1),
	(56,45,12,3,3),
	(57,290,12,1,1),
	(58,191,13,2,1),
	(59,175,13,1,1),
	(60,85,13,2,2),
	(61,343,13,3,3),
	(62,137,13,2,1),
	(63,345,14,3,3),
	(64,199,14,3,3),
	(65,1,14,3,3),
	(66,350,14,1,2),
	(67,105,14,3,5),
	(68,355,15,2,1),
	(69,227,15,1,1),
	(70,15,15,2,1),
	(71,71,15,2,1),
	(72,353,15,2,3),
	(73,351,15,3,5),
	(74,224,16,1,1),
	(75,37,16,3,5),
	(76,362,16,1,1),
	(77,203,16,3,3),
	(78,251,16,3,3),
	(79,243,16,1,1),
	(80,44,17,3,3),
	(81,368,17,3,3),
	(82,371,17,2,1),
	(83,374,17,1,3),
	(84,377,18,3,NULL),
	(85,67,18,2,3),
	(86,198,18,2,1),
	(87,63,18,2,2),
	(88,387,19,1,1),
	(89,383,19,1,1),
	(90,177,19,3,3),
	(91,396,19,3,3),
	(92,108,19,2,5),
	(93,188,20,2,1),
	(94,398,20,1,1),
	(95,122,20,1,1),
	(96,269,20,1,5),
	(97,411,21,3,3),
	(98,409,21,3,3),
	(99,75,21,1,2),
	(100,90,21,3,3),
	(101,91,21,3,3),
	(102,257,21,3,5),
	(103,260,22,3,3),
	(104,113,22,1,1),
	(105,55,22,1,2),
	(106,135,22,1,1),
	(107,84,22,2,3),
	(108,427,23,1,2),
	(109,356,23,3,3),
	(110,424,23,3,3),
	(111,354,23,2,1),
	(112,121,23,2,3),
	(113,3,23,1,2),
	(114,87,24,1,1),
	(115,434,24,1,1),
	(116,428,24,1,3),
	(117,224,24,1,1),
	(118,200,24,2,1),
	(119,12,24,1,1),
	(120,436,25,3,3),
	(121,435,25,3,3),
	(122,126,25,1,2),
	(123,223,25,3,3),
	(124,51,25,2,3),
	(125,445,26,3,3),
	(126,441,26,2,1),
	(127,38,26,3,3),
	(128,350,26,1,3),
	(129,130,27,3,3),
	(130,142,27,1,1),
	(131,272,27,2,3),
	(132,73,27,1,2),
	(133,57,27,1,3),
	(134,387,28,1,2),
	(135,48,28,2,1),
	(136,125,28,1,2),
	(137,2,28,1,5),
	(138,154,28,1,2),
	(139,455,29,1,1),
	(140,456,29,2,3),
	(141,361,29,1,1),
	(142,465,29,3,3),
	(143,463,29,2,2),
	(144,302,29,1,1),
	(145,175,30,3,3),
	(146,330,30,2,1),
	(147,469,30,3,3),
	(148,343,30,3,3),
	(149,290,30,1,1),
	(150,191,30,3,3),
	(151,484,31,1,1),
	(152,248,31,3,3),
	(153,370,31,3,3),
	(154,478,31,2,1),
	(155,145,31,3,3),
	(156,177,31,3,5),
	(157,53,32,3,3),
	(158,56,32,3,3),
	(159,83,32,1,4),
	(160,485,32,1,4),
	(161,202,32,1,1),
	(162,496,33,3,3),
	(163,206,33,1,2),
	(164,139,33,3,3),
	(165,504,33,3,3),
	(166,501,33,2,3),
	(167,11,33,3,3),
	(168,137,33,1,1),
	(169,331,34,3,3),
	(170,227,34,2,1),
	(171,119,34,3,3),
	(172,119,34,3,3),
	(173,325,34,1,1),
	(174,42,34,3,3),
	(175,60,34,2,3),
	(176,507,35,3,3),
	(177,391,35,3,3),
	(178,356,35,1,1),
	(179,388,35,1,3),
	(180,75,35,3,3),
	(181,67,35,1,1),
	(182,377,36,2,3),
	(183,378,36,3,3),
	(184,62,36,1,2),
	(185,113,36,3,3),
	(186,108,36,3,5),
	(187,155,37,1,1),
	(188,86,37,3,3),
	(189,221,37,3,3),
	(190,141,37,1,2),
	(191,512,37,3,5),
	(192,362,38,3,3),
	(193,260,38,3,3),
	(194,519,38,3,3),
	(195,111,38,3,3),
	(196,84,38,3,5),
	(197,47,39,2,2),
	(198,16,39,3,3),
	(199,79,39,2,2),
	(200,378,40,3,3),
	(201,275,40,3,3),
	(202,354,40,1,3),
	(203,387,40,1,1),
	(204,60,40,1,2),
	(205,289,40,1,1),
	(206,119,41,3,3),
	(207,122,41,3,3),
	(208,214,41,1,1),
	(209,350,41,3,5),
	(210,343,41,1,2),
	(211,451,42,3,3),
	(212,535,42,3,3),
	(213,533,42,3,3),
	(214,345,42,3,3),
	(215,129,42,3,3),
	(216,75,42,3,5),
	(217,544,43,1,1),
	(218,543,43,3,3),
	(219,179,43,1,1),
	(220,97,43,3,5),
	(221,142,44,3,3),
	(222,546,44,2,2),
	(223,203,44,2,2),
	(224,419,44,2,5),
	(225,561,45,3,3),
	(226,38,45,3,3),
	(227,145,45,3,3),
	(228,191,45,2,2),
	(229,560,45,3,3),
	(230,257,45,1,1),
	(231,67,46,3,3),
	(232,351,46,3,3),
	(233,57,46,3,3),
	(234,63,46,1,4),
	(235,154,46,1,1),
	(236,568,47,3,3),
	(237,270,47,3,3),
	(238,199,47,1,2),
	(239,105,47,1,1),
	(240,162,48,2,1),
	(241,428,48,2,3),
	(242,317,48,3,3),
	(243,269,48,1,1),
	(244,2,48,3,5),
	(245,356,49,3,3),
	(246,52,49,1,3),
	(247,223,49,3,3),
	(248,573,49,3,5),
	(249,576,50,2,2),
	(250,482,50,3,3),
	(251,200,50,2,2),
	(252,62,50,1,1),
	(253,184,51,1,3),
	(254,578,51,2,2),
	(255,260,51,3,3),
	(256,9,51,3,3),
	(257,36,51,3,3),
	(258,302,51,1,1),
	(259,89,52,3,3),
	(260,375,52,1,1),
	(261,160,52,3,3),
	(262,580,52,1,1),
	(263,325,52,1,1),
	(264,55,52,2,1),
	(265,46,53,3,3),
	(266,585,53,3,3),
	(267,91,53,3,3),
	(268,177,53,3,5),
	(269,227,54,3,3),
	(270,378,54,3,3),
	(271,229,54,3,3),
	(272,53,54,3,5),
	(273,270,54,2,2),
	(274,401,55,3,3),
	(275,385,55,1,1),
	(276,328,55,1,3),
	(277,397,55,2,3),
	(278,75,55,1,3),
	(279,214,55,1,1),
	(280,371,56,3,3),
	(281,230,56,3,3),
	(282,505,56,3,3),
	(283,593,56,1,2),
	(284,201,56,1,1),
	(285,596,56,3,5),
	(286,124,57,3,3),
	(287,301,57,1,2),
	(288,419,57,3,3),
	(289,60,57,1,1),
	(290,435,58,1,2),
	(291,122,58,3,3),
	(292,56,58,3,3),
	(293,108,58,1,1),
	(294,59,58,3,5),
	(295,568,59,3,3),
	(296,10,59,2,2),
	(297,349,59,1,1),
	(298,48,59,2,2),
	(299,139,59,1,1),
	(300,199,59,1,2),
	(301,576,60,3,3),
	(302,11,60,3,3),
	(303,612,60,1,1),
	(304,198,60,1,1),
	(305,269,60,1,1),
	(306,487,61,3,3),
	(307,73,61,3,3),
	(308,375,61,3,3),
	(309,146,61,3,3),
	(310,125,61,3,3),
	(311,580,61,1,1);

/*!40000 ALTER TABLE `Result` ENABLE KEYS */;
UNLOCK TABLES;


# Dump of table Round
# ------------------------------------------------------------

DROP TABLE IF EXISTS `Round`;

CREATE TABLE `Round` (
  `id` smallint(4) unsigned NOT NULL AUTO_INCREMENT,
  `round` varchar(4) NOT NULL DEFAULT '0',
  PRIMARY KEY (`id`)
) ENGINE=InnoDB DEFAULT CHARSET=latin1;

LOCK TABLES `Round` WRITE;
/*!40000 ALTER TABLE `Round` DISABLE KEYS */;

INSERT INTO `Round` (`id`, `round`)
VALUES
	(1,'1'),
	(2,'2'),
	(3,'3'),
	(4,'4'),
	(5,'5');

/*!40000 ALTER TABLE `Round` ENABLE KEYS */;
UNLOCK TABLES;


# Dump of table Settings
# ------------------------------------------------------------

DROP TABLE IF EXISTS `Settings`;

CREATE TABLE `Settings` (
  `id` smallint(4) unsigned NOT NULL AUTO_INCREMENT,
  `isOpenEnrollment` smallint(4) NOT NULL DEFAULT '0',
  `round` smallint(4) unsigned NOT NULL DEFAULT '0',
  `createdon` datetime DEFAULT NULL,
  `updatedon` timestamp NULL DEFAULT NULL ON UPDATE CURRENT_TIMESTAMP,
  PRIMARY KEY (`id`)
) ENGINE=InnoDB DEFAULT CHARSET=utf8;

LOCK TABLES `Settings` WRITE;
/*!40000 ALTER TABLE `Settings` DISABLE KEYS */;

INSERT INTO `Settings` (`id`, `isOpenEnrollment`, `round`, `createdon`, `updatedon`)
VALUES
	(1,0,15,'2015-02-17 22:58:57','2016-02-21 21:12:27');

/*!40000 ALTER TABLE `Settings` ENABLE KEYS */;
UNLOCK TABLES;


# Dump of table Standing
# ------------------------------------------------------------

DROP TABLE IF EXISTS `Standing`;

CREATE TABLE `Standing` (
  `id` smallint(6) unsigned NOT NULL AUTO_INCREMENT,
  `userId` smallint(4) unsigned NOT NULL,
  `win` smallint(4) unsigned DEFAULT NULL,
  `loss` smallint(4) unsigned NOT NULL DEFAULT '0',
  `tiebreakerWin` smallint(4) unsigned DEFAULT NULL,
  PRIMARY KEY (`id`),
  KEY `userId` (`userId`),
  CONSTRAINT `fk_standing_user_id` FOREIGN KEY (`userId`) REFERENCES `User` (`id`) ON DELETE NO ACTION ON UPDATE NO ACTION
) ENGINE=InnoDB DEFAULT CHARSET=latin1;

LOCK TABLES `Standing` WRITE;
/*!40000 ALTER TABLE `Standing` DISABLE KEYS */;

INSERT INTO `Standing` (`id`, `userId`, `win`, `loss`, `tiebreakerWin`)
VALUES
	(1,1,33,20,1),
	(2,3,34,19,5),
	(3,6,36,17,2),
	(4,7,33,20,3),
	(5,11,33,20,3),
	(6,16,28,19,2),
	(7,17,0,0,0),
	(8,18,0,0,0),
	(9,20,0,0,0),
	(10,21,0,0,0),
	(11,22,0,0,0),
	(12,23,0,0,0),
	(13,24,33,20,5),
	(14,26,0,0,0),
	(15,27,0,0,0),
	(16,28,0,0,0),
	(17,29,0,0,0),
	(18,30,34,19,5),
	(19,32,0,0,0),
	(20,33,0,0,0),
	(21,34,0,0,0),
	(22,35,33,20,3),
	(24,37,0,0,0),
	(25,38,36,17,3),
	(26,39,29,18,1),
	(28,44,30,23,6),
	(29,45,0,0,0),
	(30,46,26,27,4),
	(31,47,0,0,0),
	(32,48,0,0,0),
	(33,49,0,0,0),
	(34,50,0,0,0),
	(35,51,0,0,0),
	(36,52,0,0,0),
	(39,54,0,0,0),
	(40,55,32,21,5),
	(41,56,0,0,0),
	(42,57,0,0,0),
	(43,58,0,0,0),
	(44,59,24,23,1),
	(45,60,37,16,5),
	(46,61,0,0,0),
	(48,63,0,0,0),
	(49,64,0,0,0),
	(51,66,0,0,0),
	(57,72,32,21,2),
	(58,73,0,0,0),
	(59,74,0,0,0),
	(60,75,0,0,0),
	(61,76,0,0,0),
	(62,77,0,0,0),
	(63,78,0,0,0),
	(64,79,29,24,1),
	(65,80,0,0,0),
	(66,81,0,0,0),
	(67,82,29,24,4),
	(68,83,31,22,2),
	(69,84,0,0,0),
	(70,85,0,0,0);

/*!40000 ALTER TABLE `Standing` ENABLE KEYS */;
UNLOCK TABLES;


# Dump of table User
# ------------------------------------------------------------

DROP TABLE IF EXISTS `User`;

CREATE TABLE `User` (
  `id` smallint(4) unsigned NOT NULL AUTO_INCREMENT,
  `firstname` varchar(255) NOT NULL,
  `lastname` varchar(255) NOT NULL DEFAULT '',
  `username` varchar(255) NOT NULL,
  `email` varchar(255) NOT NULL,
  `phone` varchar(15) DEFAULT NULL,
  `password` varchar(255) NOT NULL,
  `roles` tinyint(2) unsigned NOT NULL DEFAULT '2',
  `createdOn` datetime DEFAULT NULL,
  `updatedOn` timestamp NULL DEFAULT NULL ON UPDATE CURRENT_TIMESTAMP,
  PRIMARY KEY (`id`)
) ENGINE=InnoDB DEFAULT CHARSET=latin1;

LOCK TABLES `User` WRITE;
/*!40000 ALTER TABLE `User` DISABLE KEYS */;

INSERT INTO `User` (`id`, `firstname`, `lastname`, `username`, `email`, `phone`, `password`, `roles`, `createdOn`, `updatedOn`)
VALUES
	(1,'John','Aleman','john','lunarvision@gmail.com','916-230-4478','cde7085cc52a9cb0bc94a2a73fd5e41a',1,NULL,'2015-11-21 00:36:57'),
	(3,'Jake','Phelps','jakep','jakedesilva1@gmail.com',NULL,'91d0c232b58efbd31cb141992cf80616',1,NULL,NULL),
	(6,'Jeff','Brundage','jeffb','jephprospect@gmail.com',NULL,'6297a8ca3e9edc006ac283873ed1a3b3',2,NULL,'2016-02-21 02:46:25'),
	(7,'Joe','Victor','joev','joemommabee@yahoo.com',NULL,'6297a8ca3e9edc006ac283873ed1a3b3',1,NULL,NULL),
	(11,'John','Meek','jtmeek81','jtmeek81@gmail.com',NULL,'968a415992e9e909b782e3b30ca12c18',2,NULL,NULL),
	(16,'Henry','Haynes','henry1982ca','henry1982ca@gmail.com',NULL,'3b10c87bf39b8052b7b0b2d35b297a08',2,NULL,NULL),
	(17,'John','walker','Texas_ranger 10','goldpride3267@gmail.com',NULL,'367cd5467730adc16c4ff5767f3b815e',2,NULL,NULL),
	(18,'Ryan','Blair','Blair402','rblair21402@gmail.com',NULL,'1638e83cc69b44890b599ce1e576a8fc',2,NULL,NULL),
	(20,'chill','will','chillwill','chill.will10@yahoo.com',NULL,'5f4dcc3b5aa765d61d8327deb882cf99',2,NULL,NULL),
	(21,'Trenton','Trull','ibetrullin26','ibetrullin26@gmail.com',NULL,'49ff9b087a301c6851a82f9ae8702683',2,NULL,NULL),
	(22,'Emerson','Carias','chuteboxer','dirty3rdworld@hotmail.com',NULL,'94e8fb526794f93ac5393c22583fc044',2,NULL,NULL),
	(23,'Nic','Hesketh','azdabs710','kiyote10609@gmail.com',NULL,'f56439b5825390a9ea8c262a169c8603',2,NULL,NULL),
	(24,'Chris','Smith','Neonfever','Kurisu_oleander@yahoo.com',NULL,'77f85ee76db8b4c6b77ea5ef95c55e3a',2,NULL,NULL),
	(26,'Brandon','Casey','bqc','bqc.sun@gmail.com',NULL,'7b32458404b85798a8a8019c081298ec',2,NULL,NULL),
	(27,'Marcus','Knox','Hard Knox','Marcus.w.knox@gmail.com',NULL,'d1593bbb3d612c0af6c5415061e62632',2,NULL,NULL),
	(28,'Aaron','Anthony','kryos','kidkryos@hotmail.com',NULL,'a7b2fe0bf2d333da5a16ddc8c18e808a',2,NULL,NULL),
	(29,'Adrian','Montano','ElCunado','Dridri71@gmail.com',NULL,'f2912c3ed6003da27dbdfbbb22c79dea',2,NULL,NULL),
	(30,'George','Tamayo','geotameo ','geotameo@gmail.com',NULL,'f178a3b75ff7b23ade97c8d84f773c73',2,NULL,NULL),
	(32,'Tj','Brackett','Brack2420','Brack2420@yahoo.com',NULL,'e1fd1773edf9d785789a4181c3e05399',2,NULL,NULL),
	(33,'Jeff ','Row ','Jefrowbjj ','Jeffsjonesbjj@gmail.com',NULL,'6297a8ca3e9edc006ac283873ed1a3b3',2,NULL,NULL),
	(34,'jeremy','huls','jeremy','tankr916@gmail.com',NULL,'7e60dd244f61c335ef9b7d157cee3b50',2,NULL,NULL),
	(35,'Chris','Jones','Chrisjonesuncut ','Chrisjonesuncut@me.com',NULL,'bfd80f5157391693e3fa8c789a4cfb77',2,NULL,NULL),
	(37,'Trinidad','Bautista','tdad','Trinidad_Bautista@hotmail.com',NULL,'f70c1349cda2fe3ea76c68600d0e4d81',2,NULL,NULL),
	(38,'Rodd','Lal','XXXCa9eFi9hterX','rlal7633@gmail.com',NULL,'c75d00d290e0a3c45cf7fe360f75cf69',2,NULL,NULL),
	(39,'morgan','Olson','morganolson1','Molsoness@yahoo.com',NULL,'436d194a487ce3c0f3d887ddac3af6c4',2,NULL,NULL),
	(44,'Chapin','Cole','chapincole','chapincole23@gmail.com',NULL,'74e9661e9e9eb93e782d432cc668611d',1,NULL,NULL),
	(45,'MoMo','Salehi','MoMo','contactmomo@gmail.com',NULL,'abaf31ea230cb68e1d404cb81543b284',2,NULL,NULL),
	(46,'Jess','Tannehill','Electrickitt3n','Aishiteru_grapes@yahoo.com','','8470d5d9b830fe655ef9fd73f13f0f53',2,NULL,NULL),
	(47,'dustin','zahorsky','zahorskytam','Zahorsky135@gmail.com',NULL,'1c1aad423831cdf6badf4fe0aef7ba82',2,NULL,NULL),
	(48,'Shaun','Klein','KleinMMA','shaunklein@rogers.com',NULL,'d410882410513a17e215e4af121bf360',2,NULL,NULL),
	(49,'tony','bembridge ','slumdogg ','tony.bembridge@googlemail.com',NULL,'9a65f27b8b087801c50d6ab1b83361c0',2,NULL,NULL),
	(50,'Griffin','Brown','Shadowz','cursedone87@gmail.com',NULL,'59b2c8242e59fb0e01a5766a158c5532',2,NULL,NULL),
	(51,'Levin','Dannenhauer','NameDonut80085','levindannenhauer@gmail.com',NULL,'f9cbc7e94f9ec3047742ec72e70a1830',2,NULL,NULL),
	(52,'Kaden','may','kadenmay','kadenmaybjj@yahoo.com',NULL,'7c52fe9dae528e0e3f028a6b14dc66a6',2,NULL,NULL),
	(54,'Randy','Brundage ','Rbrundage','Col3v17@yahoo.com',NULL,'744f63bce343fcbbfd9bf00ff84ad3c0',2,NULL,NULL),
	(55,'Roxanne','Burdette','Roxiburdette','Roxiburdette@gmail.com',NULL,'0ef66d37ff310195c5e16fd9bd73f6bb',2,NULL,NULL),
	(56,'Ann','Olson','Annolson','oc4you@gmail.com',NULL,'d322bd3f3e91d521d85c7e72051024e4',2,NULL,NULL),
	(57,'Alexander','Sabatoni','chickendinner','repaim5634@gmail.com',NULL,'cff93772e862483b146c4ad6d6f8adec',2,NULL,NULL),
	(58,'dave','canubida','dcan129','dec129@msn.com',NULL,'efbb3acebcd98e62cea3c259e970bb10',2,NULL,NULL),
	(59,'Christopher','Zarate','Crraasss','chriszarate1@gmail.com',NULL,'bbc590179645d814cccd6fff54a18bc0',2,NULL,NULL),
	(60,'Nate','Kelsch','onenate7 ','kelschn@msn.com',NULL,'819a07afa4abc8660ec9042038a8c597',2,NULL,NULL),
	(61,'Tresure','Gathers','Tresure','tresuregathers17399@gmail.com',NULL,'7021cc9199902a35424e7639572e3bda',2,NULL,NULL),
	(63,'Erick','Ortega','Hamburglar','Artislife29@aol.com',NULL,'c9cb9008106f86a337afced6172b06af',2,NULL,NULL),
	(64,'Brandon','Smith','GRAPPLETON','helixperspective@yahoo.com',NULL,'5db42839ed535959857e69f9b0a3a91e',2,NULL,NULL),
	(66,'jason','probst','scrappykid','jasonprobst@gmail.com',NULL,'6297a8ca3e9edc006ac283873ed1a3b3',2,NULL,NULL),
	(72,'Joel','Mckinney','Jiggadelyan','jmckinney84@hotmail.com',NULL,'7e60dd244f61c335ef9b7d157cee3b50',2,NULL,'2016-04-15 18:03:32'),
	(73,'Dylan','Carlone','dylcar','dylancarlone@gmail.com',NULL,'c6ccb1cab70775690e9c7fcc48f42cb5',2,NULL,NULL),
	(74,'Jaimee ','Lee','loveleelynne','jlee2338@aol.com',NULL,'6297a8ca3e9edc006ac283873ed1a3b3',2,NULL,'2015-12-10 21:25:10'),
	(75,'mark','quitugua','Guam Style','guamflava@gmail.com',NULL,'e10adc3949ba59abbe56e057f20f883e',2,NULL,NULL),
	(76,'noah','vanaman','chino3','noahvanaman@yahoo.com',NULL,'9672a67ec353dfa273eb43062d41986a',2,NULL,NULL),
	(77,'Brandon','Piper','piper4142','piper4142@hotmail.com',NULL,'4811a178f83d0c8709f727f193553f1d',2,NULL,NULL),
	(78,'Joel','Mckinney','Jiggadelyan','jmckinney84@hotmail.com','jmckinney84@hot','7e60dd244f61c335ef9b7d157cee3b50',2,NULL,'2016-04-15 18:03:33'),
	(79,'Jeremy','Lambert','Jlamsac','Jeremy.a.lambert@gmail.com','9167470776','86a18b121ef160d76fe23869f60e77d1',2,NULL,NULL),
	(80,'tristan*','wolf*','twolf96*','tristan.wolf1996@gmail.com','8123192898','2aaaadc01b2a743203da8066b468225d',2,NULL,NULL),
	(81,'Seth','Rewerts','Sethy1428','Seth.rewerts123@gmail.com','9892929748','3a88c37e7c24d2d10ffbb9d54a836fa2',2,NULL,NULL),
	(82,'Ron','Schultz','RDG','freshwhiteboy@hotmail.com','916-798-8363','413cfa0bdd26a1af11f37ccd833b1ed2',2,NULL,NULL),
	(83,'Kaan','Clark','Kaanjitsu ','kaanjitsu@yahoo.com','','48ea623a2a408843fcffa83973f4ce76',2,NULL,NULL),
	(84,'Rudy','Benavidez','Rudyb','rbenavidezjr10@gmail.com','5623199412','8c73d460659488e1540a32bcb2c1e0a7',2,NULL,NULL),
	(85,'Pete','Thrasher','pete','pete@zeemee.com','','3dbe00a167653a1aaee01d93e77e730e',2,NULL,NULL);

/*!40000 ALTER TABLE `User` ENABLE KEYS */;
UNLOCK TABLES;



/*!40111 SET SQL_NOTES=@OLD_SQL_NOTES */;
/*!40101 SET SQL_MODE=@OLD_SQL_MODE */;
/*!40014 SET FOREIGN_KEY_CHECKS=@OLD_FOREIGN_KEY_CHECKS */;
/*!40101 SET CHARACTER_SET_CLIENT=@OLD_CHARACTER_SET_CLIENT */;
/*!40101 SET CHARACTER_SET_RESULTS=@OLD_CHARACTER_SET_RESULTS */;
/*!40101 SET COLLATION_CONNECTION=@OLD_COLLATION_CONNECTION */;
